impl,head_label,num_q_heads,num_kv_heads,head_dim,num_requests,cache_alloc_len,dtype_label,position_mode,layout,request_mapping,seed,validation,validation_detail,validation_cases,device_median_ms,device_p95_ms,device_min_ms,device_std_ms,amortized_call_ms,synchronized_call_ms,logical_read_bytes,logical_write_bytes,logical_total_bytes,logical_eff_gbps,pct_of_empirical_bw,pct_of_scattered_write_bw
eager,mha,32,32,128,1,128,bf16,uniform,packed,identity,1234,pass,q_maxdiff=0.00e+00 k_maxdiff=0.00e+00 cases=4,uniform[0]|uniform[1]|permuted-requests|strided-qkv,0.09300800040364265,0.10496000200510025,0.08124800026416779,0.012132517612002703,0.07874854025430977,0.08868204895406961,25088,24576,49664,0.5339755696764223,0.09657952522579846,0.14635522710494092
compile,mha,32,32,128,1,128,bf16,uniform,packed,identity,1234,pass,q_maxdiff=0.00e+00 k_maxdiff=0.00e+00 cases=4,uniform[0]|uniform[1]|permuted-requests|strided-qkv,0.030672000721096992,0.03619199991226196,0.02879999950528145,0.002416830564389712,0.023152200737968087,0.02723099896684289,25088,24576,49664,1.6191966233829613,0.29286216451495345,0.44379912303173397
graph_eager,mha,32,32,128,1,128,bf16,uniform,packed,identity,1234,pass,q_maxdiff=0.00e+00 k_maxdiff=0.00e+00 cases=4,uniform[0]|uniform[1]|permuted-requests|strided-qkv,0.03171199932694435,0.03244800120592117,0.030527999624609947,0.0007774030014063738,0.03084985888563097,0.035772041883319616,25088,24576,49664,1.5660948869219542,0.2832577166950329,0.429244680580131
graph_compile,mha,32,32,128,1,128,bf16,uniform,packed,identity,1234,pass,q_maxdiff=0.00e+00 k_maxdiff=0.00e+00 cases=4,uniform[0]|uniform[1]|permuted-requests|strided-qkv,0.010928000323474407,0.015039999969303608,0.008832000195980072,0.0012555623916951646,0.0059821398463100195,0.011275988072156906,25088,24576,49664,4.544655795197672,0.8219864801695725,1.2456265207470036
eager,mha,32,32,128,1,128,bf16,uniform,packed,permuted,1234,pass,q_maxdiff=0.00e+00 k_maxdiff=0.00e+00 cases=4,uniform[0]|uniform[1]|permuted-requests|strided-qkv,0.09094399958848953,0.09808000177145004,0.08822400122880936,0.004168342520517333,0.07844686973839998,0.08786504622548819,25088,24576,49664,0.5460943022598909,0.0987714259525659,0.14967680202371927
compile,mha,32,32,128,1,128,bf16,uniform,packed,permuted,1234,pass,q_maxdiff=0.00e+00 k_maxdiff=0.00e+00 cases=4,uniform[0]|uniform[1]|permuted-requests|strided-qkv,0.031136000528931618,0.03590400144457817,0.0297279991209507,0.002196805938390388,0.02320478903129697,0.02819305518642068,25088,24576,49664,1.595066776603249,0.288497827870923,0.43718546988727974
graph_eager,mha,32,32,128,1,128,bf16,uniform,packed,permuted,1234,pass,q_maxdiff=0.00e+00 k_maxdiff=0.00e+00 cases=4,uniform[0]|uniform[1]|permuted-requests|strided-qkv,0.03174399957060814,0.032896000891923904,0.03062400035560131,0.0007833075497847417,0.030905159655958414,0.0357719836756587,25088,24576,49664,1.5645161501950133,0.2829721724637924,0.42881197094820844
graph_compile,mha,32,32,128,1,128,bf16,uniform,packed,permuted,1234,pass,q_maxdiff=0.00e+00 k_maxdiff=0.00e+00 cases=4,uniform[0]|uniform[1]|permuted-requests|strided-qkv,0.010975999757647514,0.01772800087928772,0.006016000173985958,0.0035044233463130503,0.005971320206299424,0.011652009561657906,25088,24576,49664,4.524781441016038,0.8183918294026943,1.2401792385397303
eager,mha,32,32,128,1,128,bf16,uniform,strided,identity,1234,pass,q_maxdiff=0.00e+00 k_maxdiff=0.00e+00 cases=4,uniform[0]|uniform[1]|permuted-requests|strided-qkv,0.0912800021469593,0.10035199671983719,0.0857279971241951,0.003615167739307656,0.07858352037146688,0.08986401371657848,25088,24576,49664,0.5440841239249948,0.09840784739161958,0.1491258402879541
compile,mha,32,32,128,1,128,bf16,uniform,strided,identity,1234,pass,q_maxdiff=0.00e+00 k_maxdiff=0.00e+00 cases=4,uniform[0]|uniform[1]|permuted-requests|strided-qkv,0.030112000182271004,0.03846399858593941,0.02860799990594387,0.0033343704305720877,0.0229367904830724,0.028077454771846533,25088,24576,49664,1.6493092355000913,0.29830859679900606,0.4520525683865397
graph_eager,mha,32,32,128,1,128,bf16,uniform,strided,identity,1234,pass,q_maxdiff=0.00e+00 k_maxdiff=0.00e+00 cases=4,uniform[0]|uniform[1]|permuted-requests|strided-qkv,0.03167999908328056,0.03270399942994118,0.03062400035560131,0.000703096679886321,0.030799960950389508,0.03546202788129449,25088,24576,49664,1.567676813040398,0.28354383778771547,0.42967826437960777
graph_compile,mha,32,32,128,1,128,bf16,uniform,strided,identity,1234,pass,q_maxdiff=0.00e+00 k_maxdiff=0.00e+00 cases=4,uniform[0]|uniform[1]|permuted-requests|strided-qkv,0.01065600011497736,0.01206399966031313,0.0060800001956522465,0.0014145161353311918,0.005993259837850928,0.0120375188998878,25088,24576,49664,4.660660610372518,0.8429681329075103,1.2774218163266677
eager,mha,32,32,128,1,128,bf16,uniform,strided,permuted,1234,pass,q_maxdiff=0.00e+00 k_maxdiff=0.00e+00 cases=4,uniform[0]|uniform[1]|permuted-requests|strided-qkv,0.09046400338411331,0.09967999905347824,0.08835200220346451,0.004907722638570443,0.07946088095195591,0.08809001883491874,25088,24576,49664,0.5489918436300562,0.09929550080869134,0.15047097754289795
compile,mha,32,32,128,1,128,bf16,uniform,strided,permuted,1234,pass,q_maxdiff=0.00e+00 k_maxdiff=0.00e+00 cases=4,uniform[0]|uniform[1]|permuted-requests|strided-qkv,0.03081599995493889,0.03667199984192848,0.029055999591946602,0.002601453887529014,0.022980569628998637,0.028368085622787476,25088,24576,49664,1.611630324267324,0.29149365700674024,0.44172530638487123
graph_eager,mha,32,32,128,1,128,bf16,uniform,strided,permuted,1234,pass,q_maxdiff=0.00e+00 k_maxdiff=0.00e+00 cases=4,uniform[0]|uniform[1]|permuted-requests|strided-qkv,0.03169599920511246,0.032607998698949814,0.030592000111937523,0.0008433359483249807,0.030986409401521083,0.035822042264044285,25088,24576,49664,1.566885450703487,0.2834007050244942,0.4294613630434454
graph_compile,mha,32,32,128,1,128,bf16,uniform,strided,permuted,1234,pass,q_maxdiff=0.00e+00 k_maxdiff=0.00e+00 cases=4,uniform[0]|uniform[1]|permuted-requests|strided-qkv,0.010847999714314938,0.012703999876976013,0.00684799998998642,0.0013710321126948523,0.005983440205454826,0.011230993550270796,25088,24576,49664,4.578171212012826,0.8280483736860003,1.2548126272246296
eager,mha,32,32,128,1,128,bf16,ragged,packed,identity,1234,pass,q_maxdiff=0.00e+00 k_maxdiff=0.00e+00 cases=5,ragged[0]|ragged[1]|uniform|permuted-requests|strided-qkv,0.09081599861383438,0.09920000284910202,0.088128000497818,0.0037426977735678492,0.08001732057891786,0.08749950211495161,25088,24576,49664,0.546863997071486,0.09891063973629324,0.14988776459457392
compile,mha,32,32,128,1,128,bf16,ragged,packed,identity,1234,pass,q_maxdiff=0.00e+00 k_maxdiff=0.00e+00 cases=5,ragged[0]|ragged[1]|uniform|permuted-requests|strided-qkv,0.04372800141572952,0.0644799992442131,0.032255999743938446,0.01178003455672958,0.029207170009613037,0.03949500387534499,25088,24576,49664,1.1357482252123972,0.20542142861241072,0.31129268617236805
graph_eager,mha,32,32,128,1,128,bf16,ragged,packed,identity,1234,pass,q_maxdiff=0.00e+00 k_maxdiff=0.00e+00 cases=5,ragged[0]|ragged[1]|uniform|permuted-requests|strided-qkv,0.03167999908328056,0.033535998314619064,0.030592000111937523,0.0009216198151986096,0.03080065944232047,0.03567704698070884,25088,24576,49664,1.567676813040398,0.28354383778771547,0.42967826437960777
graph_compile,mha,32,32,128,1,128,bf16,ragged,packed,identity,1234,pass,q_maxdiff=0.00e+00 k_maxdiff=0.00e+00 cases=5,ragged[0]|ragged[1]|uniform|permuted-requests|strided-qkv,0.010879999957978725,0.012480000033974648,0.0077760000713169575,0.0012577530357314524,0.005992059595882893,0.012163014616817236,25088,24576,49664,4.564705899982974,0.8256129187387855,1.2511219737339427
eager,mha,32,32,128,1,128,bf16,ragged,packed,permuted,1234,pass,q_maxdiff=0.00e+00 k_maxdiff=0.00e+00 cases=5,ragged[0]|ragged[1]|uniform|permuted-requests|strided-qkv,0.09084799885749817,0.11135999858379364,0.08895999938249588,0.0077569417344078555,0.0785565807018429,0.0885864719748497,25088,24576,49664,0.5466713700309642,0.09887579951292774,0.14983496821986486
compile,mha,32,32,128,1,128,bf16,ragged,packed,permuted,1234,pass,q_maxdiff=0.00e+00 k_maxdiff=0.00e+00 cases=5,ragged[0]|ragged[1]|uniform|permuted-requests|strided-qkv,0.04342399910092354,0.05209600180387497,0.03267199918627739,0.007299134058629953,0.02920255996286869,0.037505466025322676,25088,24576,49664,1.1436993604521275,0.2068595409719792,0.31347198101250096
graph_eager,mha,32,32,128,1,128,bf16,ragged,packed,permuted,1234,pass,q_maxdiff=0.00e+00 k_maxdiff=0.00e+00 cases=5,ragged[0]|ragged[1]|uniform|permuted-requests|strided-qkv,0.03167999908328056,0.03244800120592117,0.030527999624609947,0.0006500094409814333,0.030637149466201663,0.03575696609914303,25088,24576,49664,1.567676813040398,0.28354383778771547,0.42967826437960777
graph_compile,mha,32,32,128,1,128,bf16,ragged,packed,permuted,1234,pass,q_maxdiff=0.00e+00 k_maxdiff=0.00e+00 cases=5,ragged[0]|ragged[1]|uniform|permuted-requests|strided-qkv,0.010863999836146832,0.016256000846624374,0.007584000006318092,0.0018712556784517592,0.006017510313540697,0.011325988452881575,25088,24576,49664,4.571428640375834,0.8268288527856411,1.252964582746113
eager,mha,32,32,128,1,128,bf16,ragged,strided,identity,1234,pass,q_maxdiff=0.00e+00 k_maxdiff=0.00e+00 cases=5,ragged[0]|ragged[1]|uniform|permuted-requests|strided-qkv,0.09057599678635597,0.10857599973678589,0.08819200098514557,0.0064236672319114676,0.0781082408502698,0.08846150012686849,25088,24576,49664,0.5483130383554464,0.09917272610725265,0.1502849265215268
compile,mha,32,32,128,1,128,bf16,ragged,strided,identity,1234,pass,q_maxdiff=0.00e+00 k_maxdiff=0.00e+00 cases=5,ragged[0]|ragged[1]|uniform|permuted-requests|strided-qkv,0.041759999468922615,0.04947200044989586,0.031231999397277832,0.007432930548540536,0.02851317054592073,0.03669946454465389,25088,24576,49664,1.189272045775754,0.21510221828114467,0.3259628159665478
graph_eager,mha,32,32,128,1,128,bf16,ragged,strided,identity,1234,pass,q_maxdiff=0.00e+00 k_maxdiff=0.00e+00 cases=5,ragged[0]|ragged[1]|uniform|permuted-requests|strided-qkv,0.03167999908328056,0.032575998455286026,0.03049599938094616,0.0007187103511974468,0.030795859638601538,0.03572204150259495,25088,24576,49664,1.567676813040398,0.28354383778771547,0.42967826437960777
graph_compile,mha,32,32,128,1,128,bf16,ragged,strided,identity,1234,pass,q_maxdiff=0.00e+00 k_maxdiff=0.00e+00 cases=5,ragged[0]|ragged[1]|uniform|permuted-requests|strided-qkv,0.010784000158309937,0.013824000023305416,0.006047999951988459,0.0016371495653967102,0.00610506976954639,0.01161749241873622,25088,24576,49664,4.605341178684044,0.8329625731934742,1.2622595346646264
eager,mha,32,32,128,1,128,bf16,ragged,strided,permuted,1234,pass,q_maxdiff=0.00e+00 k_maxdiff=0.00e+00 cases=5,ragged[0]|ragged[1]|uniform|permuted-requests|strided-qkv,0.09132800251245499,0.09939199686050415,0.08921600133180618,0.003810393308382979,0.07967037032358348,0.08982402505353093,25088,24576,49664,0.5437981630357787,0.09835612598621825,0.14904746241214653
compile,mha,32,32,128,1,128,bf16,ragged,strided,permuted,1234,pass,q_maxdiff=0.00e+00 k_maxdiff=0.00e+00 cases=5,ragged[0]|ragged[1]|uniform|permuted-requests|strided-qkv,0.042287999764084816,0.04982399940490723,0.03209599852561951,0.006889908181115426,0.029103680280968547,0.04001054912805557,25088,24576,49664,1.1744230107137776,0.21241649099737409,0.32189290336717236
graph_eager,mha,32,32,128,1,128,bf16,ragged,strided,permuted,1234,pass,q_maxdiff=0.00e+00 k_maxdiff=0.00e+00 cases=5,ragged[0]|ragged[1]|uniform|permuted-requests|strided-qkv,0.03167999908328056,0.03244800120592117,0.030559999868273735,0.0013558823190944558,0.030792049365118146,0.03570696571841836,25088,24576,49664,1.567676813040398,0.28354383778771547,0.42967826437960777
graph_compile,mha,32,32,128,1,128,bf16,ragged,strided,permuted,1234,pass,q_maxdiff=0.00e+00 k_maxdiff=0.00e+00 cases=5,ragged[0]|ragged[1]|uniform|permuted-requests|strided-qkv,0.010863999836146832,0.014527999795973301,0.00723200011998415,0.001690311982401012,0.0060011702589690685,0.011381460353732109,25088,24576,49664,4.571428640375834,0.8268288527856411,1.252964582746113
eager,mha,32,32,128,1,128,fp16,uniform,packed,identity,1234,pass,q_maxdiff=0.00e+00 k_maxdiff=0.00e+00 cases=4,uniform[0]|uniform[1]|permuted-requests|strided-qkv,0.09110400080680847,0.09955199807882309,0.08611200004816055,0.004614852692907235,0.07943552918732166,0.0895840348675847,25088,24576,49664,0.5451352252390705,0.09859795883424449,0.14941393244098097
compile,mha,32,32,128,1,128,fp16,uniform,packed,identity,1234,pass,q_maxdiff=0.00e+00 k_maxdiff=0.00e+00 cases=4,uniform[0]|uniform[1]|permuted-requests|strided-qkv,0.030112000182271004,0.036448001861572266,0.028255999088287354,0.0026753096334443905,0.022908539976924658,0.028659007512032986,25088,24576,49664,1.6493092355000913,0.29830859679900606,0.4520525683865397
graph_eager,mha,32,32,128,1,128,fp16,uniform,packed,identity,1234,pass,q_maxdiff=0.00e+00 k_maxdiff=0.00e+00 cases=4,uniform[0]|uniform[1]|permuted-requests|strided-qkv,0.03171199932694435,0.03244800120592117,0.0306560005992651,0.0007269100857700229,0.03062032046727836,0.03579742042347789,25088,24576,49664,1.5660948869219542,0.2832577166950329,0.429244680580131
graph_compile,mha,32,32,128,1,128,fp16,uniform,packed,identity,1234,pass,q_maxdiff=0.00e+00 k_maxdiff=0.00e+00 cases=4,uniform[0]|uniform[1]|permuted-requests|strided-qkv,0.010928000323474407,0.012223999947309494,0.009119999594986439,0.0009933593385407966,0.006069199880585074,0.011331052519381046,25088,24576,49664,4.544655795197672,0.8219864801695725,1.2456265207470036
eager,mha,32,32,128,1,128,fp16,uniform,packed,permuted,1234,pass,q_maxdiff=0.00e+00 k_maxdiff=0.00e+00 cases=4,uniform[0]|uniform[1]|permuted-requests|strided-qkv,0.09118400141596794,0.1008640006184578,0.08873599767684937,0.003911925143786348,0.07827886031009257,0.09041500743478537,25088,24576,49664,0.5446569489031323,0.09851145356307704,0.14928284359396204
compile,mha,32,32,128,1,128,fp16,uniform,packed,permuted,1234,pass,q_maxdiff=0.00e+00 k_maxdiff=0.00e+00 cases=4,uniform[0]|uniform[1]|permuted-requests|strided-qkv,0.030400000512599945,0.03657599911093712,0.028831999748945236,0.002469432278267111,0.02286434988491237,0.02839905209839344,25088,24576,49664,1.633684182979394,0.2954825121618539,0.4477699602672599
graph_eager,mha,32,32,128,1,128,fp16,uniform,packed,permuted,1234,pass,q_maxdiff=0.00e+00 k_maxdiff=0.00e+00 cases=4,uniform[0]|uniform[1]|permuted-requests|strided-qkv,0.03171199932694435,0.03311999887228012,0.030527999624609947,0.0008026364093247955,0.030800960958003998,0.03578205360099673,25088,24576,49664,1.5660948869219542,0.2832577166950329,0.429244680580131
graph_compile,mha,32,32,128,1,128,fp16,uniform,packed,permuted,1234,pass,q_maxdiff=0.00e+00 k_maxdiff=0.00e+00 cases=4,uniform[0]|uniform[1]|permuted-requests|strided-qkv,0.010847999714314938,0.014527999795973301,0.006047999951988459,0.001722447863417455,0.00625535030849278,0.011436466593295336,25088,24576,49664,4.578171212012826,0.8280483736860003,1.2548126272246296
eager,mha,32,32,128,1,128,fp16,uniform,strided,identity,1234,pass,q_maxdiff=0.00e+00 k_maxdiff=0.00e+00 cases=4,uniform[0]|uniform[1]|permuted-requests|strided-qkv,0.09047999978065491,0.09804800152778625,0.08905600011348724,0.0030452197868769512,0.07815151009708643,0.08854642510414124,25088,24576,49664,0.5488947847081938,0.09927794587710884,0.15044437505140132
compile,mha,32,32,128,1,128,fp16,uniform,strided,identity,1234,pass,q_maxdiff=0.00e+00 k_maxdiff=0.00e+00 cases=4,uniform[0]|uniform[1]|permuted-requests|strided-qkv,0.03014400042593479,0.03548799827694893,0.025536000728607178,0.0027235151468315054,0.023136059753596783,0.02864899579435587,25088,24576,49664,1.647558363131886,0.2979919185993748,0.4515726787855309
graph_eager,mha,32,32,128,1,128,fp16,uniform,strided,identity,1234,pass,q_maxdiff=0.00e+00 k_maxdiff=0.00e+00 cases=4,uniform[0]|uniform[1]|permuted-requests|strided-qkv,0.03167999908328056,0.03308799862861633,0.030527999624609947,0.0007414736573562492,0.030925299506634474,0.03572698915377259,25088,24576,49664,1.567676813040398,0.28354383778771547,0.42967826437960777
graph_compile,mha,32,32,128,1,128,fp16,uniform,strided,identity,1234,pass,q_maxdiff=0.00e+00 k_maxdiff=0.00e+00 cases=4,uniform[0]|uniform[1]|permuted-requests|strided-qkv,0.010847999714314938,0.01408000010997057,0.006271999794989824,0.001427891362488819,0.0060294196009635925,0.011216499842703342,25088,24576,49664,4.578171212012826,0.8280483736860003,1.2548126272246296
eager,mha,32,32,128,1,128,fp16,uniform,strided,permuted,1234,pass,q_maxdiff=0.00e+00 k_maxdiff=0.00e+00 cases=4,uniform[0]|uniform[1]|permuted-requests|strided-qkv,0.09126400202512741,0.09948799759149551,0.08083199709653854,0.003520772218789674,0.07854235940612853,0.0895935227163136,25088,24576,49664,0.5441795110664354,0.09842509995026857,0.14915198456784476
compile,mha,32,32,128,1,128,fp16,uniform,strided,permuted,1234,pass,q_maxdiff=0.00e+00 k_maxdiff=0.00e+00 cases=4,uniform[0]|uniform[1]|permuted-requests|strided-qkv,0.030368000268936157,0.037087999284267426,0.0261439997702837,0.0027462790915397436,0.0228907004930079,0.028333510272204876,25088,24576,49664,1.6354056757172117,0.2957938765027335,0.44824179732294295
graph_eager,mha,32,32,128,1,128,fp16,uniform,strided,permuted,1234,pass,q_maxdiff=0.00e+00 k_maxdiff=0.00e+00 cases=4,uniform[0]|uniform[1]|permuted-requests|strided-qkv,0.03167999908328056,0.03311999887228012,0.030527999624609947,0.001205708696755579,0.030795159982517358,0.03575748996809125,25088,24576,49664,1.567676813040398,0.28354383778771547,0.42967826437960777
graph_compile,mha,32,32,128,1,128,fp16,uniform,strided,permuted,1234,pass,q_maxdiff=0.00e+00 k_maxdiff=0.00e+00 cases=4,uniform[0]|uniform[1]|permuted-requests|strided-qkv,0.010928000323474407,0.015104000456631184,0.008287999778985977,0.0012870129769748172,0.006031229859218001,0.012123025953769684,25088,24576,49664,4.544655795197672,0.8219864801695725,1.2456265207470036
eager,mha,32,32,128,1,128,fp16,ragged,packed,identity,1234,pass,q_maxdiff=0.00e+00 k_maxdiff=0.00e+00 cases=5,ragged[0]|ragged[1]|uniform|permuted-requests|strided-qkv,0.09081599861383438,0.09964799880981445,0.08902399986982346,0.004573914190363102,0.07912854896858335,0.08972350042313337,25088,24576,49664,0.546863997071486,0.09891063973629324,0.14988776459457392
compile,mha,32,32,128,1,128,fp16,ragged,packed,identity,1234,pass,q_maxdiff=9.54e-07 k_maxdiff=0.00e+00 cases=5,ragged[0]|ragged[1]|uniform|permuted-requests|strided-qkv,0.04185600019991398,0.04972799867391586,0.03167999908328056,0.0067731914242832965,0.029330289689823985,0.040690996684134007,25088,24576,49664,1.1865443368404338,0.2146088608152085,0.3252151891398245
graph_eager,mha,32,32,128,1,128,fp16,ragged,packed,identity,1234,pass,q_maxdiff=0.00e+00 k_maxdiff=0.00e+00 cases=5,ragged[0]|ragged[1]|uniform|permuted-requests|strided-qkv,0.03169599920511246,0.03311999887228012,0.030527999624609947,0.0007120354504967598,0.030640260083600882,0.03574200673028827,25088,24576,49664,1.566885450703487,0.2834007050244942,0.4294613630434454
graph_compile,mha,32,32,128,1,128,fp16,ragged,packed,identity,1234,pass,q_maxdiff=9.54e-07 k_maxdiff=0.00e+00 cases=5,ragged[0]|ragged[1]|uniform|permuted-requests|strided-qkv,0.010847999714314938,0.014175999909639359,0.0081599997356534,0.001282620488710008,0.00602621934376657,0.011887575965374708,25088,24576,49664,4.578171212012826,0.8280483736860003,1.2548126272246296
eager,mha,32,32,128,1,128,fp16,ragged,packed,permuted,1234,pass,q_maxdiff=0.00e+00 k_maxdiff=0.00e+00 cases=5,ragged[0]|ragged[1]|uniform|permuted-requests|strided-qkv,0.09095999971032143,0.09935999661684036,0.0894400030374527,0.0035932110427201467,0.07927342900075018,0.08834601612761617,25088,24576,49664,0.5459982427238785,0.09875405177871165,0.1496504734498911
compile,mha,32,32,128,1,128,fp16,ragged,packed,permuted,1234,pass,q_maxdiff=9.54e-07 k_maxdiff=0.00e+00 cases=5,ragged[0]|ragged[1]|uniform|permuted-requests|strided-qkv,0.041840000078082085,0.05081599950790405,0.031808000057935715,0.00675794037416789,0.029596500098705292,0.0371295609511435,25088,24576,49664,1.186998085738927,0.21469092983798188,0.3253395553596646
graph_eager,mha,32,32,128,1,128,fp16,ragged,packed,permuted,1234,pass,q_maxdiff=0.00e+00 k_maxdiff=0.00e+00 cases=5,ragged[0]|ragged[1]|uniform|permuted-requests|strided-qkv,0.03167999908328056,0.03244800120592117,0.030559999868273735,0.0007441149202342481,0.030806479044258595,0.03576208837330341,25088,24576,49664,1.567676813040398,0.28354383778771547,0.42967826437960777
graph_compile,mha,32,32,128,1,128,fp16,ragged,packed,permuted,1234,pass,q_maxdiff=9.54e-07 k_maxdiff=0.00e+00 cases=5,ragged[0]|ragged[1]|uniform|permuted-requests|strided-qkv,0.010928000323474407,0.014112000353634357,0.009151999838650227,0.0012605837683128081,0.005938450340181589,0.012232980225235224,25088,24576,49664,4.544655795197672,0.8219864801695725,1.2456265207470036
eager,mha,32,32,128,1,128,fp16,ragged,strided,identity,1234,pass,q_maxdiff=0.00e+00 k_maxdiff=0.00e+00 cases=5,ragged[0]|ragged[1]|uniform|permuted-requests|strided-qkv,0.09145600348711014,0.09939199686050415,0.08963199704885483,0.0029301565915483955,0.07895802962593734,0.0900750164873898,25088,24576,49664,0.5430370681679708,0.09821846766407961,0.14883885696547053
compile,mha,32,32,128,1,128,fp16,ragged,strided,identity,1234,pass,q_maxdiff=9.54e-07 k_maxdiff=0.00e+00 cases=5,ragged[0]|ragged[1]|uniform|permuted-requests|strided-qkv,0.04283200018107891,0.05027199909090996,0.03203200176358223,0.007090881670432779,0.029078329680487514,0.04066096153110266,25088,24576,49664,1.1595069058189613,0.20971863287283005,0.31780460786570425
graph_eager,mha,32,32,128,1,128,fp16,ragged,strided,identity,1234,pass,q_maxdiff=0.00e+00 k_maxdiff=0.00e+00 cases=5,ragged[0]|ragged[1]|uniform|permuted-requests|strided-qkv,0.03169599920511246,0.032575998455286026,0.030592000111937523,0.0008750869379870169,0.030661610653623935,0.03572204150259495,25088,24576,49664,1.566885450703487,0.2834007050244942,0.4294613630434454
graph_compile,mha,32,32,128,1,128,fp16,ragged,strided,identity,1234,pass,q_maxdiff=9.54e-07 k_maxdiff=0.00e+00 cases=5,ragged[0]|ragged[1]|uniform|permuted-requests|strided-qkv,0.010847999714314938,0.013183999806642532,0.005888000130653381,0.0013248902829455823,0.005911609623581171,0.013585435226559639,25088,24576,49664,4.578171212012826,0.8280483736860003,1.2548126272246296
eager,mha,32,32,128,1,128,fp16,ragged,strided,permuted,1234,pass,q_maxdiff=0.00e+00 k_maxdiff=0.00e+00 cases=5,ragged[0]|ragged[1]|uniform|permuted-requests|strided-qkv,0.09113600105047226,0.10979200154542923,0.08912000060081482,0.00737612686909052,0.08088184986263514,0.09015446994453669,25088,24576,49664,0.5449438139434652,0.09856333850121386,0.1493614692849311
compile,mha,32,32,128,1,128,fp16,ragged,strided,permuted,1234,pass,q_maxdiff=9.54e-07 k_maxdiff=0.00e+00 cases=5,ragged[0]|ragged[1]|uniform|permuted-requests|strided-qkv,0.044064000248909,0.06355199962854385,0.03155200183391571,0.009096296523466595,0.02920886967331171,0.040435988921672106,25088,24576,49664,1.1270878658192105,0.203855039725021,0.3089190029220869
graph_eager,mha,32,32,128,1,128,fp16,ragged,strided,permuted,1234,pass,q_maxdiff=0.00e+00 k_maxdiff=0.00e+00 cases=5,ragged[0]|ragged[1]|uniform|permuted-requests|strided-qkv,0.03167999908328056,0.03276799991726875,0.03049599938094616,0.0006710818751963443,0.03076430060900748,0.03578298492357135,25088,24576,49664,1.567676813040398,0.28354383778771547,0.42967826437960777
graph_compile,mha,32,32,128,1,128,fp16,ragged,strided,permuted,1234,pass,q_maxdiff=9.54e-07 k_maxdiff=0.00e+00 cases=5,ragged[0]|ragged[1]|uniform|permuted-requests|strided-qkv,0.010960000101476908,0.013279999606311321,0.0058559998869895935,0.001556413448504835,0.006021009758114815,0.011020514648407698,25088,24576,49664,4.531386819358475,0.8195865363152894,1.241989680257143
eager,mha,32,32,128,1,128,fp32,uniform,packed,identity,1234,pass,q_maxdiff=0.00e+00 k_maxdiff=0.00e+00 cases=4,uniform[0]|uniform[1]|permuted-requests|strided-qkv,0.07553600147366524,0.08211199939250946,0.07398399710655212,0.0042157411884318746,0.06644853041507304,0.07368350634351373,49664,49152,98816,1.3081973902795352,0.23661210367992766,0.35855858774301974
compile,mha,32,32,128,1,128,fp32,uniform,packed,identity,1234,pass,q_maxdiff=4.77e-07 k_maxdiff=2.38e-07 cases=4,uniform[0]|uniform[1]|permuted-requests|strided-qkv,0.03014400042593479,0.04623999819159508,0.027168000116944313,0.008449645086474543,0.023189160274341702,0.028072507120668888,49664,49152,98816,3.278131588499526,0.5929117555637045,0.8984899691299739
graph_eager,mha,32,32,128,1,128,fp32,uniform,packed,identity,1234,pass,q_maxdiff=0.00e+00 k_maxdiff=0.00e+00 cases=4,uniform[0]|uniform[1]|permuted-requests|strided-qkv,0.025536000728607178,0.0272000003606081,0.02454400062561035,0.0008240244069422896,0.024869219632819295,0.029951450414955616,49664,49152,98816,3.869674075051993,0.699903340472253,1.06062348211835
graph_compile,mha,32,32,128,1,128,fp32,uniform,packed,identity,1234,pass,q_maxdiff=4.77e-07 k_maxdiff=2.38e-07 cases=4,uniform[0]|uniform[1]|permuted-requests|strided-qkv,0.010832000058144331,0.0144640002399683,0.00863999966531992,0.0013177640131679584,0.006001280853524804,0.012142991181463003,49664,49152,98816,9.122599655610465,1.6499937330424916,2.5003768340813637
eager,mha,32,32,128,1,128,fp32,uniform,packed,permuted,1234,pass,q_maxdiff=0.00e+00 k_maxdiff=0.00e+00 cases=4,uniform[0]|uniform[1]|permuted-requests|strided-qkv,0.07513599842786789,0.08256000280380249,0.07360000163316727,0.003132373523265926,0.06635586032643914,0.07271103095263243,49664,49152,98816,1.3151618673819234,0.23787176035748353,0.36046745340255704
compile,mha,32,32,128,1,128,fp32,uniform,packed,permuted,1234,pass,q_maxdiff=4.77e-07 k_maxdiff=2.38e-07 cases=4,uniform[0]|uniform[1]|permuted-requests|strided-qkv,0.03049599938094616,0.038015998899936676,0.028351999819278717,0.003154045395652972,0.023331729462370276,0.028262962587177753,49664,49152,98816,3.2402938748005106,0.5860680933585308,0.8881191815958047
graph_eager,mha,32,32,128,1,128,fp32,uniform,packed,permuted,1234,pass,q_maxdiff=0.00e+00 k_maxdiff=0.00e+00 cases=4,uniform[0]|uniform[1]|permuted-requests|strided-qkv,0.025599999353289604,0.027135999873280525,0.024383999407291412,0.0007627824503340752,0.024536600103601813,0.03018701681867242,49664,49152,98816,3.8600000975118043,0.6981536196780177,1.0579719803263103
graph_compile,mha,32,32,128,1,128,fp32,uniform,packed,permuted,1234,pass,q_maxdiff=4.77e-07 k_maxdiff=2.38e-07 cases=4,uniform[0]|uniform[1]|permuted-requests|strided-qkv,0.010863999836146832,0.015231999568641186,0.006047999951988459,0.0018007479641770968,0.005951580824330449,0.012173026334494352,49664,49152,98816,9.095729150438517,1.645133696779678,2.4930120048453595
eager,mha,32,32,128,1,128,fp32,uniform,strided,identity,1234,pass,q_maxdiff=0.00e+00 k_maxdiff=0.00e+00 cases=4,uniform[0]|uniform[1]|permuted-requests|strided-qkv,0.0756480023264885,0.09232000261545181,0.07401599735021591,0.009942191869073733,0.06423006067052484,0.07308699423447251,49664,49152,98816,1.3062605351232008,0.23626178699494663,0.3580277228638522
compile,mha,32,32,128,1,128,fp32,uniform,strided,identity,1234,pass,q_maxdiff=4.77e-07 k_maxdiff=2.38e-07 cases=4,uniform[0]|uniform[1]|permuted-requests|strided-qkv,0.0306560005992651,0.0352960005402565,0.029440000653266907,0.002465181182165885,0.022968649864196777,0.028688518796116114,49664,49152,98816,3.2233819829181787,0.5830092596188985,0.8834838688253857
graph_eager,mha,32,32,128,1,128,fp32,uniform,strided,identity,1234,pass,q_maxdiff=0.00e+00 k_maxdiff=0.00e+00 cases=4,uniform[0]|uniform[1]|permuted-requests|strided-qkv,0.025536000728607178,0.02630399912595749,0.024383999407291412,0.0007136569744451808,0.02474829088896513,0.029670423828065395,49664,49152,98816,3.869674075051993,0.699903340472253,1.06062348211835
graph_compile,mha,32,32,128,1,128,fp32,uniform,strided,identity,1234,pass,q_maxdiff=4.77e-07 k_maxdiff=2.38e-07 cases=4,uniform[0]|uniform[1]|permuted-requests|strided-qkv,0.010816000401973724,0.015231999568641186,0.008576000109314919,0.0014379663116778768,0.005996469408273697,0.011671450920403004,49664,49152,98816,9.13609433501573,1.652434499631916,2.5040755367584597
eager,mha,32,32,128,1,128,fp32,uniform,strided,permuted,1234,pass,q_maxdiff=0.00e+00 k_maxdiff=0.00e+00 cases=4,uniform[0]|uniform[1]|permuted-requests|strided-qkv,0.07539200037717819,0.08316799998283386,0.07414399832487106,0.0037057959805704803,0.06419238983653486,0.07376301800832152,49664,49152,98816,1.3106960885191272,0.23706404025412073,0.35924344594457347
compile,mha,32,32,128,1,128,fp32,uniform,strided,permuted,1234,pass,q_maxdiff=4.77e-07 k_maxdiff=2.38e-07 cases=4,uniform[0]|uniform[1]|permuted-requests|strided-qkv,0.030368000268936157,0.03606399893760681,0.029279999434947968,0.0026433558640958314,0.022842810722067952,0.028408481739461422,49664,49152,98816,3.253951499107442,0.5885383315982223,0.8918625451889484
graph_eager,mha,32,32,128,1,128,fp32,uniform,strided,permuted,1234,pass,q_maxdiff=0.00e+00 k_maxdiff=0.00e+00 cases=4,uniform[0]|uniform[1]|permuted-requests|strided-qkv,0.025536000728607178,0.027327999472618103,0.024351999163627625,0.0007604975439017477,0.024662429932504892,0.029840972274541855,49664,49152,98816,3.869674075051993,0.699903340472253,1.06062348211835
graph_compile,mha,32,32,128,1,128,fp32,uniform,strided,permuted,1234,pass,q_maxdiff=4.77e-07 k_maxdiff=2.38e-07 cases=4,uniform[0]|uniform[1]|permuted-requests|strided-qkv,0.010879999957978725,0.015456000342965126,0.006047999951988459,0.0020258249750615257,0.0060159992426633835,0.010925519745796919,49664,49152,98816,9.082352976254784,1.6427143640885113,2.4893457827902163
eager,mha,32,32,128,1,128,fp32,ragged,packed,identity,1234,pass,q_maxdiff=0.00e+00 k_maxdiff=0.00e+00 cases=5,ragged[0]|ragged[1]|uniform|permuted-requests|strided-qkv,0.07628799974918365,0.08243200182914734,0.0745600014925003,0.003974647201511688,0.06489621009677649,0.07507600821554661,49664,49152,98816,1.295302017681456,0.2342797329988365,0.3550241466704846
compile,mha,32,32,128,1,128,fp32,ragged,packed,identity,1234,pass,q_maxdiff=4.77e-07 k_maxdiff=2.38e-07 cases=5,ragged[0]|ragged[1]|uniform|permuted-requests|strided-qkv,0.043455999344587326,0.05004800111055374,0.03174399957060814,0.006836649890493633,0.02898465027101338,0.03805151209235191,49664,49152,98816,2.2739322876096293,0.4112834241949195,0.6232530012113399
graph_eager,mha,32,32,128,1,128,fp32,ragged,packed,identity,1234,pass,q_maxdiff=0.00e+00 k_maxdiff=0.00e+00 cases=5,ragged[0]|ragged[1]|uniform|permuted-requests|strided-qkv,0.025536000728607178,0.02630399912595749,0.02393599972128868,0.0008501419028541613,0.024648300604894757,0.03052747342735529,49664,49152,98816,3.869674075051993,0.699903340472253,1.06062348211835
graph_compile,mha,32,32,128,1,128,fp32,ragged,packed,identity,1234,pass,q_maxdiff=4.77e-07 k_maxdiff=2.38e-07 cases=5,ragged[0]|ragged[1]|uniform|permuted-requests|strided-qkv,0.010768000036478043,0.015104000456631184,0.006111999973654747,0.0018458588125020209,0.005960799753665924,0.011903000995516777,49664,49152,98816,9.176820176936065,1.659800534148196,2.5152379197995085
eager,mha,32,32,128,1,128,fp32,ragged,packed,permuted,1234,pass,q_maxdiff=0.00e+00 k_maxdiff=0.00e+00 cases=5,ragged[0]|ragged[1]|uniform|permuted-requests|strided-qkv,0.07529599964618683,0.08291199803352356,0.07315199822187424,0.0032560513833195075,0.06409230059944093,0.07375847781077027,49664,49152,98816,1.3123671969869952,0.23736629165211126,0.3597014733773266
compile,mha,32,32,128,1,128,fp32,ragged,packed,permuted,1234,pass,q_maxdiff=4.77e-07 k_maxdiff=2.38e-07 cases=5,ragged[0]|ragged[1]|uniform|permuted-requests|strided-qkv,0.0435199998319149,0.051263999193906784,0.03161599859595299,0.0073388015644823956,0.029460139339789748,0.03699003718793392,49664,49152,98816,2.270588244063696,0.41067859102212784,0.6223364456975541
graph_eager,mha,32,32,128,1,128,fp32,ragged,packed,permuted,1234,pass,q_maxdiff=0.00e+00 k_maxdiff=0.00e+00 cases=5,ragged[0]|ragged[1]|uniform|permuted-requests|strided-qkv,0.025536000728607178,0.026815999299287796,0.024351999163627625,0.0009288235904644517,0.024739279178902507,0.03033695975318551,49664,49152,98816,3.869674075051993,0.699903340472253,1.06062348211835
graph_compile,mha,32,32,128,1,128,fp32,ragged,packed,permuted,1234,pass,q_maxdiff=4.77e-07 k_maxdiff=2.38e-07 cases=5,ragged[0]|ragged[1]|uniform|permuted-requests|strided-qkv,0.010816000401973724,0.014816000126302242,0.006111999973654747,0.001804559706847061,0.006033130921423435,0.011471565812826157,49664,49152,98816,9.13609433501573,1.652434499631916,2.5040755367584597
eager,mha,32,32,128,1,128,fp32,ragged,strided,identity,1234,pass,q_maxdiff=0.00e+00 k_maxdiff=0.00e+00 cases=5,ragged[0]|ragged[1]|uniform|permuted-requests|strided-qkv,0.07596799731254578,0.08796799927949905,0.07385600358247757,0.005133044675245102,0.06432694965042174,0.07383403135463595,49664,49152,98816,1.3007582600006353,0.235266597047734,0.3565196262937321
compile,mha,32,32,128,1,128,fp32,ragged,strided,identity,1234,pass,q_maxdiff=4.77e-07 k_maxdiff=2.38e-07 cases=5,ragged[0]|ragged[1]|uniform|permuted-requests|strided-qkv,0.04295999929308891,0.05071999877691269,0.031968001276254654,0.0069798357792801935,0.03115772968158126,0.038552447222173214,49664,49152,98816,2.300186257589087,0.4160319484718727,0.6304488467835976
graph_eager,mha,32,32,128,1,128,fp32,ragged,strided,identity,1234,pass,q_maxdiff=0.00e+00 k_maxdiff=0.00e+00 cases=5,ragged[0]|ragged[1]|uniform|permuted-requests|strided-qkv,0.025536000728607178,0.026367999613285065,0.024512000381946564,0.0008271092886491396,0.02471051993779838,0.030507042538374662,49664,49152,98816,3.869674075051993,0.699903340472253,1.06062348211835
graph_compile,mha,32,32,128,1,128,fp32,ragged,strided,identity,1234,pass,q_maxdiff=4.77e-07 k_maxdiff=2.38e-07 cases=5,ragged[0]|ragged[1]|uniform|permuted-requests|strided-qkv,0.010832000058144331,0.013728000223636627,0.008767999708652496,0.0012673779196896752,0.0060889392625540495,0.012062548194080591,49664,49152,98816,9.122599655610465,1.6499937330424916,2.5003768340813637
eager,mha,32,32,128,1,128,fp32,ragged,strided,permuted,1234,pass,q_maxdiff=0.00e+00 k_maxdiff=0.00e+00 cases=5,ragged[0]|ragged[1]|uniform|permuted-requests|strided-qkv,0.07556800171732903,0.08486399799585342,0.07366400212049484,0.003435356391804265,0.06401957012712955,0.07240602280944586,49664,49152,98816,1.3076434172446803,0.2365119072369956,0.358406751490707
compile,mha,32,32,128,1,128,fp32,ragged,strided,permuted,1234,pass,q_maxdiff=4.77e-07 k_maxdiff=2.38e-07 cases=5,ragged[0]|ragged[1]|uniform|permuted-requests|strided-qkv,0.04371199943125248,0.049984000623226166,0.03209599852561951,0.0066184270483542074,0.029034949839115143,0.04044146044179797,49664,49152,98816,2.260614963527616,0.40887473565154975,0.6196029091450788
graph_eager,mha,32,32,128,1,128,fp32,ragged,strided,permuted,1234,pass,q_maxdiff=0.00e+00 k_maxdiff=0.00e+00 cases=5,ragged[0]|ragged[1]|uniform|permuted-requests|strided-qkv,0.025567999109625816,0.02672000043094158,0.0244159996509552,0.0007019375696993066,0.024681969080120325,0.03052246756851673,49664,49152,98816,3.8648311733864946,0.699027410616787,1.0592961105804903
graph_compile,mha,32,32,128,1,128,fp32,ragged,strided,permuted,1234,pass,q_maxdiff=4.77e-07 k_maxdiff=2.38e-07 cases=5,ragged[0]|ragged[1]|uniform|permuted-requests|strided-qkv,0.010863999836146832,0.012415999546647072,0.00598399993032217,0.0015984279196600759,0.0059268297627568245,0.012137461453676224,49664,49152,98816,9.095729150438517,1.645133696779678,2.4930120048453595
eager,mha,32,32,128,1,2048,bf16,uniform,packed,identity,1234,pass,q_maxdiff=0.00e+00 k_maxdiff=0.00e+00 cases=4,uniform[0]|uniform[1]|permuted-requests|strided-qkv,0.09081599861383438,0.09942399710416794,0.08854400366544724,0.003692209439665981,0.0783786503598094,0.08869700832292438,25088,24576,49664,0.546863997071486,0.09891063973629324,0.14988776459457392
compile,mha,32,32,128,1,2048,bf16,uniform,packed,identity,1234,pass,q_maxdiff=0.00e+00 k_maxdiff=0.00e+00 cases=4,uniform[0]|uniform[1]|permuted-requests|strided-qkv,0.030239999294281006,0.03638400137424469,0.02879999950528145,0.002583591624672301,0.02308837021701038,0.02862903056666255,25088,24576,49664,1.6423280806554932,0.2970459236380829,0.45013913159137864
graph_eager,mha,32,32,128,1,2048,bf16,uniform,packed,identity,1234,pass,q_maxdiff=0.00e+00 k_maxdiff=0.00e+00 cases=4,uniform[0]|uniform[1]|permuted-requests|strided-qkv,0.03171199932694435,0.03347200155258179,0.031168000772595406,0.0008343475308471218,0.030908869812265035,0.035766977816820145,25088,24576,49664,1.5660948869219542,0.2832577166950329,0.429244680580131
graph_compile,mha,32,32,128,1,2048,bf16,uniform,packed,identity,1234,pass,q_maxdiff=0.00e+00 k_maxdiff=0.00e+00 cases=4,uniform[0]|uniform[1]|permuted-requests|strided-qkv,0.010751999914646149,0.015072000212967396,0.006240000016987324,0.0016354191131746905,0.0061767990700900555,0.011225987691432238,25088,24576,49664,4.6190476557155415,0.8354416473672656,1.2660162881055546
eager,mha,32,32,128,1,2048,bf16,uniform,packed,permuted,1234,pass,q_maxdiff=0.00e+00 k_maxdiff=0.00e+00 cases=4,uniform[0]|uniform[1]|permuted-requests|strided-qkv,0.09020800143480301,0.10147199779748917,0.08816000074148178,0.004550356230928888,0.0777816295158118,0.0877095153555274,25088,24576,49664,0.5505498316121569,0.09957729223916816,0.1508980002343767
compile,mha,32,32,128,1,2048,bf16,uniform,packed,permuted,1234,pass,q_maxdiff=0.00e+00 k_maxdiff=0.00e+00 cases=4,uniform[0]|uniform[1]|permuted-requests|strided-qkv,0.030640000477433205,0.0379519984126091,0.029184000566601753,0.0031168106479411792,0.022839310113340616,0.028698937967419624,25088,24576,49664,1.6208877032028195,0.293168028107589,0.4442626243324357
graph_eager,mha,32,32,128,1,2048,bf16,uniform,packed,permuted,1234,pass,q_maxdiff=0.00e+00 k_maxdiff=0.00e+00 cases=4,uniform[0]|uniform[1]|permuted-requests|strided-qkv,0.03171199932694435,0.03347200155258179,0.0307839997112751,0.0010050470555357579,0.03082380979321897,0.0349205220118165,25088,24576,49664,1.5660948869219542,0.2832577166950329,0.429244680580131
graph_compile,mha,32,32,128,1,2048,bf16,uniform,packed,permuted,1234,pass,q_maxdiff=0.00e+00 k_maxdiff=0.00e+00 cases=4,uniform[0]|uniform[1]|permuted-requests|strided-qkv,0.01119999960064888,0.01408000010997057,0.006047999951988459,0.0021771403339662055,0.005916008958593011,0.011135940439999104,25088,24576,49664,4.434285872396164,0.8020240037030236,1.2153756702690353
eager,mha,32,32,128,1,2048,bf16,uniform,strided,identity,1234,pass,q_maxdiff=0.00e+00 k_maxdiff=0.00e+00 cases=4,uniform[0]|uniform[1]|permuted-requests|strided-qkv,0.0907679982483387,0.1008640006184578,0.088639996945858,0.003931125390984045,0.07855287054553628,0.09025499457493424,25088,24576,49664,0.547153192297143,0.09896294613227394,0.1499670289567138
compile,mha,32,32,128,1,2048,bf16,uniform,strided,identity,1234,pass,q_maxdiff=0.00e+00 k_maxdiff=0.00e+00 cases=4,uniform[0]|uniform[1]|permuted-requests|strided-qkv,0.0307839997112751,0.03711999952793121,0.02908799983561039,0.0022596010657574,0.023432020097970963,0.028593523893505335,25088,24576,49664,1.6133056284368992,0.2917966672763007,0.4421844838007155
graph_eager,mha,32,32,128,1,2048,bf16,uniform,strided,identity,1234,pass,q_maxdiff=0.00e+00 k_maxdiff=0.00e+00 cases=4,uniform[0]|uniform[1]|permuted-requests|strided-qkv,0.03190400078892708,0.033535998314619064,0.0306560005992651,0.0007872050721036627,0.03080546972341835,0.0357974786311388,25088,24576,49664,1.5566699715365129,0.2815530434760487,0.42666144323742455
graph_compile,mha,32,32,128,1,2048,bf16,uniform,strided,identity,1234,pass,q_maxdiff=0.00e+00 k_maxdiff=0.00e+00 cases=4,uniform[0]|uniform[1]|permuted-requests|strided-qkv,0.01065600011497736,0.01408000010997057,0.006912000011652708,0.0013509176949360116,0.006014599930495024,0.011707539670169353,25088,24576,49664,4.660660610372518,0.8429681329075103,1.2774218163266677
eager,mha,32,32,128,1,2048,bf16,uniform,strided,permuted,1234,pass,q_maxdiff=0.00e+00 k_maxdiff=0.00e+00 cases=4,uniform[0]|uniform[1]|permuted-requests|strided-qkv,0.09057599678635597,0.10179200023412704,0.0888959988951683,0.004407065554108676,0.07802197942510247,0.08808047277852893,25088,24576,49664,0.5483130383554464,0.09917272610725265,0.1502849265215268
compile,mha,32,32,128,1,2048,bf16,uniform,strided,permuted,1234,pass,q_maxdiff=0.00e+00 k_maxdiff=0.00e+00 cases=4,uniform[0]|uniform[1]|permuted-requests|strided-qkv,0.030719999223947525,0.03779200091958046,0.029600000008940697,0.0031850814569975997,0.023693109396845102,0.029310525860637426,25088,24576,49664,1.616666707507103,0.2924045816440748,0.4431057085131784
graph_eager,mha,32,32,128,1,2048,bf16,uniform,strided,permuted,1234,pass,q_maxdiff=0.00e+00 k_maxdiff=0.00e+00 cases=4,uniform[0]|uniform[1]|permuted-requests|strided-qkv,0.03175999969244003,0.03347200155258179,0.0306560005992651,0.0006781433732947417,0.030979099683463573,0.03477494465187192,25088,24576,49664,1.563727974840684,0.2828296161263144,0.4285959431193486
graph_compile,mha,32,32,128,1,2048,bf16,uniform,strided,permuted,1234,pass,q_maxdiff=0.00e+00 k_maxdiff=0.00e+00 cases=4,uniform[0]|uniform[1]|permuted-requests|strided-qkv,0.010847999714314938,0.012575999833643436,0.005375999957323074,0.001375590656058209,0.0059995707124471664,0.01141655957326293,25088,24576,49664,4.578171212012826,0.8280483736860003,1.2548126272246296
eager,mha,32,32,128,1,2048,bf16,ragged,packed,identity,1234,pass,q_maxdiff=0.00e+00 k_maxdiff=0.00e+00 cases=5,ragged[0]|ragged[1]|uniform|permuted-requests|strided-qkv,0.09059199690818787,0.09836799651384354,0.08844800293445587,0.003522744061986239,0.07800413994118571,0.08999899728223681,25088,24576,49664,0.5482161967390221,0.0991552104794459,0.1502583835904081
compile,mha,32,32,128,1,2048,bf16,ragged,packed,identity,1234,pass,q_maxdiff=0.00e+00 k_maxdiff=0.00e+00 cases=5,ragged[0]|ragged[1]|uniform|permuted-requests|strided-qkv,0.04295999929308891,0.051392000168561935,0.031199999153614044,0.007112394460629197,0.028818940045312047,0.036423502024263144,25088,24576,49664,1.1560521605499556,0.20909377721125205,0.3168577105596319
graph_eager,mha,32,32,128,1,2048,bf16,ragged,packed,identity,1234,pass,q_maxdiff=0.00e+00 k_maxdiff=0.00e+00 cases=5,ragged[0]|ragged[1]|uniform|permuted-requests|strided-qkv,0.03171199932694435,0.03331200033426285,0.030688000842928886,0.0008689978733119887,0.030904660234227777,0.03499101148918271,25088,24576,49664,1.5660948869219542,0.2832577166950329,0.429244680580131
graph_compile,mha,32,32,128,1,2048,bf16,ragged,packed,identity,1234,pass,q_maxdiff=0.00e+00 k_maxdiff=0.00e+00 cases=5,ragged[0]|ragged[1]|uniform|permuted-requests|strided-qkv,0.010768000036478043,0.015968000516295433,0.006175999995321035,0.0020039743194081184,0.006259760120883584,0.012078031431883574,25088,24576,49664,4.612184234004137,0.8342002684579017,1.2641351203137428
eager,mha,32,32,128,1,2048,bf16,ragged,packed,permuted,1234,pass,q_maxdiff=0.00e+00 k_maxdiff=0.00e+00 cases=5,ragged[0]|ragged[1]|uniform|permuted-requests|strided-qkv,0.09115200117230415,0.10019200295209885,0.08924800157546997,0.0036868630247807762,0.07871877984143794,0.09515404235571623,25088,24576,49664,0.5448481586939644,0.09854603745017937,0.14933525152037502
compile,mha,32,32,128,1,2048,bf16,ragged,packed,permuted,1234,pass,q_maxdiff=0.00e+00 k_maxdiff=0.00e+00 cases=5,ragged[0]|ragged[1]|uniform|permuted-requests|strided-qkv,0.04327999986708164,0.05104000121355057,0.03171199932694435,0.007138763090976974,0.028797400882467628,0.03627303522080183,25088,24576,49664,1.1475046245962206,0.20754779456496278,0.3145149506343893
graph_eager,mha,32,32,128,1,2048,bf16,ragged,packed,permuted,1234,pass,q_maxdiff=0.00e+00 k_maxdiff=0.00e+00 cases=5,ragged[0]|ragged[1]|uniform|permuted-requests|strided-qkv,0.03175999969244003,0.03347200155258179,0.0307839997112751,0.0008241639966714153,0.03079504938796163,0.035787466913461685,25088,24576,49664,1.563727974840684,0.2828296161263144,0.4285959431193486
graph_compile,mha,32,32,128,1,2048,bf16,ragged,packed,permuted,1234,pass,q_maxdiff=0.00e+00 k_maxdiff=0.00e+00 cases=5,ragged[0]|ragged[1]|uniform|permuted-requests|strided-qkv,0.011087999679148197,0.012095999903976917,0.005919999908655882,0.001062732673271364,0.006322480039671063,0.010725576430559158,25088,24576,49664,4.479076608686851,0.8101252508220442,1.2276521839417365
eager,mha,32,32,128,1,2048,bf16,ragged,strided,identity,1234,pass,q_maxdiff=0.00e+00 k_maxdiff=0.00e+00 cases=5,ragged[0]|ragged[1]|uniform|permuted-requests|strided-qkv,0.0899679996073246,0.09920000284910202,0.08752000331878662,0.003693410847919039,0.0782046199310571,0.08944747969508171,25088,24576,49664,0.5520184978744007,0.09984292815657278,0.15130054109309485
compile,mha,32,32,128,1,2048,bf16,ragged,strided,identity,1234,pass,q_maxdiff=0.00e+00 k_maxdiff=0.00e+00 cases=5,ragged[0]|ragged[1]|uniform|permuted-requests|strided-qkv,0.0423360001295805,0.0522879995405674,0.03235200047492981,0.007180520021652082,0.029069510055705905,0.036213023122400045,25088,24576,49664,1.1730914552151885,0.21217565414046796,0.3215279426489939
graph_eager,mha,32,32,128,1,2048,bf16,ragged,strided,identity,1234,pass,q_maxdiff=0.00e+00 k_maxdiff=0.00e+00 cases=5,ragged[0]|ragged[1]|uniform|permuted-requests|strided-qkv,0.03174399957060814,0.033215999603271484,0.030751999467611313,0.0007601813687833088,0.03077973029576242,0.034930475521832705,25088,24576,49664,1.5645161501950133,0.2829721724637924,0.42881197094820844
graph_compile,mha,32,32,128,1,2048,bf16,ragged,strided,identity,1234,pass,q_maxdiff=0.00e+00 k_maxdiff=0.00e+00 cases=5,ragged[0]|ragged[1]|uniform|permuted-requests|strided-qkv,0.010879999957978725,0.012512000277638435,0.009184000082314014,0.0009984961557711958,0.006113479612395167,0.011225987691432238,25088,24576,49664,4.564705899982974,0.8256129187387855,1.2511219737339427
eager,mha,32,32,128,1,2048,bf16,ragged,strided,permuted,1234,pass,q_maxdiff=0.00e+00 k_maxdiff=0.00e+00 cases=5,ragged[0]|ragged[1]|uniform|permuted-requests|strided-qkv,0.0912800021469593,0.09955199807882309,0.08876799792051315,0.003550633253259693,0.07892356952652335,0.08918700041249394,25088,24576,49664,0.5440841239249948,0.09840784739161958,0.1491258402879541
compile,mha,32,32,128,1,2048,bf16,ragged,strided,permuted,1234,pass,q_maxdiff=0.00e+00 k_maxdiff=0.00e+00 cases=5,ragged[0]|ragged[1]|uniform|permuted-requests|strided-qkv,0.04342400096356869,0.053599998354911804,0.031968001276254654,0.007604740527154896,0.029004999669268727,0.037581019569188356,25088,24576,49664,1.143699311393864,0.20685953209886954,0.3134719675663178
graph_eager,mha,32,32,128,1,2048,bf16,ragged,strided,permuted,1234,pass,q_maxdiff=0.00e+00 k_maxdiff=0.00e+00 cases=5,ragged[0]|ragged[1]|uniform|permuted-requests|strided-qkv,0.031808000057935715,0.033055998384952545,0.030527999624609947,0.0010573267568783561,0.030639258911833164,0.035807432141155005,25088,24576,49664,1.5613682064116265,0.2824028076214622,0.4279491636336147
graph_compile,mha,32,32,128,1,2048,bf16,ragged,strided,permuted,1234,pass,q_maxdiff=0.00e+00 k_maxdiff=0.00e+00 cases=5,ragged[0]|ragged[1]|uniform|permuted-requests|strided-qkv,0.010784000158309937,0.012032000347971916,0.00848000030964613,0.0009705014321889032,0.006000170251354575,0.010935473255813122,25088,24576,49664,4.605341178684044,0.8329625731934742,1.2622595346646264
eager,mha,32,32,128,1,2048,fp16,uniform,packed,identity,1234,pass,q_maxdiff=0.00e+00 k_maxdiff=0.00e+00 cases=4,uniform[0]|uniform[1]|permuted-requests|strided-qkv,0.09068799763917923,0.10211200267076492,0.08899199962615967,0.0040640816494568075,0.07866378058679402,0.08889695163816214,25088,24576,49664,0.5476358646443865,0.09905024650476973,0.15009932268888007
compile,mha,32,32,128,1,2048,fp16,uniform,packed,identity,1234,pass,q_maxdiff=0.00e+00 k_maxdiff=0.00e+00 cases=4,uniform[0]|uniform[1]|permuted-requests|strided-qkv,0.030224000103771687,0.03711999952793121,0.02848000079393387,0.0026848972602538414,0.022843920160084963,0.02836296334862709,25088,24576,49664,1.6431974533312144,0.29720316603836033,0.4503774144691349
graph_eager,mha,32,32,128,1,2048,fp16,uniform,packed,identity,1234,pass,q_maxdiff=0.00e+00 k_maxdiff=0.00e+00 cases=4,uniform[0]|uniform[1]|permuted-requests|strided-qkv,0.031856000423431396,0.03347200155258179,0.030751999467611313,0.0008727776497573156,0.030790440505370498,0.035742472391575575,25088,24576,49664,1.5590155493427882,0.2819772853398619,0.427304333272146
graph_compile,mha,32,32,128,1,2048,fp16,uniform,packed,identity,1234,pass,q_maxdiff=0.00e+00 k_maxdiff=0.00e+00 cases=4,uniform[0]|uniform[1]|permuted-requests|strided-qkv,0.010847999714314938,0.014015999622642994,0.008511999621987343,0.0013304211266442936,0.005987350596114993,0.011831521987915039,25088,24576,49664,4.578171212012826,0.8280483736860003,1.2548126272246296
eager,mha,32,32,128,1,2048,fp16,uniform,packed,permuted,1234,pass,q_maxdiff=0.00e+00 k_maxdiff=0.00e+00 cases=4,uniform[0]|uniform[1]|permuted-requests|strided-qkv,0.09063999727368355,0.10185600072145462,0.08243200182914734,0.004470946043713155,0.0790879805572331,0.09021948790177703,25088,24576,49664,0.5479258770280157,0.09910270069913948,0.15017881102257857
compile,mha,32,32,128,1,2048,fp16,uniform,packed,permuted,1234,pass,q_maxdiff=0.00e+00 k_maxdiff=0.00e+00 cases=4,uniform[0]|uniform[1]|permuted-requests|strided-qkv,0.030848000198602676,0.03811199963092804,0.02924799919128418,0.0034112585087979303,0.02302546054124832,0.028423441108316183,25088,24576,49664,1.6099584958589837,0.291191275393974,0.4412670816265149
graph_eager,mha,32,32,128,1,2048,fp16,uniform,packed,permuted,1234,pass,q_maxdiff=0.00e+00 k_maxdiff=0.00e+00 cases=4,uniform[0]|uniform[1]|permuted-requests|strided-qkv,0.03175999969244003,0.03347200155258179,0.03062400035560131,0.0007676830274740527,0.030912070069462057,0.03574200673028827,25088,24576,49664,1.563727974840684,0.2828296161263144,0.4285959431193486
graph_compile,mha,32,32,128,1,2048,fp16,uniform,packed,permuted,1234,pass,q_maxdiff=0.00e+00 k_maxdiff=0.00e+00 cases=4,uniform[0]|uniform[1]|permuted-requests|strided-qkv,0.011024000123143196,0.015936000272631645,0.0060800001956522465,0.0019414713306179262,0.00598144019022584,0.011161027941852808,25088,24576,49664,4.505079775510711,0.8148284126309964,1.234779287880705
eager,mha,32,32,128,1,2048,fp16,uniform,strided,identity,1234,pass,q_maxdiff=0.00e+00 k_maxdiff=0.00e+00 cases=4,uniform[0]|uniform[1]|permuted-requests|strided-qkv,0.09019200131297112,0.0981760025024414,0.08796799927949905,0.004366424947598136,0.0834263302385807,0.08574099047109485,25088,24576,49664,0.5506474995234137,0.09959495731793701,0.1509247696413395
compile,mha,32,32,128,1,2048,fp16,uniform,strided,identity,1234,pass,q_maxdiff=0.00e+00 k_maxdiff=0.00e+00 cases=4,uniform[0]|uniform[1]|permuted-requests|strided-qkv,0.03017600066959858,0.03532800078392029,0.025728000327944756,0.0025539504077804432,0.022974660387262702,0.028462964110076427,25088,24576,49664,1.6458112042009263,0.29767591204471466,0.4510938069856768
graph_eager,mha,32,32,128,1,2048,fp16,uniform,strided,identity,1234,pass,q_maxdiff=0.00e+00 k_maxdiff=0.00e+00 cases=4,uniform[0]|uniform[1]|permuted-requests|strided-qkv,0.0318400003015995,0.03359999880194664,0.030527999624609947,0.000979501773738935,0.030681029893457886,0.03572698915377259,25088,24576,49664,1.5597989801999184,0.282118983545783,0.4275190607007544
graph_compile,mha,32,32,128,1,2048,fp16,uniform,strided,identity,1234,pass,q_maxdiff=0.00e+00 k_maxdiff=0.00e+00 cases=4,uniform[0]|uniform[1]|permuted-requests|strided-qkv,0.010688000358641148,0.01369599997997284,0.008415999822318554,0.0011722914752225811,0.0062721804715693,0.012087984941899776,25088,24576,49664,4.646706430903806,0.8404442570889583,1.273597171115944
eager,mha,32,32,128,1,2048,fp16,uniform,strided,permuted,1234,pass,q_maxdiff=0.00e+00 k_maxdiff=0.00e+00 cases=4,uniform[0]|uniform[1]|permuted-requests|strided-qkv,0.09086399897933006,0.1491519957780838,0.08700799942016602,0.03256650343997317,0.07721456000581384,0.08866703137755394,25088,24576,49664,0.546575107389866,0.09885838860369854,0.1498085839777764
compile,mha,32,32,128,1,2048,fp16,uniform,strided,permuted,1234,pass,q_maxdiff=0.00e+00 k_maxdiff=0.00e+00 cases=4,uniform[0]|uniform[1]|permuted-requests|strided-qkv,0.030368000268936157,0.03702399879693985,0.029023999348282814,0.002917288001863511,0.023150088964030147,0.027958012651652098,25088,24576,49664,1.6354056757172117,0.2957938765027335,0.44824179732294295
graph_eager,mha,32,32,128,1,2048,fp16,uniform,strided,permuted,1234,pass,q_maxdiff=0.00e+00 k_maxdiff=0.00e+00 cases=4,uniform[0]|uniform[1]|permuted-requests|strided-qkv,0.031727999448776245,0.03347200155258179,0.0307839997112751,0.0008472242399000617,0.030891130445525047,0.03490550443530083,25088,24576,49664,1.565305120487688,0.283114872580822,0.42902821665853824
graph_compile,mha,32,32,128,1,2048,fp16,uniform,strided,permuted,1234,pass,q_maxdiff=0.00e+00 k_maxdiff=0.00e+00 cases=4,uniform[0]|uniform[1]|permuted-requests|strided-qkv,0.010879999957978725,0.014368000440299511,0.00684799998998642,0.0014019022438889904,0.005998060805723071,0.01173198688775301,25088,24576,49664,4.564705899982974,0.8256129187387855,1.2511219737339427
eager,mha,32,32,128,1,2048,fp16,ragged,packed,identity,1234,pass,q_maxdiff=0.00e+00 k_maxdiff=0.00e+00 cases=5,ragged[0]|ragged[1]|uniform|permuted-requests|strided-qkv,0.09132800251245499,0.12729600071907043,0.08259200304746628,0.01617195587268831,0.07844006991945207,0.08763495134189725,25088,24576,49664,0.5437981630357787,0.09835612598621825,0.14904746241214653
compile,mha,32,32,128,1,2048,fp16,ragged,packed,identity,1234,pass,q_maxdiff=0.00e+00 k_maxdiff=0.00e+00 cases=5,ragged[0]|ragged[1]|uniform|permuted-requests|strided-qkv,0.0427200011909008,0.049984000623226166,0.03190400078892708,0.00689999319206496,0.02901601023040712,0.03956450382247567,25088,24576,49664,1.16254678407121,0.21026845203126893,0.31863779593130964
graph_eager,mha,32,32,128,1,2048,fp16,ragged,packed,identity,1234,pass,q_maxdiff=0.00e+00 k_maxdiff=0.00e+00 cases=5,ragged[0]|ragged[1]|uniform|permuted-requests|strided-qkv,0.03169599920511246,0.03356799855828285,0.0306560005992651,0.0008332239471552911,0.0308561697602272,0.03501097671687603,25088,24576,49664,1.566885450703487,0.2834007050244942,0.4294613630434454
graph_compile,mha,32,32,128,1,2048,fp16,ragged,packed,identity,1234,pass,q_maxdiff=0.00e+00 k_maxdiff=0.00e+00 cases=5,ragged[0]|ragged[1]|uniform|permuted-requests|strided-qkv,0.010623999871313572,0.014015999622642994,0.0081599997356534,0.001214972610880135,0.005986450705677271,0.01210800837725401,25088,24576,49664,4.674698851804433,0.8455072129132135,1.2812695017444984
eager,mha,32,32,128,1,2048,fp16,ragged,packed,permuted,1234,pass,q_maxdiff=0.00e+00 k_maxdiff=0.00e+00 cases=5,ragged[0]|ragged[1]|uniform|permuted-requests|strided-qkv,0.0907839983701706,0.10140799731016159,0.0891840010881424,0.004153956127718836,0.07802868960425258,0.08770456770434976,25088,24576,49664,0.5470567599093363,0.0989455045211598,0.14994059818942934
compile,mha,32,32,128,1,2048,fp16,ragged,packed,permuted,1234,pass,q_maxdiff=0.00e+00 k_maxdiff=0.00e+00 cases=5,ragged[0]|ragged[1]|uniform|permuted-requests|strided-qkv,0.043248001486063004,0.051392000168561935,0.0318400003015995,0.007212831638235923,0.029126220615580678,0.038903497625142336,25088,24576,49664,1.1483536416360094,0.2077013552656164,0.3147476543173491
graph_eager,mha,32,32,128,1,2048,fp16,ragged,packed,permuted,1234,pass,q_maxdiff=0.00e+00 k_maxdiff=0.00e+00 cases=5,ragged[0]|ragged[1]|uniform|permuted-requests|strided-qkv,0.031727999448776245,0.033663999289274216,0.030592000111937523,0.0008503999491084447,0.030841139378026128,0.03576755989342928,25088,24576,49664,1.565305120487688,0.283114872580822,0.42902821665853824
graph_compile,mha,32,32,128,1,2048,fp16,ragged,packed,permuted,1234,pass,q_maxdiff=0.00e+00 k_maxdiff=0.00e+00 cases=5,ragged[0]|ragged[1]|uniform|permuted-requests|strided-qkv,0.011168000288307667,0.011680000461637974,0.010208000428974628,0.0008395926253268741,0.005969209596514702,0.011406547855585814,25088,24576,49664,4.446991289210093,0.8043220173077072,1.2188580471208308
eager,mha,32,32,128,1,2048,fp16,ragged,strided,identity,1234,pass,q_maxdiff=0.00e+00 k_maxdiff=0.00e+00 cases=5,ragged[0]|ragged[1]|uniform|permuted-requests|strided-qkv,0.09115200117230415,0.10230399668216705,0.08892799913883209,0.004038053587389301,0.07841832004487514,0.08918798994272947,25088,24576,49664,0.5448481586939644,0.09854603745017937,0.14933525152037502
compile,mha,32,32,128,1,2048,fp16,ragged,strided,identity,1234,pass,q_maxdiff=0.00e+00 k_maxdiff=4.88e-04 cases=5,ragged[0]|ragged[1]|uniform|permuted-requests|strided-qkv,0.04294399917125702,0.052799999713897705,0.03235200047492981,0.007254417618914567,0.028920730110257864,0.03741041291505098,25088,24576,49664,1.1564828837189611,0.2091716815977608,0.31697576574941777
graph_eager,mha,32,32,128,1,2048,fp16,ragged,strided,identity,1234,pass,q_maxdiff=0.00e+00 k_maxdiff=0.00e+00 cases=5,ragged[0]|ragged[1]|uniform|permuted-requests|strided-qkv,0.03169599920511246,0.0331839993596077,0.03049599938094616,0.0007362791023896433,0.030876509845256805,0.03560201730579138,25088,24576,49664,1.566885450703487,0.2834007050244942,0.4294613630434454
graph_compile,mha,32,32,128,1,2048,fp16,ragged,strided,identity,1234,pass,q_maxdiff=0.00e+00 k_maxdiff=4.88e-04 cases=5,ragged[0]|ragged[1]|uniform|permuted-requests|strided-qkv,0.010879999957978725,0.01321600005030632,0.006175999995321035,0.0018111157484705534,0.0060481601394712925,0.01217803219333291,25088,24576,49664,4.564705899982974,0.8256129187387855,1.2511219737339427
eager,mha,32,32,128,1,2048,fp16,ragged,strided,permuted,1234,pass,q_maxdiff=0.00e+00 k_maxdiff=0.00e+00 cases=5,ragged[0]|ragged[1]|uniform|permuted-requests|strided-qkv,0.09065599739551544,0.0989760011434555,0.0873280018568039,0.003752028692259716,0.07792871096171439,0.08916296064853668,25088,24576,49664,0.5478291721100934,0.09908520979582795,0.1501523055586053
compile,mha,32,32,128,1,2048,fp16,ragged,strided,permuted,1234,pass,q_maxdiff=0.00e+00 k_maxdiff=4.88e-04 cases=5,ragged[0]|ragged[1]|uniform|permuted-requests|strided-qkv,0.04310399852693081,0.05177599936723709,0.031647998839616776,0.0072492630657624456,0.029169400222599506,0.03985455259680748,25088,24576,49664,1.1521900913431637,0.20839524935424325,0.3157991714654229
graph_eager,mha,32,32,128,1,2048,fp16,ragged,strided,permuted,1234,pass,q_maxdiff=0.00e+00 k_maxdiff=0.00e+00 cases=5,ragged[0]|ragged[1]|uniform|permuted-requests|strided-qkv,0.03192000091075897,0.03347200155258179,0.030527999624609947,0.0008490490689922749,0.030820899410173297,0.0358069664798677,25088,24576,49664,1.5558896799172783,0.28141191306034635,0.42644757622996876
graph_compile,mha,32,32,128,1,2048,fp16,ragged,strided,permuted,1234,pass,q_maxdiff=0.00e+00 k_maxdiff=4.88e-04 cases=5,ragged[0]|ragged[1]|uniform|permuted-requests|strided-qkv,0.010816000401973724,0.015200000256299973,0.0063680000603199005,0.0018809409539439041,0.0059546902775764465,0.010955496691167355,25088,24576,49664,4.59171580568148,0.8304981682087866,1.2585250107024382
eager,mha,32,32,128,1,2048,fp32,uniform,packed,identity,1234,pass,q_maxdiff=0.00e+00 k_maxdiff=0.00e+00 cases=4,uniform[0]|uniform[1]|permuted-requests|strided-qkv,0.07507199794054031,0.08687999844551086,0.07366400212049484,0.0039786345661691385,0.06400624057278037,0.07274647941812873,49664,49152,98816,1.316283071062872,0.23807455113170012,0.36077475963279443
compile,mha,32,32,128,1,2048,fp32,uniform,packed,identity,1234,pass,q_maxdiff=2.38e-07 k_maxdiff=2.38e-07 cases=4,uniform[0]|uniform[1]|permuted-requests|strided-qkv,0.030224000103771687,0.0360959991812706,0.027103999629616737,0.0025443039800205768,0.02284232061356306,0.028438458684831858,49664,49152,98816,3.2694547267311793,0.5913423819113769,0.896111762809722
graph_eager,mha,32,32,128,1,2048,fp32,uniform,packed,identity,1234,pass,q_maxdiff=0.00e+00 k_maxdiff=0.00e+00 cases=4,uniform[0]|uniform[1]|permuted-requests|strided-qkv,0.02580800000578165,0.02739199995994568,0.02454400062561035,0.0009884348654438833,0.02478515962138772,0.030562456231564283,49664,49152,98816,3.828890265726236,0.6925268214604039,1.0494452110231147
graph_compile,mha,32,32,128,1,2048,fp32,uniform,packed,identity,1234,pass,q_maxdiff=2.38e-07 k_maxdiff=2.38e-07 cases=4,uniform[0]|uniform[1]|permuted-requests|strided-qkv,0.010847999714314938,0.01408000010997057,0.008608000352978706,0.0012528647516770978,0.0060047791339457035,0.011491472832858562,49664,49152,98816,9.109144782664695,1.64756016619998,2.496689041797459
eager,mha,32,32,128,1,2048,fp32,uniform,packed,permuted,1234,pass,q_maxdiff=0.00e+00 k_maxdiff=0.00e+00 cases=4,uniform[0]|uniform[1]|permuted-requests|strided-qkv,0.07507199794054031,0.08294399827718735,0.07347200065851212,0.0029743515706906103,0.0642087310552597,0.07355300476774573,49664,49152,98816,1.316283071062872,0.23807455113170012,0.36077475963279443
compile,mha,32,32,128,1,2048,fp32,uniform,packed,permuted,1234,pass,q_maxdiff=2.38e-07 k_maxdiff=2.38e-07 cases=4,uniform[0]|uniform[1]|permuted-requests|strided-qkv,0.03081599995493889,0.03811199963092804,0.0297279991209507,0.0030486622815496926,0.023222729796543717,0.02839352237060666,49664,49152,98816,3.2066459029236447,0.5799822247659884,0.8788967436317542
graph_eager,mha,32,32,128,1,2048,fp32,uniform,packed,permuted,1234,pass,q_maxdiff=0.00e+00 k_maxdiff=0.00e+00 cases=4,uniform[0]|uniform[1]|permuted-requests|strided-qkv,0.02582399919629097,0.02768000029027462,0.024383999407291412,0.0008194745956012044,0.024733870523050427,0.029634975362569094,49664,49152,98816,3.826518086872953,0.6920977682969051,1.048795030013867
graph_compile,mha,32,32,128,1,2048,fp32,uniform,packed,permuted,1234,pass,q_maxdiff=2.38e-07 k_maxdiff=2.38e-07 cases=4,uniform[0]|uniform[1]|permuted-requests|strided-qkv,0.011008000001311302,0.014751999638974667,0.007071999832987785,0.0017932644613399518,0.006041349843144417,0.010574993211776018,49664,49152,98816,8.976744184977179,1.6236130278093208,2.4603998917992134
eager,mha,32,32,128,1,2048,fp32,uniform,strided,identity,1234,pass,q_maxdiff=0.00e+00 k_maxdiff=0.00e+00 cases=4,uniform[0]|uniform[1]|permuted-requests|strided-qkv,0.07475200295448303,0.08220800012350082,0.0732479989528656,0.003368862999002915,0.06376920035108924,0.07383845513686538,49664,49152,98816,1.3219177559719664,0.23909368987927815,0.3623191478714455
compile,mha,32,32,128,1,2048,fp32,uniform,strided,identity,1234,pass,q_maxdiff=2.38e-07 k_maxdiff=2.38e-07 cases=4,uniform[0]|uniform[1]|permuted-requests|strided-qkv,0.030848000198602676,0.03731200098991394,0.029632000252604485,0.0027873718230126345,0.022730809869244695,0.028208072762936354,49664,49152,98816,3.20331948145138,0.57938057887667,0.8779850180816225
graph_eager,mha,32,32,128,1,2048,fp32,uniform,strided,identity,1234,pass,q_maxdiff=0.00e+00 k_maxdiff=0.00e+00 cases=4,uniform[0]|uniform[1]|permuted-requests|strided-qkv,0.025696000084280968,0.027295999228954315,0.02486399933695793,0.000975244264425381,0.024595800787210464,0.03015651600435376,49664,49152,98816,3.845579065842578,0.6955453048580643,1.0540193774641304
graph_compile,mha,32,32,128,1,2048,fp32,uniform,strided,identity,1234,pass,q_maxdiff=2.38e-07 k_maxdiff=2.38e-07 cases=4,uniform[0]|uniform[1]|permuted-requests|strided-qkv,0.010816000401973724,0.014336000196635723,0.007712000049650669,0.0014264801727331185,0.005964310839772224,0.012203003279864788,49664,49152,98816,9.13609433501573,1.652434499631916,2.5040755367584597
eager,mha,32,32,128,1,2048,fp32,uniform,strided,permuted,1234,pass,q_maxdiff=0.00e+00 k_maxdiff=0.00e+00 cases=4,uniform[0]|uniform[1]|permuted-requests|strided-qkv,0.07531199976801872,0.08323200047016144,0.07347200065851212,0.0032825150298664385,0.06448614993132651,0.0729719758965075,49664,49152,98816,1.3120883830515713,0.237315862907729,0.3596250543814843
compile,mha,32,32,128,1,2048,fp32,uniform,strided,permuted,1234,pass,q_maxdiff=2.38e-07 k_maxdiff=2.38e-07 cases=4,uniform[0]|uniform[1]|permuted-requests|strided-qkv,0.030559999868273735,0.03788800165057182,0.028960000723600388,0.003141344574606997,0.023100700927898288,0.028237991500645876,49664,49152,98816,3.2335078673409,0.5848407162726744,0.8862592319664817
graph_eager,mha,32,32,128,1,2048,fp32,uniform,strided,permuted,1234,pass,q_maxdiff=0.00e+00 k_maxdiff=0.00e+00 cases=4,uniform[0]|uniform[1]|permuted-requests|strided-qkv,0.02579200081527233,0.027456000447273254,0.024351999163627625,0.0010458126148464291,0.024650710402056575,0.029515998903661966,49664,49152,98816,3.8312653875804643,0.692956406920978,1.0500961986677144
graph_compile,mha,32,32,128,1,2048,fp32,uniform,strided,permuted,1234,pass,q_maxdiff=2.38e-07 k_maxdiff=2.38e-07 cases=4,uniform[0]|uniform[1]|permuted-requests|strided-qkv,0.010847999714314938,0.015615999698638916,0.0063680000603199005,0.0020465870032956896,0.006054070545360446,0.011887517757713795,49664,49152,98816,9.109144782664695,1.64756016619998,2.496689041797459
eager,mha,32,32,128,1,2048,fp32,ragged,packed,identity,1234,pass,q_maxdiff=0.00e+00 k_maxdiff=0.00e+00 cases=5,ragged[0]|ragged[1]|uniform|permuted-requests|strided-qkv,0.07548800110816956,0.08294399827718735,0.07411199808120728,0.0029869147663756116,0.06401936989277601,0.07406447548419237,49664,49152,98816,1.3090292304654205,0.23676255762347648,0.358786583490829
compile,mha,32,32,128,1,2048,fp32,ragged,packed,identity,1234,pass,q_maxdiff=4.77e-07 k_maxdiff=2.38e-07 cases=5,ragged[0]|ragged[1]|uniform|permuted-requests|strided-qkv,0.04294399917125702,0.052352000027894974,0.031968001276254654,0.007152069505021031,0.029202359728515148,0.03921845927834511,49664,49152,98816,2.301043263482057,0.41618695410688494,0.6306837400993571
graph_eager,mha,32,32,128,1,2048,fp32,ragged,packed,identity,1234,pass,q_maxdiff=0.00e+00 k_maxdiff=0.00e+00 cases=5,ragged[0]|ragged[1]|uniform|permuted-requests|strided-qkv,0.025631999596953392,0.02739199995994568,0.024447999894618988,0.0008317952118779401,0.024709919234737754,0.029380549676716328,49664,49152,98816,3.8551810843405763,0.6972820105060549,1.0566511562902516
graph_compile,mha,32,32,128,1,2048,fp32,ragged,packed,identity,1234,pass,q_maxdiff=4.77e-07 k_maxdiff=2.38e-07 cases=5,ragged[0]|ragged[1]|uniform|permuted-requests|strided-qkv,0.010768000036478043,0.015135999768972397,0.008608000352978706,0.0014300471603640355,0.005974719533696771,0.012182979844510555,49664,49152,98816,9.176820176936065,1.659800534148196,2.5152379197995085
eager,mha,32,32,128,1,2048,fp32,ragged,packed,permuted,1234,pass,q_maxdiff=0.00e+00 k_maxdiff=0.00e+00 cases=5,ragged[0]|ragged[1]|uniform|permuted-requests|strided-qkv,0.07558400183916092,0.08287999778985977,0.07385600358247757,0.003114914580566964,0.06401316029950976,0.07283146260306239,49664,49152,98816,1.3073666066302714,0.23646184083089902,0.3583308815771051
compile,mha,32,32,128,1,2048,fp32,ragged,packed,permuted,1234,pass,q_maxdiff=4.77e-07 k_maxdiff=2.38e-07 cases=5,ragged[0]|ragged[1]|uniform|permuted-requests|strided-qkv,0.0423360001295805,0.05407999828457832,0.03129599988460541,0.0075202810823721145,0.02876032958738506,0.03832695074379444,49664,49152,98816,2.3340891840879525,0.4221639304031991,0.6397411642397507
graph_eager,mha,32,32,128,1,2048,fp32,ragged,packed,permuted,1234,pass,q_maxdiff=0.00e+00 k_maxdiff=0.00e+00 cases=5,ragged[0]|ragged[1]|uniform|permuted-requests|strided-qkv,0.02566399984061718,0.02739199995994568,0.024447999894618988,0.0012024465632051052,0.024691689759492874,0.0305724679492414,49664,49152,98816,3.850374088750136,0.6964125749396141,1.0553336261048207
graph_compile,mha,32,32,128,1,2048,fp32,ragged,packed,permuted,1234,pass,q_maxdiff=4.77e-07 k_maxdiff=2.38e-07 cases=5,ragged[0]|ragged[1]|uniform|permuted-requests|strided-qkv,0.011103999800980091,0.011680000461637974,0.010304000228643417,0.0006687552754603398,0.006024420727044344,0.01177698140963912,49664,49152,98816,8.899135606187423,1.6095760566094857,2.439128467001728
eager,mha,32,32,128,1,2048,fp32,ragged,strided,identity,1234,pass,q_maxdiff=0.00e+00 k_maxdiff=0.00e+00 cases=5,ragged[0]|ragged[1]|uniform|permuted-requests|strided-qkv,0.07545600086450577,0.08313599973917007,0.07411199808120728,0.003243113607076521,0.06430840934626758,0.07352355169132352,49664,49152,98816,1.3095843785498404,0.23686296659622366,0.35893874180777485
compile,mha,32,32,128,1,2048,fp32,ragged,strided,identity,1234,pass,q_maxdiff=4.77e-07 k_maxdiff=2.38e-07 cases=5,ragged[0]|ragged[1]|uniform|permuted-requests|strided-qkv,0.0435199998319149,0.05145600065588951,0.032255999743938446,0.007140564969746831,0.028731179190799594,0.037586025428026915,49664,49152,98816,2.270588244063696,0.41067859102212784,0.6223364456975541
graph_eager,mha,32,32,128,1,2048,fp32,ragged,strided,identity,1234,pass,q_maxdiff=0.00e+00 k_maxdiff=0.00e+00 cases=5,ragged[0]|ragged[1]|uniform|permuted-requests|strided-qkv,0.025567999109625816,0.028351999819278717,0.02409599907696247,0.0013105390433801733,0.024735069600865245,0.029204937163740396,49664,49152,98816,3.8648311733864946,0.699027410616787,1.0592961105804903
graph_compile,mha,32,32,128,1,2048,fp32,ragged,strided,identity,1234,pass,q_maxdiff=4.77e-07 k_maxdiff=2.38e-07 cases=5,ragged[0]|ragged[1]|uniform|permuted-requests|strided-qkv,0.010879999957978725,0.012384000234305859,0.008352000266313553,0.0011056916519729908,0.006022509187459946,0.011937518138438463,49664,49152,98816,9.082352976254784,1.6427143640885113,2.4893457827902163
eager,mha,32,32,128,1,2048,fp32,ragged,strided,permuted,1234,pass,q_maxdiff=0.00e+00 k_maxdiff=0.00e+00 cases=5,ragged[0]|ragged[1]|uniform|permuted-requests|strided-qkv,0.07552000135183334,0.08265600353479385,0.07407999783754349,0.002848280535024911,0.06451950990594923,0.07368344813585281,49664,49152,98816,1.308474552849053,0.23666223374372555,0.358634554122589
compile,mha,32,32,128,1,2048,fp32,ragged,strided,permuted,1234,pass,q_maxdiff=4.77e-07 k_maxdiff=2.38e-07 cases=5,ragged[0]|ragged[1]|uniform|permuted-requests|strided-qkv,0.043535999953746796,0.0496320016682148,0.031936001032590866,0.006923062736040577,0.02901321044191718,0.03807147732004523,49664,49152,98816,2.269753769408843,0.4105276605853149,0.6221077278786876
graph_eager,mha,32,32,128,1,2048,fp32,ragged,strided,permuted,1234,pass,q_maxdiff=0.00e+00 k_maxdiff=0.00e+00 cases=5,ragged[0]|ragged[1]|uniform|permuted-requests|strided-qkv,0.025679999962449074,0.026655999943614006,0.024512000381946564,0.0008971958732988878,0.024688279954716563,0.030141556635499,49664,49152,98816,3.847975083508374,0.6959786697191861,1.054676092358105
graph_compile,mha,32,32,128,1,2048,fp32,ragged,strided,permuted,1234,pass,q_maxdiff=4.77e-07 k_maxdiff=2.38e-07 cases=5,ragged[0]|ragged[1]|uniform|permuted-requests|strided-qkv,0.010879999957978725,0.012703999876976013,0.00684799998998642,0.001860229376343386,0.005997370462864637,0.010820047464221716,49664,49152,98816,9.082352976254784,1.6427143640885113,2.4893457827902163
eager,mha,32,32,128,8,128,bf16,uniform,packed,identity,1234,pass,q_maxdiff=0.00e+00 k_maxdiff=0.00e+00 cases=4,uniform[0]|uniform[1]|permuted-requests|strided-qkv,0.09121600165963173,0.09961599856615067,0.08777599781751633,0.003984029299630877,0.07971936953254044,0.0877194688655436,200704,196608,397312,4.355726986176737,0.7878151515303718,1.1938437795109569
compile,mha,32,32,128,8,128,bf16,uniform,packed,identity,1234,pass,q_maxdiff=0.00e+00 k_maxdiff=0.00e+00 cases=4,uniform[0]|uniform[1]|permuted-requests|strided-qkv,0.02630399912595749,0.03155200183391571,0.02489599958062172,0.0032753793333316753,0.019444329664111137,0.039268576074391603,200704,196608,397312,15.104623372950233,2.731955237124484,4.139965776753289
graph_eager,mha,32,32,128,8,128,bf16,uniform,packed,identity,1234,pass,q_maxdiff=0.00e+00 k_maxdiff=0.00e+00 cases=4,uniform[0]|uniform[1]|permuted-requests|strided-qkv,0.03174399957060814,0.03347200155258179,0.030368000268936157,0.0008481374040941467,0.030679439660161734,0.035807432141155005,200704,196608,397312,12.516129201560107,2.2637773797103393,3.4304957675856675
graph_compile,mha,32,32,128,8,128,bf16,uniform,packed,identity,1234,pass,q_maxdiff=0.00e+00 k_maxdiff=0.00e+00 cases=4,uniform[0]|uniform[1]|permuted-requests|strided-qkv,0.010768000036478043,0.011680000461637974,0.005760000087320805,0.0015020942203069177,0.005902179982513189,0.009483075700700283,200704,196608,397312,36.897473872033096,6.673602147663214,10.113080962509942
eager,mha,32,32,128,8,128,bf16,ragged,packed,identity,1234,pass,q_maxdiff=0.00e+00 k_maxdiff=0.00e+00 cases=5,ragged[0]|ragged[1]|uniform|permuted-requests|strided-qkv,0.0910400003194809,0.0984639972448349,0.08787199854850769,0.00291369221329292,0.08047468960285187,0.08867646101862192,200704,196608,397312,4.364147612101693,0.7893381801109286,1.1961517551742618
compile,mha,32,32,128,8,128,bf16,ragged,packed,identity,1234,pass,q_maxdiff=0.00e+00 k_maxdiff=1.95e-03 cases=5,ragged[0]|ragged[1]|uniform|permuted-requests|strided-qkv,0.0266720000654459,0.032896000891923904,0.025472000241279602,0.002871415734471212,0.019174719927832484,0.024570967070758343,200704,196608,397312,14.896220719297519,2.6942616974036087,4.082845527369787
graph_eager,mha,32,32,128,8,128,bf16,ragged,packed,identity,1234,pass,q_maxdiff=0.00e+00 k_maxdiff=0.00e+00 cases=5,ragged[0]|ragged[1]|uniform|permuted-requests|strided-qkv,0.031808000057935715,0.03280000016093254,0.030719999223947525,0.0008029218312917757,0.030837530503049493,0.0357875251211226,200704,196608,397312,12.490945651293012,2.2592224609716975,3.4235933090689175
graph_compile,mha,32,32,128,8,128,bf16,ragged,packed,identity,1234,pass,q_maxdiff=0.00e+00 k_maxdiff=1.95e-03 cases=5,ragged[0]|ragged[1]|uniform|permuted-requests|strided-qkv,0.010400000028312206,0.01375999953597784,0.006752000190317631,0.0014755158396142494,0.0059989700093865395,0.011195952538400888,200704,196608,397312,38.20307681907563,6.9097449974853165,10.470928449688207
eager,mha,32,32,128,8,128,fp16,uniform,packed,identity,1234,pass,q_maxdiff=0.00e+00 k_maxdiff=0.00e+00 cases=4,uniform[0]|uniform[1]|permuted-requests|strided-qkv,0.09091199934482574,0.09948799759149551,0.08054400235414505,0.0043000039155841815,0.07805082947015762,0.08961401181295514,200704,196608,397312,4.370292182146503,0.7904495411756381,1.1978358957893753
compile,mha,32,32,128,8,128,fp16,uniform,packed,identity,1234,pass,q_maxdiff=4.88e-04 k_maxdiff=4.88e-04 cases=4,uniform[0]|uniform[1]|permuted-requests|strided-qkv,0.02755199931561947,0.0360959991812706,0.025728000327944756,0.006494385832050215,0.019467370584607124,0.02432550536468625,200704,196608,397312,14.420441705468551,2.608208113911305,3.9524411613743555
graph_eager,mha,32,32,128,8,128,fp16,uniform,packed,identity,1234,pass,q_maxdiff=0.00e+00 k_maxdiff=0.00e+00 cases=4,uniform[0]|uniform[1]|permuted-requests|strided-qkv,0.03175999969244003,0.033215999603271484,0.03049599938094616,0.001224947320192286,0.030790249584242698,0.035351491533219814,200704,196608,397312,12.509823798725472,2.2626369290105153,3.428767544954789
graph_compile,mha,32,32,128,8,128,fp16,uniform,packed,identity,1234,pass,q_maxdiff=4.88e-04 k_maxdiff=4.88e-04 cases=4,uniform[0]|uniform[1]|permuted-requests|strided-qkv,0.010591999627649784,0.011487999930977821,0.009535999968647957,0.0010035132844040781,0.0059676100499928,0.01024449011310935,200704,196608,397312,37.51057533677028,6.784493079275386,10.281123489557308
eager,mha,32,32,128,8,128,fp16,ragged,packed,identity,1234,pass,q_maxdiff=0.00e+00 k_maxdiff=0.00e+00 cases=5,ragged[0]|ragged[1]|uniform|permuted-requests|strided-qkv,0.09151999652385712,0.1008640006184578,0.0896959975361824,0.00375315642267594,0.07856260053813457,0.0894725089892745,200704,196608,397312,4.341258906149871,0.7851983271300154,1.189878281352703
compile,mha,32,32,128,8,128,fp16,ragged,packed,identity,1234,pass,q_maxdiff=2.44e-04 k_maxdiff=4.88e-04 cases=5,ragged[0]|ragged[1]|uniform|permuted-requests|strided-qkv,0.02622400037944317,0.029920000582933426,0.0225600004196167,0.002003948658479051,0.019163800170645118,0.02479151589795947,200704,196608,397312,15.150701428125757,2.740289320076776,4.152595126507727
graph_eager,mha,32,32,128,8,128,fp16,ragged,packed,identity,1234,pass,q_maxdiff=0.00e+00 k_maxdiff=0.00e+00 cases=5,ragged[0]|ragged[1]|uniform|permuted-requests|strided-qkv,0.03171199932694435,0.03347200155258179,0.030559999868273735,0.0008094578842310046,0.03084514057263732,0.03494549309834838,200704,196608,397312,12.528759095375634,2.2660617335602633,3.433957444641048
graph_compile,mha,32,32,128,8,128,fp16,ragged,packed,identity,1234,pass,q_maxdiff=2.44e-04 k_maxdiff=4.88e-04 cases=5,ragged[0]|ragged[1]|uniform|permuted-requests|strided-qkv,0.010688000358641148,0.011392000131309032,0.0077760000713169575,0.0011724267130184826,0.005855299532413483,0.010279007256031036,200704,196608,397312,37.17365144723045,6.7235540567116665,10.188777368927552
eager,mha,32,32,128,8,128,fp32,uniform,packed,identity,1234,pass,q_maxdiff=0.00e+00 k_maxdiff=0.00e+00 cases=4,uniform[0]|uniform[1]|permuted-requests|strided-qkv,0.07454400137066841,0.08313599973917007,0.07353600114583969,0.0034181787763077863,0.06466298014856875,0.07345800986513495,397312,393216,790528,10.604850631362233,1.9180867013974507,2.906641072563526
compile,mha,32,32,128,8,128,fp32,uniform,packed,identity,1234,pass,q_maxdiff=4.77e-07 k_maxdiff=4.77e-07 cases=4,uniform[0]|uniform[1]|permuted-requests|strided-qkv,0.0266720000654459,0.03481600061058998,0.02236800082027912,0.002865287151729545,0.019228520104661584,0.025272485800087452,397312,393216,790528,29.638872152829084,5.360747501019551,8.123599863735762
graph_eager,mha,32,32,128,8,128,fp32,uniform,packed,identity,1234,pass,q_maxdiff=0.00e+00 k_maxdiff=0.00e+00 cases=4,uniform[0]|uniform[1]|permuted-requests|strided-qkv,0.025615999475121498,0.026496000587940216,0.02457600086927414,0.000718048831644002,0.024778350489214063,0.0305724679492414,397312,393216,790528,30.86071268730967,5.581740343057772,8.45848924644346
graph_compile,mha,32,32,128,8,128,fp32,uniform,packed,identity,1234,pass,q_maxdiff=4.77e-07 k_maxdiff=4.77e-07 cases=4,uniform[0]|uniform[1]|permuted-requests|strided-qkv,0.010591999627649784,0.011648000217974186,0.009247999638319016,0.0007250623332694024,0.005864009726792574,0.010364456102252007,397312,393216,790528,74.63444371130582,13.499042930929377,20.45625601530475
eager,mha,32,32,128,8,128,fp32,ragged,packed,identity,1234,pass,q_maxdiff=0.00e+00 k_maxdiff=0.00e+00 cases=5,ragged[0]|ragged[1]|uniform|permuted-requests|strided-qkv,0.0753600001335144,0.0833280012011528,0.07366400212049484,0.003047571810088875,0.0637968594674021,0.07319252472370863,397312,393216,790528,10.490021212837462,1.8973176412515018,2.875167936748145
compile,mha,32,32,128,8,128,fp32,ragged,packed,identity,1234,pass,q_maxdiff=4.77e-07 k_maxdiff=2.38e-07 cases=5,ragged[0]|ragged[1]|uniform|permuted-requests|strided-qkv,0.026240000501275063,0.03129599988460541,0.025407999753952026,0.002082289236454268,0.019229629542678595,0.024551001843065023,397312,393216,790528,30.126828692765702,5.449003619153307,8.257341919131743
graph_eager,mha,32,32,128,8,128,fp32,ragged,packed,identity,1234,pass,q_maxdiff=0.00e+00 k_maxdiff=0.00e+00 cases=5,ragged[0]|ragged[1]|uniform|permuted-requests|strided-qkv,0.025855999439954758,0.02739199995994568,0.024383999407291412,0.0008747464443383862,0.02478525973856449,0.030612514819949865,397312,393216,790528,30.574258087986063,5.5299296408974,8.379976051608224
graph_compile,mha,32,32,128,8,128,fp32,ragged,packed,identity,1234,pass,q_maxdiff=4.77e-07 k_maxdiff=2.38e-07 cases=5,ragged[0]|ragged[1]|uniform|permuted-requests|strided-qkv,0.010623999871313572,0.01244799979031086,0.009824000298976898,0.0009697804041103173,0.00598374055698514,0.010365038178861141,397312,393216,790528,74.40963945552623,13.458382852969091,20.394640316427893
eager,mha,32,32,128,8,2048,bf16,uniform,packed,identity,1234,pass,q_maxdiff=0.00e+00 k_maxdiff=0.00e+00 cases=4,uniform[0]|uniform[1]|permuted-requests|strided-qkv,0.09121600165963173,0.09865599870681763,0.08895999938249588,0.0034546144521319156,0.07775307050906122,0.08804548997431993,200704,196608,397312,4.355726986176737,0.7878151515303718,1.1938437795109569
compile,mha,32,32,128,8,2048,bf16,uniform,packed,identity,1234,pass,q_maxdiff=0.00e+00 k_maxdiff=9.54e-07 cases=4,uniform[0]|uniform[1]|permuted-requests|strided-qkv,0.026575999334454536,0.03420799970626831,0.021407999098300934,0.0029905502219320277,0.019134050235152245,0.024856533855199814,200704,196608,397312,14.950030476743112,2.70399420413563,4.097594028459798
graph_eager,mha,32,32,128,8,2048,bf16,uniform,packed,identity,1234,pass,q_maxdiff=0.00e+00 k_maxdiff=0.00e+00 cases=4,uniform[0]|uniform[1]|permuted-requests|strided-qkv,0.03167999908328056,0.033504001796245575,0.03049599938094616,0.0009610213063551319,0.030957149574533105,0.036468496546149254,200704,196608,397312,12.541414504323184,2.2683507023017238,3.437426115036862
graph_compile,mha,32,32,128,8,2048,bf16,uniform,packed,identity,1234,pass,q_maxdiff=0.00e+00 k_maxdiff=9.54e-07 cases=4,uniform[0]|uniform[1]|permuted-requests|strided-qkv,0.011055999901145697,0.012384000234305859,0.010015999898314476,0.001187482762135182,0.005940960254520178,0.009707990102469921,200704,196608,397312,35.9363244891878,6.499760203690909,9.849643374357099
eager,mha,32,32,128,8,2048,bf16,ragged,packed,identity,1234,pass,q_maxdiff=0.00e+00 k_maxdiff=0.00e+00 cases=5,ragged[0]|ragged[1]|uniform|permuted-requests|strided-qkv,0.0912800021469593,0.09948799759149551,0.08947200328111649,0.0035605888619622546,0.08285885909572244,0.08972850628197193,200704,196608,397312,4.352672991399959,0.7872627791329566,1.1930067223036327
compile,mha,32,32,128,8,2048,bf16,ragged,packed,identity,1234,pass,q_maxdiff=7.63e-06 k_maxdiff=9.54e-07 cases=5,ragged[0]|ragged[1]|uniform|permuted-requests|strided-qkv,0.026559999212622643,0.032896000891923904,0.025312000885605812,0.0031041071277762475,0.01890511019155383,0.024445937015116215,200704,196608,397312,14.959036588042421,2.7056231287584267,4.100062477466446
graph_eager,mha,32,32,128,8,2048,bf16,ragged,packed,identity,1234,pass,q_maxdiff=0.00e+00 k_maxdiff=0.00e+00 cases=5,ragged[0]|ragged[1]|uniform|permuted-requests|strided-qkv,0.0318400003015995,0.033376000821590424,0.030751999467611313,0.0014656824772717638,0.030880708945915106,0.03580749034881592,200704,196608,397312,12.478391841599347,2.256951868366264,3.4201524856060352
graph_compile,mha,32,32,128,8,2048,bf16,ragged,packed,identity,1234,pass,q_maxdiff=7.63e-06 k_maxdiff=9.54e-07 cases=5,ragged[0]|ragged[1]|uniform|permuted-requests|strided-qkv,0.010623999871313572,0.011359999887645245,0.0098879998549819,0.0011852230771837741,0.005954090738669038,0.010248972102999687,200704,196608,397312,37.39759081443546,6.764057703305708,10.250156013955987
eager,mha,32,32,128,8,2048,fp16,uniform,packed,identity,1234,pass,q_maxdiff=0.00e+00 k_maxdiff=0.00e+00 cases=4,uniform[0]|uniform[1]|permuted-requests|strided-qkv,0.09216000139713287,0.10409600287675858,0.0894400030374527,0.005145836754139019,0.07827736088074744,0.0890424707904458,200704,196608,397312,4.311111045755263,0.7797455195320023,1.1816151749385748
compile,mha,32,32,128,8,2048,fp16,uniform,packed,identity,1234,pass,q_maxdiff=3.05e-05 k_maxdiff=4.88e-04 cases=4,uniform[0]|uniform[1]|permuted-requests|strided-qkv,0.026639999821782112,0.03315199911594391,0.02473600022494793,0.0030602933187755337,0.01932571060024202,0.024616485461592674,200704,196608,397312,14.91411421388746,2.6974980724556996,4.087749883698296
graph_eager,mha,32,32,128,8,2048,fp16,uniform,packed,identity,1234,pass,q_maxdiff=0.00e+00 k_maxdiff=0.00e+00 cases=4,uniform[0]|uniform[1]|permuted-requests|strided-qkv,0.03174399957060814,0.03356799855828285,0.030527999624609947,0.0008541307701151924,0.030914779054000974,0.0358069664798677,200704,196608,397312,12.516129201560107,2.2637773797103393,3.4304957675856675
graph_compile,mha,32,32,128,8,2048,fp16,uniform,packed,identity,1234,pass,q_maxdiff=3.05e-05 k_maxdiff=4.88e-04 cases=4,uniform[0]|uniform[1]|permuted-requests|strided-qkv,0.010879999957978725,0.01142400037497282,0.009983999654650688,0.0006180810271060563,0.005850490415468812,0.009793497156351805,200704,196608,397312,36.517647199863795,6.604903349910284,10.008975789871542
eager,mha,32,32,128,8,2048,fp16,ragged,packed,identity,1234,pass,q_maxdiff=0.00e+00 k_maxdiff=0.00e+00 cases=5,ragged[0]|ragged[1]|uniform|permuted-requests|strided-qkv,0.09180799871683121,0.11926399916410446,0.08870399743318558,0.010857603334822991,0.07924258010461926,0.08892250480130315,200704,196608,397312,4.327640353270881,0.7827351556929543,1.186145626690893
compile,mha,32,32,128,8,2048,fp16,ragged,packed,identity,1234,pass,q_maxdiff=9.77e-04 k_maxdiff=4.88e-04 cases=5,ragged[0]|ragged[1]|uniform|permuted-requests|strided-qkv,0.026335999369621277,0.03097599931061268,0.02502400055527687,0.0032789655656279273,0.019289740594103932,0.02466596197336912,200704,196608,397312,15.086270105941058,2.7286357035825985,4.1349354032422445
graph_eager,mha,32,32,128,8,2048,fp16,ragged,packed,identity,1234,pass,q_maxdiff=0.00e+00 k_maxdiff=0.00e+00 cases=5,ragged[0]|ragged[1]|uniform|permuted-requests|strided-qkv,0.03171199932694435,0.033504001796245575,0.03062400035560131,0.0008623081668332789,0.030841440893709663,0.03596249734982848,200704,196608,397312,12.528759095375634,2.2660617335602633,3.433957444641048
graph_compile,mha,32,32,128,8,2048,fp16,ragged,packed,identity,1234,pass,q_maxdiff=9.77e-04 k_maxdiff=4.88e-04 cases=5,ragged[0]|ragged[1]|uniform|permuted-requests|strided-qkv,0.010432000271975994,0.01104000024497509,0.009503999724984169,0.0006559531024425419,0.006071199895814061,0.010925519745796919,200704,196608,397312,38.08588857760282,6.888549299842541,10.438808793530203
eager,mha,32,32,128,8,2048,fp32,uniform,packed,identity,1234,pass,q_maxdiff=0.00e+00 k_maxdiff=0.00e+00 cases=4,uniform[0]|uniform[1]|permuted-requests|strided-qkv,0.07491199672222137,0.08339200168848038,0.07308799773454666,0.003523439930869151,0.06447813007980585,0.07378403097391129,397312,393216,790528,10.55275569454289,1.9086643522294375,2.892362579796839
compile,mha,32,32,128,8,2048,fp32,uniform,packed,identity,1234,pass,q_maxdiff=2.38e-07 k_maxdiff=2.38e-07 cases=4,uniform[0]|uniform[1]|permuted-requests|strided-qkv,0.026704000309109688,0.032735999673604965,0.023903999477624893,0.0029954192557900376,0.01919226022437215,0.024720968212932348,397312,393216,790528,29.603354959905488,5.354323548642867,8.113865098454996
graph_eager,mha,32,32,128,8,2048,fp32,uniform,packed,identity,1234,pass,q_maxdiff=0.00e+00 k_maxdiff=0.00e+00 cases=4,uniform[0]|uniform[1]|permuted-requests|strided-qkv,0.025615999475121498,0.026847999542951584,0.024512000381946564,0.0009999029814058101,0.02469999948516488,0.030616996809840202,397312,393216,790528,30.86071268730967,5.581740343057772,8.45848924644346
graph_compile,mha,32,32,128,8,2048,fp32,uniform,packed,identity,1234,pass,q_maxdiff=2.38e-07 k_maxdiff=2.38e-07 cases=4,uniform[0]|uniform[1]|permuted-requests|strided-qkv,0.010975999757647514,0.012512000277638435,0.009631999768316746,0.0009227256784715969,0.005851390305906534,0.009833485819399357,397312,393216,790528,72.02332520545116,13.02677303709031,19.740584992838592
eager,mha,32,32,128,8,2048,fp32,ragged,packed,identity,1234,pass,q_maxdiff=0.00e+00 k_maxdiff=0.00e+00 cases=5,ragged[0]|ragged[1]|uniform|permuted-requests|strided-qkv,0.07553600147366524,0.08441600203514099,0.07388799637556076,0.0038982459751117746,0.06349800038151443,0.07424445357173681,397312,393216,790528,10.465579122236282,1.8928968294394213,2.868468701944158
compile,mha,32,32,128,8,2048,fp32,ragged,packed,identity,1234,pass,q_maxdiff=4.77e-07 k_maxdiff=4.77e-07 cases=5,ragged[0]|ragged[1]|uniform|permuted-requests|strided-qkv,0.026847999542951584,0.03097599931061268,0.025280000641942024,0.0030061683108126855,0.019487710669636726,0.02476648660376668,397312,393216,790528,29.444577378486198,5.325605636624405,8.070346386537379
graph_eager,mha,32,32,128,8,2048,fp32,ragged,packed,identity,1234,pass,q_maxdiff=0.00e+00 k_maxdiff=0.00e+00 cases=5,ragged[0]|ragged[1]|uniform|permuted-requests|strided-qkv,0.02571200020611286,0.02735999971628189,0.024512000381946564,0.0009486004757873244,0.024763919645920396,0.03048201324418187,397312,393216,790528,30.745488241403212,5.560899834779847,8.426907839153799
graph_compile,mha,32,32,128,8,2048,fp32,ragged,packed,identity,1234,pass,q_maxdiff=4.77e-07 k_maxdiff=4.77e-07 cases=5,ragged[0]|ragged[1]|uniform|permuted-requests|strided-qkv,0.01065600011497736,0.011487999930977821,0.0058559998869895935,0.001587663801329244,0.005878440570086241,0.010294024832546711,397312,393216,790528,74.18618538572338,13.4179669815381,20.33339468462242
eager,mha,32,32,128,32,128,bf16,uniform,packed,identity,1234,pass,q_maxdiff=0.00e+00 k_maxdiff=0.00e+00 cases=4,uniform[0]|uniform[1]|permuted-requests|strided-qkv,0.09188799932599068,0.10089600086212158,0.08892799913883209,0.004354875538139838,0.07899891003035009,0.08933799108490348,802816,786432,1589248,17.295490288800732,3.128214726475226,4.740451722618388
compile,mha,32,32,128,32,128,bf16,uniform,packed,identity,1234,pass,q_maxdiff=9.77e-04 k_maxdiff=1.56e-02 cases=4,uniform[0]|uniform[1]|permuted-requests|strided-qkv,0.026976000517606735,0.039583999663591385,0.024351999163627625,0.006044931151487467,0.019074740121141076,0.024215492885559797,802816,786432,1589248,58.913403377299296,10.655597092322841,16.147338980385474
graph_eager,mha,32,32,128,32,128,bf16,uniform,packed,identity,1234,pass,q_maxdiff=0.00e+00 k_maxdiff=0.00e+00 cases=4,uniform[0]|uniform[1]|permuted-requests|strided-qkv,0.03580800071358681,0.03763199970126152,0.034623999148607254,0.0009302042306800079,0.03500557038933039,0.04018546314910054,802816,786432,1589248,44.38248347657633,8.027406918835402,12.164617292569801
graph_compile,mha,32,32,128,32,128,bf16,uniform,packed,identity,1234,pass,q_maxdiff=9.77e-04 k_maxdiff=1.56e-02 cases=4,uniform[0]|uniform[1]|permuted-requests|strided-qkv,0.010847999714314938,0.01196799986064434,0.007135999854654074,0.0013677135335191156,0.0058823509607464075,0.009884010069072247,802816,786432,1589248,146.50147878441044,26.49754795795201,40.15400407118815
eager,mha,32,32,128,32,128,bf16,uniform,packed,permuted,1234,pass,q_maxdiff=0.00e+00 k_maxdiff=0.00e+00 cases=4,uniform[0]|uniform[1]|permuted-requests|strided-qkv,0.09219200164079666,0.11456000059843063,0.08928000181913376,0.007707379709525942,0.07857662043534219,0.08806103141978383,802816,786432,1589248,17.238458561645206,3.117899465919719,4.724820124743804
compile,mha,32,32,128,32,128,bf16,uniform,packed,permuted,1234,pass,q_maxdiff=9.77e-04 k_maxdiff=1.56e-02 cases=4,uniform[0]|uniform[1]|permuted-requests|strided-qkv,0.026895999908447266,0.033055998384952545,0.02582399919629097,0.002409871751924298,0.018942980095744133,0.024261069484055042,802816,786432,1589248,59.08863791678043,10.68729155474273,16.195368314083137
graph_eager,mha,32,32,128,32,128,bf16,uniform,packed,permuted,1234,pass,q_maxdiff=0.00e+00 k_maxdiff=0.00e+00 cases=4,uniform[0]|uniform[1]|permuted-requests|strided-qkv,0.035840000957250595,0.03759999945759773,0.034591998904943466,0.0009007308645350962,0.03474747994914651,0.03989000106230378,802816,786432,1589248,44.342855958503755,8.020239536845162,12.153755944717066
graph_compile,mha,32,32,128,32,128,bf16,uniform,packed,permuted,1234,pass,q_maxdiff=9.77e-04 k_maxdiff=1.56e-02 cases=4,uniform[0]|uniform[1]|permuted-requests|strided-qkv,0.010751999914646149,0.014783999882638454,0.0055680000223219395,0.0021741811781154368,0.005933450302109122,0.009959039743989706,802816,786432,1589248,147.80952498289733,26.734132715752498,40.512521219377746
eager,mha,32,32,128,32,128,bf16,uniform,strided,identity,1234,pass,q_maxdiff=0.00e+00 k_maxdiff=0.00e+00 cases=4,uniform[0]|uniform[1]|permuted-requests|strided-qkv,0.0928799994289875,0.10175999999046326,0.09046400338411331,0.004062746036255304,0.07922102930024266,0.09039446013048291,802816,786432,1589248,17.110766685728485,3.0948039884268033,4.689821569453021
compile,mha,32,32,128,32,128,bf16,uniform,strided,identity,1234,pass,q_maxdiff=9.77e-04 k_maxdiff=1.56e-02 cases=4,uniform[0]|uniform[1]|permuted-requests|strided-qkv,0.026208000257611275,0.032287999987602234,0.02489599958062172,0.0022589810376476313,0.01927571021951735,0.02446601865813136,802816,786432,1589248,60.639804043746295,10.967849124407362,16.6205212305867
graph_eager,mha,32,32,128,32,128,bf16,uniform,strided,identity,1234,pass,q_maxdiff=0.00e+00 k_maxdiff=0.00e+00 cases=4,uniform[0]|uniform[1]|permuted-requests|strided-qkv,0.035840000957250595,0.037567999213933945,0.034623999148607254,0.001006635772061856,0.034951560664922,0.040887040086090565,802816,786432,1589248,44.342855958503755,8.020239536845162,12.153755944717066
graph_compile,mha,32,32,128,32,128,bf16,uniform,strided,identity,1234,pass,q_maxdiff=9.77e-04 k_maxdiff=1.56e-02 cases=4,uniform[0]|uniform[1]|permuted-requests|strided-qkv,0.010847999714314938,0.011776000261306763,0.010015999898314476,0.0008718629469815977,0.005830749869346619,0.010800024028867483,802816,786432,1589248,146.50147878441044,26.49754795795201,40.15400407118815
eager,mha,32,32,128,32,128,bf16,uniform,strided,permuted,1234,pass,q_maxdiff=0.00e+00 k_maxdiff=0.00e+00 cases=4,uniform[0]|uniform[1]|permuted-requests|strided-qkv,0.09200000017881393,0.10236799716949463,0.08979199826717377,0.004190982330908436,0.07955615990795195,0.09030994260683656,802816,786432,1589248,17.27443474903359,3.124406436078503,4.734680693980684
compile,mha,32,32,128,32,128,bf16,uniform,strided,permuted,1234,pass,q_maxdiff=9.77e-04 k_maxdiff=1.56e-02 cases=4,uniform[0]|uniform[1]|permuted-requests|strided-qkv,0.02672000043094158,0.032127998769283295,0.025087999179959297,0.0022055661485336463,0.01897183945402503,0.02459104871377349,802816,786432,1589248,59.477843352115414,10.757686678217633,16.30204407438702
graph_eager,mha,32,32,128,32,128,bf16,uniform,strided,permuted,1234,pass,q_maxdiff=0.00e+00 k_maxdiff=0.00e+00 cases=4,uniform[0]|uniform[1]|permuted-requests|strided-qkv,0.03593599982559681,0.03711999952793121,0.03481600061058998,0.0008536070674011863,0.03511086921207607,0.04090153379365802,802816,786432,1589248,44.22439914606179,7.998814394282294,12.121288591018516
graph_compile,mha,32,32,128,32,128,bf16,uniform,strided,permuted,1234,pass,q_maxdiff=9.77e-04 k_maxdiff=1.56e-02 cases=4,uniform[0]|uniform[1]|permuted-requests|strided-qkv,0.010688000358641148,0.01206399966031313,0.0063680000603199005,0.0015454874795354863,0.005851490423083305,0.010344490874558687,802816,786432,1589248,148.6946057889218,26.894216226846666,40.755109475710206
eager,mha,32,32,128,32,128,bf16,ragged,packed,identity,1234,pass,q_maxdiff=0.00e+00 k_maxdiff=0.00e+00 cases=5,ragged[0]|ragged[1]|uniform|permuted-requests|strided-qkv,0.09214400127530098,0.10646399855613708,0.08924800157546997,0.005272655036600382,0.07884441991336644,0.08916255319491029,802816,786432,1589248,17.247438552747056,3.119523666213515,4.727281414570055
compile,mha,32,32,128,32,128,bf16,ragged,packed,identity,1234,pass,q_maxdiff=7.81e-03 k_maxdiff=7.81e-03 cases=5,ragged[0]|ragged[1]|uniform|permuted-requests|strided-qkv,0.026768000796437263,0.032255999743938446,0.024671999737620354,0.002671742481774575,0.01946267089806497,0.02439599484205246,802816,786432,1589248,59.37118771348528,10.738395999904775,16.272811257194284
graph_eager,mha,32,32,128,32,128,bf16,ragged,packed,identity,1234,pass,q_maxdiff=0.00e+00 k_maxdiff=0.00e+00 cases=5,ragged[0]|ragged[1]|uniform|permuted-requests|strided-qkv,0.03580800071358681,0.037728000432252884,0.03468799963593483,0.0009421070086561023,0.0347538897767663,0.039795006159693,802816,786432,1589248,44.38248347657633,8.027406918835402,12.164617292569801
graph_compile,mha,32,32,128,32,128,bf16,ragged,packed,identity,1234,pass,q_maxdiff=7.81e-03 k_maxdiff=7.81e-03 cases=5,ragged[0]|ragged[1]|uniform|permuted-requests|strided-qkv,0.010784000158309937,0.012415999546647072,0.005535999778658152,0.0015782676405298685,0.005953980144113302,0.011186464689671993,802816,786432,1589248,147.3709177178894,26.654802342191175,40.392305109268044
eager,mha,32,32,128,32,128,bf16,ragged,packed,permuted,1234,pass,q_maxdiff=0.00e+00 k_maxdiff=0.00e+00 cases=5,ragged[0]|ragged[1]|uniform|permuted-requests|strided-qkv,0.09220800176262856,0.10118400305509567,0.0902400016784668,0.004960254945676136,0.07862361031584442,0.08931296179071069,802816,786432,1589248,17.23546730891325,3.1173584416012132,4.724000264252473
compile,mha,32,32,128,32,128,bf16,ragged,packed,permuted,1234,pass,q_maxdiff=7.81e-03 k_maxdiff=7.81e-03 cases=5,ragged[0]|ragged[1]|uniform|permuted-requests|strided-qkv,0.026751999743282795,0.030719999223947525,0.025151999667286873,0.0023592777692246843,0.019145969999954104,0.02467649755999446,802816,786432,1589248,59.406699134671115,10.744818908354127,16.282544440522546
graph_eager,mha,32,32,128,32,128,bf16,ragged,packed,permuted,1234,pass,q_maxdiff=0.00e+00 k_maxdiff=0.00e+00 cases=5,ragged[0]|ragged[1]|uniform|permuted-requests|strided-qkv,0.03580800071358681,0.03743999823927879,0.03465599939227104,0.0008189755338005201,0.03497351077385247,0.03900902811437845,802816,786432,1589248,44.38248347657633,8.027406918835402,12.164617292569801
graph_compile,mha,32,32,128,32,128,bf16,ragged,packed,permuted,1234,pass,q_maxdiff=7.81e-03 k_maxdiff=7.81e-03 cases=5,ragged[0]|ragged[1]|uniform|permuted-requests|strided-qkv,0.01104000024497509,0.01228800043463707,0.007104000076651573,0.0015739684659490036,0.006022010929882526,0.01015904126688838,802816,786432,1589248,143.9536199941077,26.036719773511045,39.45567165101387
eager,mha,32,32,128,32,128,bf16,ragged,strided,identity,1234,pass,q_maxdiff=0.00e+00 k_maxdiff=0.00e+00 cases=5,ragged[0]|ragged[1]|uniform|permuted-requests|strided-qkv,0.0931360013782978,0.10147199779748917,0.09004800021648407,0.0035039367048936695,0.07951278006657958,0.0906999921426177,802816,786432,1589248,17.06373450095658,3.086297333190956,4.676930706135614
compile,mha,32,32,128,32,128,bf16,ragged,strided,identity,1234,pass,q_maxdiff=3.91e-03 k_maxdiff=1.56e-02 cases=5,ragged[0]|ragged[1]|uniform|permuted-requests|strided-qkv,0.026863999664783478,0.03302399814128876,0.02486399933695793,0.0023885856204034226,0.019675359362736344,0.025192508473992348,802816,786432,1589248,59.159023966314855,10.700022195679495,16.214660144739124
graph_eager,mha,32,32,128,32,128,bf16,ragged,strided,identity,1234,pass,q_maxdiff=0.00e+00 k_maxdiff=0.00e+00 cases=5,ragged[0]|ragged[1]|uniform|permuted-requests|strided-qkv,0.03590400144457817,0.03759999945759773,0.03465599939227104,0.0009453456685408397,0.035001960350200534,0.040896935388445854,802816,786432,1589248,44.26381283582504,8.005943101400934,12.132091331525613
graph_compile,mha,32,32,128,32,128,bf16,ragged,strided,identity,1234,pass,q_maxdiff=3.91e-03 k_maxdiff=1.56e-02 cases=5,ragged[0]|ragged[1]|uniform|permuted-requests|strided-qkv,0.010816000401973724,0.011807999573647976,0.008704000152647495,0.0012793380609438475,0.006245229160413146,0.01120101660490036,802816,786432,1589248,146.93490578180737,26.575941382681172,40.27280034247802
eager,mha,32,32,128,32,128,bf16,ragged,strided,permuted,1234,pass,q_maxdiff=0.00e+00 k_maxdiff=0.00e+00 cases=5,ragged[0]|ragged[1]|uniform|permuted-requests|strided-qkv,0.0928959995508194,0.10140799731016159,0.0899519994854927,0.003982576680463133,0.0795092701446265,0.09017949923872948,802816,786432,1589248,17.10781957979354,3.0942709488868863,4.689013808980622
compile,mha,32,32,128,32,128,bf16,ragged,strided,permuted,1234,pass,q_maxdiff=3.91e-03 k_maxdiff=1.56e-02 cases=5,ragged[0]|ragged[1]|uniform|permuted-requests|strided-qkv,0.026575999334454536,0.0326399989426136,0.025407999753952026,0.0027536184423533035,0.01930376049131155,0.02490699989721179,802816,786432,1589248,59.80012190697245,10.81597681654252,16.390376113839192
graph_eager,mha,32,32,128,32,128,bf16,ragged,strided,permuted,1234,pass,q_maxdiff=0.00e+00 k_maxdiff=0.00e+00 cases=5,ragged[0]|ragged[1]|uniform|permuted-requests|strided-qkv,0.03580800071358681,0.037567999213933945,0.03484800085425377,0.001033253030403371,0.035084219416603446,0.04025595262646675,802816,786432,1589248,44.38248347657633,8.027406918835402,12.164617292569801
graph_compile,mha,32,32,128,32,128,bf16,ragged,strided,permuted,1234,pass,q_maxdiff=3.91e-03 k_maxdiff=1.56e-02 cases=5,ragged[0]|ragged[1]|uniform|permuted-requests|strided-qkv,0.010688000358641148,0.012223999947309494,0.009375999681651592,0.0008917280701619723,0.006300139939412475,0.010118994396179914,802816,786432,1589248,148.6946057889218,26.894216226846666,40.755109475710206
eager,mha,32,32,128,32,128,fp16,uniform,packed,identity,1234,pass,q_maxdiff=0.00e+00 k_maxdiff=0.00e+00 cases=4,uniform[0]|uniform[1]|permuted-requests|strided-qkv,0.0915679968893528,0.10438399761915207,0.08947200328111649,0.011249668178472056,0.07813669973984361,0.08938804967328906,802816,786432,1589248,17.355932792986454,3.1391468902093327,4.7570181667204166
compile,mha,32,32,128,32,128,fp16,uniform,packed,identity,1234,pass,q_maxdiff=9.77e-04 k_maxdiff=9.77e-04 cases=4,uniform[0]|uniform[1]|permuted-requests|strided-qkv,0.026559999212622643,0.03376000002026558,0.025567999109625816,0.0027528240847233573,0.019222110277041793,0.02532301004976034,802816,786432,1589248,59.836146352169685,10.822492515033707,16.400249909865785
graph_eager,mha,32,32,128,32,128,fp16,uniform,packed,identity,1234,pass,q_maxdiff=0.00e+00 k_maxdiff=0.00e+00 cases=4,uniform[0]|uniform[1]|permuted-requests|strided-qkv,0.03587200120091438,0.03779200091958046,0.03478400036692619,0.0008717046326933667,0.03501788945868611,0.039424048736691475,802816,786432,1589248,44.30329914126704,8.013084942430888,12.142913974973515
graph_compile,mha,32,32,128,32,128,fp16,uniform,packed,identity,1234,pass,q_maxdiff=9.77e-04 k_maxdiff=9.77e-04 cases=4,uniform[0]|uniform[1]|permuted-requests|strided-qkv,0.01056000031530857,0.015072000212967396,0.007327999919652939,0.0016257971452375228,0.005982639268040657,0.011240947060286999,802816,786432,1589248,150.49696520331602,27.220206827191785,41.24911095517535
eager,mha,32,32,128,32,128,fp16,uniform,packed,permuted,1234,pass,q_maxdiff=0.00e+00 k_maxdiff=0.00e+00 cases=4,uniform[0]|uniform[1]|permuted-requests|strided-qkv,0.0926239974796772,0.10524799674749374,0.08947200328111649,0.014222203447824149,0.07932201959192753,0.0916020362637937,802816,786432,1589248,17.15805885347045,3.1033576664727587,4.702783690462329
compile,mha,32,32,128,32,128,fp16,uniform,packed,permuted,1234,pass,q_maxdiff=9.77e-04 k_maxdiff=9.77e-04 cases=4,uniform[0]|uniform[1]|permuted-requests|strided-qkv,0.026639999821782112,0.032896000891923904,0.024768000468611717,0.0047913072135449585,0.018982960609719157,0.0241005327552557,802816,786432,1589248,59.65645685554984,10.789992289822798,16.350999534793186
graph_eager,mha,32,32,128,32,128,fp16,uniform,packed,permuted,1234,pass,q_maxdiff=0.00e+00 k_maxdiff=0.00e+00 cases=4,uniform[0]|uniform[1]|permuted-requests|strided-qkv,0.03580800071358681,0.03791999816894531,0.03488000109791756,0.001095575267157458,0.034956870367750525,0.039854960050433874,802816,786432,1589248,44.38248347657633,8.027406918835402,12.164617292569801
graph_compile,mha,32,32,128,32,128,fp16,uniform,packed,permuted,1234,pass,q_maxdiff=9.77e-04 k_maxdiff=9.77e-04 cases=4,uniform[0]|uniform[1]|permuted-requests|strided-qkv,0.01071999967098236,0.01196799986064434,0.004832000005990267,0.001419533181765592,0.006024719914421439,0.011180993169546127,802816,786432,1589248,148.25075081876042,26.813936707105206,40.633455043094514
eager,mha,32,32,128,32,128,fp16,uniform,strided,identity,1234,pass,q_maxdiff=0.00e+00 k_maxdiff=0.00e+00 cases=4,uniform[0]|uniform[1]|permuted-requests|strided-qkv,0.09294399991631508,0.10531199723482132,0.09043200314044952,0.00430118101521788,0.08058579987846315,0.0902790343388915,802816,786432,1589248,17.098984350048706,3.0926729314072965,4.68659219621543
compile,mha,32,32,128,32,128,fp16,uniform,strided,identity,1234,pass,q_maxdiff=9.77e-04 k_maxdiff=9.77e-04 cases=4,uniform[0]|uniform[1]|permuted-requests|strided-qkv,0.029728000052273273,0.04527999833226204,0.024447999894618988,0.0074281270977904915,0.01893667969852686,0.023960077669471502,802816,786432,1589248,53.45963392106734,9.669180307200955,14.652537134247638
graph_eager,mha,32,32,128,32,128,fp16,uniform,strided,identity,1234,pass,q_maxdiff=0.00e+00 k_maxdiff=0.00e+00 cases=4,uniform[0]|uniform[1]|permuted-requests|strided-qkv,0.0359519999474287,0.03759999945759773,0.034912001341581345,0.0010289914827588341,0.03497189958579838,0.040025508496910334,802816,786432,1589248,44.204717465618025,7.995254592184874,12.115894117985038
graph_compile,mha,32,32,128,32,128,fp16,uniform,strided,identity,1234,pass,q_maxdiff=9.77e-04 k_maxdiff=9.77e-04 cases=4,uniform[0]|uniform[1]|permuted-requests|strided-qkv,0.010591999627649784,0.011136000044643879,0.006783999968320131,0.0011822296212391703,0.0058755395002663136,0.01122098183259368,802816,786432,1589248,150.04230134708112,27.137972317101543,41.12449395822923
eager,mha,32,32,128,32,128,fp16,uniform,strided,permuted,1234,pass,q_maxdiff=0.00e+00 k_maxdiff=0.00e+00 cases=4,uniform[0]|uniform[1]|permuted-requests|strided-qkv,0.09332800284028053,0.10639999806880951,0.09094399958848953,0.006939350356443962,0.08083926979452372,0.09086099453270435,802816,786432,1589248,17.028629689202756,3.0799479677052277,4.667308968759462
compile,mha,32,32,128,32,128,fp16,uniform,strided,permuted,1234,pass,q_maxdiff=9.77e-04 k_maxdiff=9.77e-04 cases=4,uniform[0]|uniform[1]|permuted-requests|strided-qkv,0.027103999629616737,0.04025600105524063,0.024607999250292778,0.004976710432577444,0.019136449554935098,0.024511071387678385,802816,786432,1589248,58.63518380008451,10.605275848801888,16.0710828898063
graph_eager,mha,32,32,128,32,128,fp16,uniform,strided,permuted,1234,pass,q_maxdiff=0.00e+00 k_maxdiff=0.00e+00 cases=4,uniform[0]|uniform[1]|permuted-requests|strided-qkv,0.03580800071358681,0.037567999213933945,0.03481600061058998,0.000898253773990847,0.03489886992610991,0.03981497138738632,802816,786432,1589248,44.38248347657633,8.027406918835402,12.164617292569801
graph_compile,mha,32,32,128,32,128,fp16,uniform,strided,permuted,1234,pass,q_maxdiff=9.77e-04 k_maxdiff=9.77e-04 cases=4,uniform[0]|uniform[1]|permuted-requests|strided-qkv,0.010816000401973724,0.016543999314308167,0.00800000037997961,0.007582846286337068,0.006572449347004294,0.011210970114916563,802816,786432,1589248,146.93490578180737,26.575941382681172,40.27280034247802
eager,mha,32,32,128,32,128,fp16,ragged,packed,identity,1234,pass,q_maxdiff=0.00e+00 k_maxdiff=0.00e+00 cases=5,ragged[0]|ragged[1]|uniform|permuted-requests|strided-qkv,0.0912800021469593,0.10025600343942642,0.0891840010881424,0.004224994978007646,0.0782535201869905,0.08934293873608112,802816,786432,1589248,17.410691965599835,3.1490511165318265,4.772026889214531
compile,mha,32,32,128,32,128,fp16,ragged,packed,identity,1234,pass,q_maxdiff=1.95e-03 k_maxdiff=9.77e-04 cases=5,ragged[0]|ragged[1]|uniform|permuted-requests|strided-qkv,0.026623999699950218,0.0307839997112751,0.02486399933695793,0.002481083909044066,0.01944073010236025,0.0243909889832139,802816,786432,1589248,59.69230836503396,10.796476709637552,16.360825931562204
graph_eager,mha,32,32,128,32,128,fp16,ragged,packed,identity,1234,pass,q_maxdiff=0.00e+00 k_maxdiff=0.00e+00 cases=5,ragged[0]|ragged[1]|uniform|permuted-requests|strided-qkv,0.035920001566410065,0.03759999945759773,0.03455999866127968,0.001483347497722273,0.03498982987366617,0.03943894989788532,802816,786432,1589248,44.24409606613593,8.002376952753506,12.126687241021296
graph_compile,mha,32,32,128,32,128,fp16,ragged,packed,identity,1234,pass,q_maxdiff=1.95e-03 k_maxdiff=9.77e-04 cases=5,ragged[0]|ragged[1]|uniform|permuted-requests|strided-qkv,0.010928000323474407,0.012128000147640705,0.006496000103652477,0.0012444001033937585,0.006247039418667555,0.010208983439952135,802816,786432,1589248,145.4289854463255,26.30356736542632,39.86004866390412
eager,mha,32,32,128,32,128,fp16,ragged,packed,permuted,1234,pass,q_maxdiff=0.00e+00 k_maxdiff=0.00e+00 cases=5,ragged[0]|ragged[1]|uniform|permuted-requests|strided-qkv,0.09225600212812424,0.10121600329875946,0.08844800293445587,0.0036932113649845257,0.07981514907442033,0.09004847379401326,802816,786432,1589248,17.2264997760565,3.115736494615368,4.721542389056767
compile,mha,32,32,128,32,128,fp16,ragged,packed,permuted,1234,pass,q_maxdiff=1.95e-03 k_maxdiff=9.77e-04 cases=5,ragged[0]|ragged[1]|uniform|permuted-requests|strided-qkv,0.026928000152111053,0.031328000128269196,0.025599999353289604,0.0021427090235968927,0.019488510442897677,0.02488150494173169,802816,786432,1589248,59.01841915562411,10.674591171055644,16.176122334829277
graph_eager,mha,32,32,128,32,128,fp16,ragged,packed,permuted,1234,pass,q_maxdiff=0.00e+00 k_maxdiff=0.00e+00 cases=5,ragged[0]|ragged[1]|uniform|permuted-requests|strided-qkv,0.03590400144457817,0.03759999945759773,0.034752000123262405,0.0008506864057948229,0.034917599987238646,0.03986491356045008,802816,786432,1589248,44.26381283582504,8.005943101400934,12.132091331525613
graph_compile,mha,32,32,128,32,128,fp16,ragged,packed,permuted,1234,pass,q_maxdiff=1.95e-03 k_maxdiff=9.77e-04 cases=5,ragged[0]|ragged[1]|uniform|permuted-requests|strided-qkv,0.010591999627649784,0.011264000087976456,0.005919999908655882,0.0016490835492754643,0.005935450317338109,0.01121091190725565,802816,786432,1589248,150.04230134708112,27.137972317101543,41.12449395822923
eager,mha,32,32,128,32,128,fp16,ragged,strided,identity,1234,pass,q_maxdiff=0.00e+00 k_maxdiff=0.00e+00 cases=5,ragged[0]|ragged[1]|uniform|permuted-requests|strided-qkv,0.09283199906349182,0.1013759970664978,0.09004800021648407,0.0037309200587284565,0.08009257027879357,0.09090604726225138,802816,786432,1589248,17.1196140989385,3.096404209515227,4.692246521535431
compile,mha,32,32,128,32,128,fp16,ragged,strided,identity,1234,pass,q_maxdiff=1.95e-03 k_maxdiff=9.77e-04 cases=5,ragged[0]|ragged[1]|uniform|permuted-requests|strided-qkv,0.027583999559283257,0.032607998698949814,0.026016000658273697,0.0025223498674943608,0.01945495023392141,0.024690991267561913,802816,786432,1589248,57.61485010846248,10.420729309400361,15.79142371129621
graph_eager,mha,32,32,128,32,128,fp16,ragged,strided,identity,1234,pass,q_maxdiff=0.00e+00 k_maxdiff=0.00e+00 cases=5,ragged[0]|ragged[1]|uniform|permuted-requests|strided-qkv,0.03580800071358681,0.03763199970126152,0.034623999148607254,0.0015015605804530644,0.034964990336447954,0.04018598701804876,802816,786432,1589248,44.38248347657633,8.027406918835402,12.164617292569801
graph_compile,mha,32,32,128,32,128,fp16,ragged,strided,identity,1234,pass,q_maxdiff=1.95e-03 k_maxdiff=9.77e-04 cases=5,ragged[0]|ragged[1]|uniform|permuted-requests|strided-qkv,0.01071999967098236,0.011327999643981457,0.0071680000983178616,0.001502143473299336,0.00630273949354887,0.009947922080755234,802816,786432,1589248,148.25075081876042,26.813936707105206,40.633455043094514
eager,mha,32,32,128,32,128,fp16,ragged,strided,permuted,1234,pass,q_maxdiff=0.00e+00 k_maxdiff=0.00e+00 cases=5,ragged[0]|ragged[1]|uniform|permuted-requests|strided-qkv,0.09321600198745728,0.10806400328874588,0.0867839977145195,0.0076517447743844925,0.08073698962107301,0.0904544722288847,802816,786432,1589248,17.049089921426173,3.0836485855356366,4.6729168319347245
compile,mha,32,32,128,32,128,fp16,ragged,strided,permuted,1234,pass,q_maxdiff=1.95e-03 k_maxdiff=9.77e-04 cases=5,ragged[0]|ragged[1]|uniform|permuted-requests|strided-qkv,0.02659199945628643,0.030079999938607216,0.024768000468611717,0.002291371019588306,0.01913525047712028,0.024706998374313116,802816,786432,1589248,59.76414081282244,10.809468958903606,16.380514199727653
graph_eager,mha,32,32,128,32,128,fp16,ragged,strided,permuted,1234,pass,q_maxdiff=0.00e+00 k_maxdiff=0.00e+00 cases=5,ragged[0]|ragged[1]|uniform|permuted-requests|strided-qkv,0.03580800071358681,0.03766399994492531,0.03488000109791756,0.0010090728545723213,0.035163359716534615,0.04089204594492912,802816,786432,1589248,44.38248347657633,8.027406918835402,12.164617292569801
graph_compile,mha,32,32,128,32,128,fp16,ragged,strided,permuted,1234,pass,q_maxdiff=1.95e-03 k_maxdiff=9.77e-04 cases=5,ragged[0]|ragged[1]|uniform|permuted-requests|strided-qkv,0.010879999957978725,0.015263999812304974,0.006144000217318535,0.003386363626429606,0.0058594997972249985,0.011175987310707569,802816,786432,1589248,146.07058879945518,26.419613399641136,40.03590315948617
eager,mha,32,32,128,32,128,fp32,uniform,packed,identity,1234,pass,q_maxdiff=0.00e+00 k_maxdiff=0.00e+00 cases=4,uniform[0]|uniform[1]|permuted-requests|strided-qkv,0.076688002794981,0.08380799740552902,0.07360000163316727,0.004078915595284684,0.0661102996673435,0.07360801100730896,1589248,1572864,3162112,41.2334639676775,7.457847511313212,11.30151513667518
compile,mha,32,32,128,32,128,fp32,uniform,packed,identity,1234,pass,q_maxdiff=4.77e-07 k_maxdiff=4.77e-07 cases=4,uniform[0]|uniform[1]|permuted-requests|strided-qkv,0.026000000536441803,0.03254399821162224,0.02473600022494793,0.0025016016569968658,0.019678870448842645,0.023974920623004436,1589248,1572864,3162112,121.619689798389,21.99720842276567,33.334254096422264
graph_eager,mha,32,32,128,32,128,fp32,uniform,packed,identity,1234,pass,q_maxdiff=0.00e+00 k_maxdiff=0.00e+00 cases=4,uniform[0]|uniform[1]|permuted-requests|strided-qkv,0.029680000618100166,0.0306560005992651,0.028416000306606293,0.0025178038729693404,0.02855805098079145,0.03379845293238759,1589248,1572864,3162112,106.54015950631772,19.26979174128936,29.20116598179315
graph_compile,mha,32,32,128,32,128,fp32,uniform,packed,identity,1234,pass,q_maxdiff=4.77e-07 k_maxdiff=4.77e-07 cases=4,uniform[0]|uniform[1]|permuted-requests|strided-qkv,0.010816000401973724,0.012000000104308128,0.007872000336647034,0.0012477904000512585,0.005992860533297062,0.010299962013959885,1589248,1572864,3162112,292.3550187205034,52.87790398822131,80.13041717627071
eager,mha,32,32,128,32,128,fp32,uniform,packed,permuted,1234,pass,q_maxdiff=0.00e+00 k_maxdiff=0.00e+00 cases=4,uniform[0]|uniform[1]|permuted-requests|strided-qkv,0.07495999708771706,0.09545599669218063,0.07286400347948074,0.010927199629037702,0.06345119909383357,0.07356301648542285,1589248,1572864,3162112,42.183993101010195,7.629768583406812,11.562041863137722
compile,mha,32,32,128,32,128,fp32,uniform,packed,permuted,1234,pass,q_maxdiff=4.77e-07 k_maxdiff=4.77e-07 cases=4,uniform[0]|uniform[1]|permuted-requests|strided-qkv,0.02643200010061264,0.03145600110292435,0.024447999894618988,0.002221856535706917,0.025103359948843718,0.02425600541755557,1589248,1572864,3162112,119.63196080370432,21.637690247242148,32.78944541048099
graph_eager,mha,32,32,128,32,128,fp32,uniform,packed,permuted,1234,pass,q_maxdiff=0.00e+00 k_maxdiff=0.00e+00 cases=4,uniform[0]|uniform[1]|permuted-requests|strided-qkv,0.029839999973773956,0.03155200183391571,0.028575999662280083,0.0008597945385375955,0.02869470976293087,0.0335274962708354,1589248,1572864,3162112,105.96890089742443,19.166468877171255,29.044591995663232
graph_compile,mha,32,32,128,32,128,fp32,uniform,packed,permuted,1234,pass,q_maxdiff=4.77e-07 k_maxdiff=4.77e-07 cases=4,uniform[0]|uniform[1]|permuted-requests|strided-qkv,0.011136000044643879,0.014911999925971031,0.005824000108987093,0.0018137336763037145,0.005933151114732027,0.01054396852850914,1589248,1572864,3162112,283.9540218501429,51.358425691387424,77.82782156199087
eager,mha,32,32,128,32,128,fp32,uniform,strided,identity,1234,pass,q_maxdiff=0.00e+00 k_maxdiff=0.00e+00 cases=4,uniform[0]|uniform[1]|permuted-requests|strided-qkv,0.07678400352597237,0.0862400010228157,0.07260800153017044,0.009271366673814776,0.06433196016587317,0.07392902625724673,1589248,1572864,3162112,41.18191100741978,7.448523188800307,11.287385192095462
compile,mha,32,32,128,32,128,fp32,uniform,strided,identity,1234,pass,q_maxdiff=4.77e-07 k_maxdiff=4.77e-07 cases=4,uniform[0]|uniform[1]|permuted-requests|strided-qkv,0.026480000466108322,0.032735999673604965,0.02099199965596199,0.0026856715149030774,0.019260490080341697,0.024410488549619913,1589248,1572864,3162112,119.41510363820342,21.598467550034144,32.730007897777085
graph_eager,mha,32,32,128,32,128,fp32,uniform,strided,identity,1234,pass,q_maxdiff=0.00e+00 k_maxdiff=0.00e+00 cases=4,uniform[0]|uniform[1]|permuted-requests|strided-qkv,0.0297279991209507,0.031488001346588135,0.028416000306606293,0.0009593812843719122,0.02883767941966653,0.03374350490048528,1589248,1572864,3162112,106.36814092784043,19.23867894590544,29.15401809797785
graph_compile,mha,32,32,128,32,128,fp32,uniform,strided,identity,1234,pass,q_maxdiff=4.77e-07 k_maxdiff=4.77e-07 cases=4,uniform[0]|uniform[1]|permuted-requests|strided-qkv,0.010975999757647514,0.01583999954164028,0.005760000087320805,0.002061876349697124,0.00594516983255744,0.01055002212524414,1589248,1572864,3162112,288.09330082180463,52.10709214836124,78.96233997135437
eager,mha,32,32,128,32,128,fp32,uniform,strided,permuted,1234,pass,q_maxdiff=0.00e+00 k_maxdiff=0.00e+00 cases=4,uniform[0]|uniform[1]|permuted-requests|strided-qkv,0.07699199765920639,0.08502399921417236,0.07472000271081924,0.0037971957251916088,0.06437734002247453,0.07462501525878906,1589248,1572864,3162112,41.07065794027865,7.428400979069036,11.25689228411949
compile,mha,32,32,128,32,128,fp32,uniform,strided,permuted,1234,pass,q_maxdiff=4.77e-07 k_maxdiff=4.77e-07 cases=4,uniform[0]|uniform[1]|permuted-requests|strided-qkv,0.02643200010061264,0.03494400158524513,0.024768000468611717,0.0041642258632123095,0.01924215001054108,0.024656066671013832,1589248,1572864,3162112,119.63196080370432,21.637690247242148,32.78944541048099
graph_eager,mha,32,32,128,32,128,fp32,uniform,strided,permuted,1234,pass,q_maxdiff=0.00e+00 k_maxdiff=0.00e+00 cases=4,uniform[0]|uniform[1]|permuted-requests|strided-qkv,0.029632000252604485,0.03094400092959404,0.028416000306606293,0.0007837047923953191,0.028735989471897483,0.03372307401150465,1589248,1572864,3162112,106.71274207086539,19.301006544162018,29.2484684462936
graph_compile,mha,32,32,128,32,128,fp32,uniform,strided,permuted,1234,pass,q_maxdiff=4.77e-07 k_maxdiff=4.77e-07 cases=4,uniform[0]|uniform[1]|permuted-requests|strided-qkv,0.011103999800980091,0.011935999616980553,0.00979200005531311,0.0012931286429390513,0.006046160124242306,0.011030992027372122,1589248,1572864,3162112,284.77233939799754,51.50643381150354,78.0521109440553
eager,mha,32,32,128,32,128,fp32,ragged,packed,identity,1234,pass,q_maxdiff=0.00e+00 k_maxdiff=0.00e+00 cases=5,ragged[0]|ragged[1]|uniform|permuted-requests|strided-qkv,0.07596799731254578,0.0931520015001297,0.07276800274848938,0.006908404083197386,0.06345220957882702,0.07344852201640606,1589248,1572864,3162112,41.62426432002033,7.528531105527488,11.408628041399426
compile,mha,32,32,128,32,128,fp32,ragged,packed,identity,1234,pass,q_maxdiff=4.77e-07 k_maxdiff=4.77e-07 cases=5,ragged[0]|ragged[1]|uniform|permuted-requests|strided-qkv,0.02638399973511696,0.03206399828195572,0.024960000067949295,0.0024640114248220876,0.01904738019220531,0.024981971364468336,1589248,1572864,3162112,119.84960702494423,21.67705566002176,32.849099192314874
graph_eager,mha,32,32,128,32,128,fp32,ragged,packed,identity,1234,pass,q_maxdiff=0.00e+00 k_maxdiff=0.00e+00 cases=5,ragged[0]|ragged[1]|uniform|permuted-requests|strided-qkv,0.02971199993044138,0.03142400085926056,0.028351999819278717,0.000774272783470832,0.02872767043299973,0.033678486943244934,1589248,1572864,3162112,106.4254175889474,19.249038507372987,29.169716828819045
graph_compile,mha,32,32,128,32,128,fp32,ragged,packed,identity,1234,pass,q_maxdiff=4.77e-07 k_maxdiff=4.77e-07 cases=5,ragged[0]|ragged[1]|uniform|permuted-requests|strided-qkv,0.010816000401973724,0.012608000077307224,0.010111999697983265,0.0011709839959821824,0.006008190102875233,0.011877506040036678,1589248,1572864,3162112,292.3550187205034,52.87790398822131,80.13041717627071
eager,mha,32,32,128,32,128,fp32,ragged,packed,permuted,1234,pass,q_maxdiff=0.00e+00 k_maxdiff=0.00e+00 cases=5,ragged[0]|ragged[1]|uniform|permuted-requests|strided-qkv,0.07574400305747986,0.08310399949550629,0.07251200079917908,0.004160606301628473,0.06437914911657572,0.07392402039840817,1589248,1572864,3162112,41.74735784165471,7.5507948841588295,11.442366252166005
compile,mha,32,32,128,32,128,fp32,ragged,packed,permuted,1234,pass,q_maxdiff=4.77e-07 k_maxdiff=4.77e-07 cases=5,ragged[0]|ragged[1]|uniform|permuted-requests|strided-qkv,0.026736000552773476,0.03356799855828285,0.025407999753952026,0.002771792818058035,0.019348649075254798,0.024806999135762453,1589248,1572864,3162112,118.27169115135196,21.3916598955486,32.41661454480182
graph_eager,mha,32,32,128,32,128,fp32,ragged,packed,permuted,1234,pass,q_maxdiff=0.00e+00 k_maxdiff=0.00e+00 cases=5,ragged[0]|ragged[1]|uniform|permuted-requests|strided-qkv,0.029664000496268272,0.031647998839616776,0.02860799990594387,0.0011199485607417607,0.028714740183204412,0.0334574724547565,1589248,1572864,3162112,106.59762496962584,19.28018545118613,29.21691646067414
graph_compile,mha,32,32,128,32,128,fp32,ragged,packed,permuted,1234,pass,q_maxdiff=4.77e-07 k_maxdiff=4.77e-07 cases=5,ragged[0]|ragged[1]|uniform|permuted-requests|strided-qkv,0.010975999757647514,0.015135999768972397,0.005344000179320574,0.002370290032992523,0.006086339708417654,0.01048453850671649,1589248,1572864,3162112,288.09330082180463,52.10709214836124,78.96233997135437
eager,mha,32,32,128,32,128,fp32,ragged,strided,identity,1234,pass,q_maxdiff=0.00e+00 k_maxdiff=0.00e+00 cases=5,ragged[0]|ragged[1]|uniform|permuted-requests|strided-qkv,0.07630399987101555,0.08374399691820145,0.07417599856853485,0.0030102703977941342,0.06479653995484114,0.0738290254957974,1589248,1572864,3162112,41.440973020355955,7.495379426490316,11.358390462543536
compile,mha,32,32,128,32,128,fp32,ragged,strided,identity,1234,pass,q_maxdiff=4.77e-07 k_maxdiff=4.77e-07 cases=5,ragged[0]|ragged[1]|uniform|permuted-requests|strided-qkv,0.02630399912595749,0.031199999153614044,0.02502400055527687,0.0022865673234635036,0.019206689903512597,0.02499698894098401,1589248,1572864,3162112,120.21411591667606,21.742983949073214,32.94900597580968
graph_eager,mha,32,32,128,32,128,fp32,ragged,strided,identity,1234,pass,q_maxdiff=0.00e+00 k_maxdiff=0.00e+00 cases=5,ragged[0]|ragged[1]|uniform|permuted-requests|strided-qkv,0.029695999808609486,0.03081599995493889,0.02844800055027008,0.0006727462936044114,0.02882104949094355,0.0337284873239696,1589248,1572864,3162112,106.48275930697031,19.25940983560742,29.18543339084999
graph_compile,mha,32,32,128,32,128,fp32,ragged,strided,identity,1234,pass,q_maxdiff=4.77e-07 k_maxdiff=4.77e-07 cases=5,ragged[0]|ragged[1]|uniform|permuted-requests|strided-qkv,0.010944000445306301,0.012384000234305859,0.0063680000603199005,0.0016021584758320118,0.005916820373386145,0.01207191962748766,1589248,1572864,3162112,288.9356607579614,52.25944878661072,79.1932190354191
eager,mha,32,32,128,32,128,fp32,ragged,strided,permuted,1234,pass,q_maxdiff=0.00e+00 k_maxdiff=0.00e+00 cases=5,ragged[0]|ragged[1]|uniform|permuted-requests|strided-qkv,0.07756800204515457,0.08473599702119827,0.07552000135183334,0.003762153759371555,0.06491495994850993,0.07482554065063596,1589248,1572864,3162112,40.76567549283071,7.373239167088436,11.17330086553397
compile,mha,32,32,128,32,128,fp32,ragged,strided,permuted,1234,pass,q_maxdiff=4.77e-07 k_maxdiff=4.77e-07 cases=5,ragged[0]|ragged[1]|uniform|permuted-requests|strided-qkv,0.026528000831604004,0.03203200176358223,0.02521600015461445,0.002553531368481584,0.01919236034154892,0.02448091981932521,1589248,1572864,3162112,119.19903124523555,21.559386793699385,32.67078548023636
graph_eager,mha,32,32,128,32,128,fp32,ragged,strided,permuted,1234,pass,q_maxdiff=0.00e+00 k_maxdiff=0.00e+00 cases=5,ragged[0]|ragged[1]|uniform|permuted-requests|strided-qkv,0.029632000252604485,0.031072000041604042,0.028416000306606293,0.0008538392228882203,0.028774659149348736,0.033628486562520266,1589248,1572864,3162112,106.71274207086539,19.301006544162018,29.2484684462936
graph_compile,mha,32,32,128,32,128,fp32,ragged,strided,permuted,1234,pass,q_maxdiff=4.77e-07 k_maxdiff=4.77e-07 cases=5,ragged[0]|ragged[1]|uniform|permuted-requests|strided-qkv,0.011183999944478273,0.012191999703645706,0.008927999995648861,0.0009510612554003564,0.0059567904099822044,0.010549963917583227,1589248,1572864,3162112,282.7353375981719,51.13800372240701,77.49379727212587
eager,mha,32,32,128,32,2048,bf16,uniform,packed,identity,1234,pass,q_maxdiff=0.00e+00 k_maxdiff=0.00e+00 cases=4,uniform[0]|uniform[1]|permuted-requests|strided-qkv,0.0912960022687912,0.0992640033364296,0.08937600255012512,0.0035629452998466597,0.07964874035678804,0.08861656533554196,802816,786432,1589248,17.407640646969178,3.1484992281657727,4.771190565501388
compile,mha,32,32,128,32,2048,bf16,uniform,packed,identity,1234,pass,q_maxdiff=9.54e-07 k_maxdiff=7.81e-03 cases=4,uniform[0]|uniform[1]|permuted-requests|strided-qkv,0.026655999943614006,0.03209599852561951,0.02489599958062172,0.002708844980110889,0.018772470066323876,0.024495995603501797,802816,786432,1589248,59.62064838542052,10.78351565448488,16.341184934508696
graph_eager,mha,32,32,128,32,2048,bf16,uniform,packed,identity,1234,pass,q_maxdiff=0.00e+00 k_maxdiff=0.00e+00 cases=4,uniform[0]|uniform[1]|permuted-requests|strided-qkv,0.035840000957250595,0.03670400008559227,0.03455999866127968,0.0007114656345818606,0.03486520959995687,0.039950013160705566,802816,786432,1589248,44.342855958503755,8.020239536845162,12.153755944717066
graph_compile,mha,32,32,128,32,2048,bf16,uniform,packed,identity,1234,pass,q_maxdiff=9.54e-07 k_maxdiff=7.81e-03 cases=4,uniform[0]|uniform[1]|permuted-requests|strided-qkv,0.010768000036478043,0.011839999817311764,0.007327999919652939,0.0011379771630131855,0.005975429667159915,0.010294024832546711,802816,786432,1589248,147.58989548813238,26.694408590652856,40.45232385003977
eager,mha,32,32,128,32,2048,bf16,uniform,packed,permuted,1234,pass,q_maxdiff=0.00e+00 k_maxdiff=0.00e+00 cases=4,uniform[0]|uniform[1]|permuted-requests|strided-qkv,0.09270399808883667,0.10201600193977356,0.08915200084447861,0.003905613508936309,0.07824399042874575,0.08798995986580849,802816,786432,1589248,17.143251993048352,3.1006795672658654,4.69872533734123
compile,mha,32,32,128,32,2048,bf16,uniform,packed,permuted,1234,pass,q_maxdiff=9.54e-07 k_maxdiff=7.81e-03 cases=4,uniform[0]|uniform[1]|permuted-requests|strided-qkv,0.026079999282956123,0.03270399942994118,0.024768000468611717,0.002795772464258952,0.01916099921800196,0.02439599484205246,802816,786432,1589248,60.93742498829783,11.02167947012797,16.702094964301562
graph_eager,mha,32,32,128,32,2048,bf16,uniform,packed,permuted,1234,pass,q_maxdiff=0.00e+00 k_maxdiff=0.00e+00 cases=4,uniform[0]|uniform[1]|permuted-requests|strided-qkv,0.03577600046992302,0.03734400123357773,0.03420799970626831,0.0009919708568718892,0.035004670498892665,0.0399000127799809,802816,786432,1589248,44.4221818852022,8.03458712271557,12.175498070530606
graph_compile,mha,32,32,128,32,2048,bf16,uniform,packed,permuted,1234,pass,q_maxdiff=9.54e-07 k_maxdiff=7.81e-03 cases=4,uniform[0]|uniform[1]|permuted-requests|strided-qkv,0.010879999957978725,0.015135999768972397,0.007135999854654074,0.0017257467173580024,0.00604604952968657,0.010685005690902472,802816,786432,1589248,146.07058879945518,26.419613399641136,40.03590315948617
eager,mha,32,32,128,32,2048,bf16,uniform,strided,identity,1234,pass,q_maxdiff=0.00e+00 k_maxdiff=0.00e+00 cases=4,uniform[0]|uniform[1]|permuted-requests|strided-qkv,0.09220800176262856,0.10454399883747101,0.08921600133180618,0.004707559110376791,0.07874303963035345,0.09162194328382611,802816,786432,1589248,17.23546730891325,3.1173584416012132,4.724000264252473
compile,mha,32,32,128,32,2048,bf16,uniform,strided,identity,1234,pass,q_maxdiff=9.54e-07 k_maxdiff=7.81e-03 cases=4,uniform[0]|uniform[1]|permuted-requests|strided-qkv,0.02672000043094158,0.03311999887228012,0.022655999287962914,0.0029806553882451275,0.019016019068658352,0.02459593815729022,802816,786432,1589248,59.477843352115414,10.757686678217633,16.30204407438702
graph_eager,mha,32,32,128,32,2048,bf16,uniform,strided,identity,1234,pass,q_maxdiff=0.00e+00 k_maxdiff=0.00e+00 cases=4,uniform[0]|uniform[1]|permuted-requests|strided-qkv,0.03580800071358681,0.03759999945759773,0.034912001341581345,0.001056382671183422,0.034886939683929086,0.040971499402076006,802816,786432,1589248,44.38248347657633,8.027406918835402,12.164617292569801
graph_compile,mha,32,32,128,32,2048,bf16,uniform,strided,identity,1234,pass,q_maxdiff=9.54e-07 k_maxdiff=7.81e-03 cases=4,uniform[0]|uniform[1]|permuted-requests|strided-qkv,0.01056000031530857,0.014399999752640724,0.00863999966531992,0.001368094323559985,0.005879149539396167,0.01088995486497879,802816,786432,1589248,150.49696520331602,27.220206827191785,41.24911095517535
eager,mha,32,32,128,32,2048,bf16,uniform,strided,permuted,1234,pass,q_maxdiff=0.00e+00 k_maxdiff=0.00e+00 cases=4,uniform[0]|uniform[1]|permuted-requests|strided-qkv,0.0923360027372837,0.0997759997844696,0.08991999924182892,0.004132642319266735,0.0793177098967135,0.09105604840442538,802816,786432,1589248,17.21157460673017,3.1130369970178937,4.717451609121539
compile,mha,32,32,128,32,2048,bf16,uniform,strided,permuted,1234,pass,q_maxdiff=9.54e-07 k_maxdiff=7.81e-03 cases=4,uniform[0]|uniform[1]|permuted-requests|strided-qkv,0.027135999873280525,0.03308799862861633,0.025760000571608543,0.004242812602727511,0.01927020028233528,0.024846987798810005,802816,786432,1589248,58.56603800934027,10.592769531995131,16.052130996719022
graph_eager,mha,32,32,128,32,2048,bf16,uniform,strided,permuted,1234,pass,q_maxdiff=0.00e+00 k_maxdiff=0.00e+00 cases=4,uniform[0]|uniform[1]|permuted-requests|strided-qkv,0.035840000957250595,0.037567999213933945,0.034912001341581345,0.0008386623724797108,0.03507068962790072,0.04090694710612297,802816,786432,1589248,44.342855958503755,8.020239536845162,12.153755944717066
graph_compile,mha,32,32,128,32,2048,bf16,uniform,strided,permuted,1234,pass,q_maxdiff=9.54e-07 k_maxdiff=7.81e-03 cases=4,uniform[0]|uniform[1]|permuted-requests|strided-qkv,0.010847999714314938,0.01190400030463934,0.00559999980032444,0.0008845395085450533,0.005839770892634988,0.01012446591630578,802816,786432,1589248,146.50147878441044,26.49754795795201,40.15400407118815
eager,mha,32,32,128,32,2048,bf16,ragged,packed,identity,1234,pass,q_maxdiff=0.00e+00 k_maxdiff=0.00e+00 cases=5,ragged[0]|ragged[1]|uniform|permuted-requests|strided-qkv,0.09219200164079666,0.09984000027179718,0.08902399986982346,0.0034875194696586775,0.07793261902406812,0.08927751332521439,802816,786432,1589248,17.238458561645206,3.117899465919719,4.724820124743804
compile,mha,32,32,128,32,2048,bf16,ragged,packed,identity,1234,pass,q_maxdiff=1.22e-04 k_maxdiff=7.81e-03 cases=5,ragged[0]|ragged[1]|uniform|permuted-requests|strided-qkv,0.02687999978661537,0.0306560005992651,0.025439999997615814,0.0021648834933919933,0.019332319498062134,0.025081972125917673,802816,786432,1589248,59.123809993158936,10.693653086301001,16.2050084877511
graph_eager,mha,32,32,128,32,2048,bf16,ragged,packed,identity,1234,pass,q_maxdiff=0.00e+00 k_maxdiff=0.00e+00 cases=5,ragged[0]|ragged[1]|uniform|permuted-requests|strided-qkv,0.035920001566410065,0.03734400123357773,0.03478400036692619,0.0008080283866801072,0.0350123702082783,0.04034052835777402,802816,786432,1589248,44.24409606613593,8.002376952753506,12.126687241021296
graph_compile,mha,32,32,128,32,2048,bf16,ragged,packed,identity,1234,pass,q_maxdiff=1.22e-04 k_maxdiff=7.81e-03 cases=5,ragged[0]|ragged[1]|uniform|permuted-requests|strided-qkv,0.010528000071644783,0.014399999752640724,0.007903999648988247,0.0013551089694031244,0.005903190467506647,0.01118105137720704,802816,786432,1589248,150.95440626756312,27.302943647587032,41.37448914595209
eager,mha,32,32,128,32,2048,bf16,ragged,packed,permuted,1234,pass,q_maxdiff=0.00e+00 k_maxdiff=0.00e+00 cases=5,ragged[0]|ragged[1]|uniform|permuted-requests|strided-qkv,0.09180799871683121,0.0995199978351593,0.08934400230646133,0.003534172382236677,0.07829418987967074,0.08881650865077972,802816,786432,1589248,17.310561413083523,3.130940622771817,4.744582506763572
compile,mha,32,32,128,32,2048,bf16,ragged,packed,permuted,1234,pass,q_maxdiff=1.22e-04 k_maxdiff=7.81e-03 cases=5,ragged[0]|ragged[1]|uniform|permuted-requests|strided-qkv,0.02675200067460537,0.03209599852561951,0.025312000885605812,0.002414899272377848,0.01927211065776646,0.024340988602489233,802816,786432,1589248,59.40669706653421,10.744818534292667,16.282543873675177
graph_eager,mha,32,32,128,32,2048,bf16,ragged,packed,permuted,1234,pass,q_maxdiff=0.00e+00 k_maxdiff=0.00e+00 cases=5,ragged[0]|ragged[1]|uniform|permuted-requests|strided-qkv,0.03580800071358681,0.03654399886727333,0.034591998904943466,0.0010389808572507978,0.03493562922812998,0.03910349914804101,802816,786432,1589248,44.38248347657633,8.027406918835402,12.164617292569801
graph_compile,mha,32,32,128,32,2048,bf16,ragged,packed,permuted,1234,pass,q_maxdiff=1.22e-04 k_maxdiff=7.81e-03 cases=5,ragged[0]|ragged[1]|uniform|permuted-requests|strided-qkv,0.010623999871313572,0.014399999752640724,0.007872000336647034,0.0014922986961246121,0.0061400397680699825,0.010328949429094791,802816,786432,1589248,149.59036325774184,27.056230813222832,41.00062405582395
eager,mha,32,32,128,32,2048,bf16,ragged,strided,identity,1234,pass,q_maxdiff=0.00e+00 k_maxdiff=0.00e+00 cases=5,ragged[0]|ragged[1]|uniform|permuted-requests|strided-qkv,0.09259199723601341,0.10355199873447418,0.08979199826717377,0.004433988017193981,0.07918315939605236,0.09002396836876869,802816,786432,1589248,17.163988761891254,3.104430201945235,4.704408995331922
compile,mha,32,32,128,32,2048,bf16,ragged,strided,identity,1234,pass,q_maxdiff=1.22e-04 k_maxdiff=7.81e-03 cases=5,ragged[0]|ragged[1]|uniform|permuted-requests|strided-qkv,0.02651200070977211,0.03311999887228012,0.025151999667286873,0.002511272635017727,0.019260389963164926,0.024190056137740612,802816,786432,1589248,59.944476367421636,10.842086035851668,16.42994165024651
graph_eager,mha,32,32,128,32,2048,bf16,ragged,strided,identity,1234,pass,q_maxdiff=0.00e+00 k_maxdiff=0.00e+00 cases=5,ragged[0]|ragged[1]|uniform|permuted-requests|strided-qkv,0.03577600046992302,0.036928001791238785,0.03465599939227104,0.0008970078715567884,0.03498723031952977,0.040982034988701344,802816,786432,1589248,44.4221818852022,8.03458712271557,12.175498070530606
graph_compile,mha,32,32,128,32,2048,bf16,ragged,strided,identity,1234,pass,q_maxdiff=1.22e-04 k_maxdiff=7.81e-03 cases=5,ragged[0]|ragged[1]|uniform|permuted-requests|strided-qkv,0.010816000401973724,0.014399999752640724,0.008608000352978706,0.0014956613417516204,0.005980629939585924,0.011211028322577477,802816,786432,1589248,146.93490578180737,26.575941382681172,40.27280034247802
eager,mha,32,32,128,32,2048,bf16,ragged,strided,permuted,1234,pass,q_maxdiff=0.00e+00 k_maxdiff=0.00e+00 cases=5,ragged[0]|ragged[1]|uniform|permuted-requests|strided-qkv,0.09232000261545181,0.10182400047779083,0.09033600240945816,0.004174275293615938,0.07891907007433474,0.08999952115118504,802816,786432,1589248,17.214557571232174,3.11357652225412,4.718269197925088
compile,mha,32,32,128,32,2048,bf16,ragged,strided,permuted,1234,pass,q_maxdiff=1.22e-04 k_maxdiff=7.81e-03 cases=5,ragged[0]|ragged[1]|uniform|permuted-requests|strided-qkv,0.026944000273942947,0.03209599852561951,0.025439999997615814,0.002214827490234288,0.01941397087648511,0.024490931537002325,802816,786432,1589248,58.98337232192403,10.668252291991434,16.16651648842587
graph_eager,mha,32,32,128,32,2048,bf16,ragged,strided,permuted,1234,pass,q_maxdiff=0.00e+00 k_maxdiff=0.00e+00 cases=5,ragged[0]|ragged[1]|uniform|permuted-requests|strided-qkv,0.035840000957250595,0.03859199956059456,0.03484800085425377,0.0012460914820508022,0.03505115048028529,0.04027056274935603,802816,786432,1589248,44.342855958503755,8.020239536845162,12.153755944717066
graph_compile,mha,32,32,128,32,2048,bf16,ragged,strided,permuted,1234,pass,q_maxdiff=1.22e-04 k_maxdiff=7.81e-03 cases=5,ragged[0]|ragged[1]|uniform|permuted-requests|strided-qkv,0.010847999714314938,0.011648000217974186,0.009952000342309475,0.0008016021406961791,0.005861310055479407,0.010445073712617159,802816,786432,1589248,146.50147878441044,26.49754795795201,40.15400407118815
eager,mha,32,32,128,32,2048,fp16,uniform,packed,identity,1234,pass,q_maxdiff=0.00e+00 k_maxdiff=0.00e+00 cases=4,uniform[0]|uniform[1]|permuted-requests|strided-qkv,0.09086399897933006,0.09929600358009338,0.08835200220346451,0.0036454193218466656,0.07757122977636755,0.0892429961822927,802816,786432,1589248,17.490403436475713,3.1634684353183533,4.793874687288845
compile,mha,32,32,128,32,2048,fp16,uniform,packed,identity,1234,pass,q_maxdiff=4.88e-04 k_maxdiff=9.77e-04 cases=4,uniform[0]|uniform[1]|permuted-requests|strided-qkv,0.02723200060427189,0.032127998769283295,0.02550400048494339,0.0024385539193569243,0.01891594030894339,0.02453097840771079,802816,786432,1589248,58.359575673286905,10.555426935207182,15.995542561221841
graph_eager,mha,32,32,128,32,2048,fp16,uniform,packed,identity,1234,pass,q_maxdiff=0.00e+00 k_maxdiff=0.00e+00 cases=4,uniform[0]|uniform[1]|permuted-requests|strided-qkv,0.03585600107908249,0.03759999945759773,0.034591998904943466,0.0009472377729562409,0.03493112977594137,0.03902794560417533,802816,786432,1589248,44.32306872411179,8.016660643330866,12.14833254082432
graph_compile,mha,32,32,128,32,2048,fp16,uniform,packed,identity,1234,pass,q_maxdiff=4.88e-04 k_maxdiff=9.77e-04 cases=4,uniform[0]|uniform[1]|permuted-requests|strided-qkv,0.010672000236809254,0.011680000461637974,0.00559999980032444,0.0008706011068524454,0.005988950142636895,0.011196010746061802,802816,786432,1589248,148.91753792493898,26.93453769673556,40.81621205277297
eager,mha,32,32,128,32,2048,fp16,uniform,packed,permuted,1234,pass,q_maxdiff=0.00e+00 k_maxdiff=0.00e+00 cases=4,uniform[0]|uniform[1]|permuted-requests|strided-qkv,0.09284799918532372,0.10080000013113022,0.08959999680519104,0.003762586961161084,0.07855277042835951,0.08936302037909627,802816,786432,1589248,17.116663944775766,3.0958706186459817,4.6914379255864755
compile,mha,32,32,128,32,2048,fp16,uniform,packed,permuted,1234,pass,q_maxdiff=4.88e-04 k_maxdiff=9.77e-04 cases=4,uniform[0]|uniform[1]|permuted-requests|strided-qkv,0.027055999264121056,0.03308799862861633,0.02534399926662445,0.002713367649854288,0.019727559993043542,0.025157001800835133,802816,786432,1589248,58.73920916709592,10.624090793020196,16.099594786376503
graph_eager,mha,32,32,128,32,2048,fp16,uniform,packed,permuted,1234,pass,q_maxdiff=0.00e+00 k_maxdiff=0.00e+00 cases=4,uniform[0]|uniform[1]|permuted-requests|strided-qkv,0.03580800071358681,0.037567999213933945,0.034623999148607254,0.001208256875319781,0.03495356999337673,0.03932899562641978,802816,786432,1589248,44.38248347657633,8.027406918835402,12.164617292569801
graph_compile,mha,32,32,128,32,2048,fp16,uniform,packed,permuted,1234,pass,q_maxdiff=4.88e-04 k_maxdiff=9.77e-04 cases=4,uniform[0]|uniform[1]|permuted-requests|strided-qkv,0.010623999871313572,0.011776000261306763,0.005696000065654516,0.000983707469055759,0.005937450332567096,0.011191004887223244,802816,786432,1589248,149.59036325774184,27.056230813222832,41.00062405582395
eager,mha,32,32,128,32,2048,fp16,uniform,strided,identity,1234,pass,q_maxdiff=0.00e+00 k_maxdiff=0.00e+00 cases=4,uniform[0]|uniform[1]|permuted-requests|strided-qkv,0.09267199784517288,0.10329599678516388,0.08975999802350998,0.003990209601139782,0.07934816996566951,0.08970900671556592,802816,786432,1589248,17.14917166947406,3.1017502520895768,4.700347837764231
compile,mha,32,32,128,32,2048,fp16,uniform,strided,identity,1234,pass,q_maxdiff=4.88e-04 k_maxdiff=9.77e-04 cases=4,uniform[0]|uniform[1]|permuted-requests|strided-qkv,0.026464000344276428,0.031936001032590866,0.02470399998128414,0.00259043096177196,0.019089370034635067,0.024320965167135,802816,786432,1589248,60.05320357183712,10.86175139580051,16.45974225461565
graph_eager,mha,32,32,128,32,2048,fp16,uniform,strided,identity,1234,pass,q_maxdiff=0.00e+00 k_maxdiff=0.00e+00 cases=4,uniform[0]|uniform[1]|permuted-requests|strided-qkv,0.035920001566410065,0.03791999816894531,0.03471999987959862,0.0010028041429709206,0.03515464952215552,0.03988499520346522,802816,786432,1589248,44.24409606613593,8.002376952753506,12.126687241021296
graph_compile,mha,32,32,128,32,2048,fp16,uniform,strided,identity,1234,pass,q_maxdiff=4.88e-04 k_maxdiff=9.77e-04 cases=4,uniform[0]|uniform[1]|permuted-requests|strided-qkv,0.010688000358641148,0.014688000082969666,0.0072639998979866505,0.001402653287049093,0.005983039736747742,0.011211028322577477,802816,786432,1589248,148.6946057889218,26.894216226846666,40.755109475710206
eager,mha,32,32,128,32,2048,fp16,uniform,strided,permuted,1234,pass,q_maxdiff=0.00e+00 k_maxdiff=0.00e+00 cases=4,uniform[0]|uniform[1]|permuted-requests|strided-qkv,0.09201600030064583,0.10089600086212158,0.0899839997291565,0.004030459189179755,0.07917545037344098,0.08957297541201115,802816,786432,1589248,17.2714309990373,3.1238631513946844,4.733857408164181
compile,mha,32,32,128,32,2048,fp16,uniform,strided,permuted,1234,pass,q_maxdiff=4.88e-04 k_maxdiff=9.77e-04 cases=4,uniform[0]|uniform[1]|permuted-requests|strided-qkv,0.026928000152111053,0.03388800099492073,0.02486399933695793,0.002791753494605097,0.0191333401016891,0.024566485080868006,802816,786432,1589248,59.01841915562411,10.674591171055644,16.176122334829277
graph_eager,mha,32,32,128,32,2048,fp16,uniform,strided,permuted,1234,pass,q_maxdiff=0.00e+00 k_maxdiff=0.00e+00 cases=4,uniform[0]|uniform[1]|permuted-requests|strided-qkv,0.03590400144457817,0.03747199848294258,0.03510399907827377,0.0009149655522402398,0.03499865997582674,0.04073150921612978,802816,786432,1589248,44.26381283582504,8.005943101400934,12.132091331525613
graph_compile,mha,32,32,128,32,2048,fp16,uniform,strided,permuted,1234,pass,q_maxdiff=4.88e-04 k_maxdiff=9.77e-04 cases=4,uniform[0]|uniform[1]|permuted-requests|strided-qkv,0.010528000071644783,0.011168000288307667,0.009535999968647957,0.0010573462804170796,0.0059006898663938046,0.011165975593030453,802816,786432,1589248,150.95440626756312,27.302943647587032,41.37448914595209
eager,mha,32,32,128,32,2048,fp16,ragged,packed,identity,1234,pass,q_maxdiff=0.00e+00 k_maxdiff=0.00e+00 cases=5,ragged[0]|ragged[1]|uniform|permuted-requests|strided-qkv,0.09172799810767174,0.10576000064611435,0.0878399983048439,0.0066043807429333745,0.07793681928887963,0.08881196845322847,802816,786432,1589248,17.325658825940106,3.1336712738514354,4.748720496238748
compile,mha,32,32,128,32,2048,fp16,ragged,packed,identity,1234,pass,q_maxdiff=9.77e-04 k_maxdiff=9.77e-04 cases=5,ragged[0]|ragged[1]|uniform|permuted-requests|strided-qkv,0.026688000187277794,0.03062400035560131,0.02550400048494339,0.0021198415362116275,0.01916170003823936,0.024696520995348692,802816,786432,1589248,59.549160253588305,10.770585681235694,16.321591038525867
graph_eager,mha,32,32,128,32,2048,fp16,ragged,packed,identity,1234,pass,q_maxdiff=0.00e+00 k_maxdiff=0.00e+00 cases=5,ragged[0]|ragged[1]|uniform|permuted-requests|strided-qkv,0.03580800071358681,0.03763199970126152,0.034623999148607254,0.0006987186930788775,0.03491780022159219,0.03923894837498665,802816,786432,1589248,44.38248347657633,8.027406918835402,12.164617292569801
graph_compile,mha,32,32,128,32,2048,fp16,ragged,packed,identity,1234,pass,q_maxdiff=9.77e-04 k_maxdiff=9.77e-04 cases=5,ragged[0]|ragged[1]|uniform|permuted-requests|strided-qkv,0.010975999757647514,0.01532800029963255,0.007648000027984381,0.0017684480662887511,0.0060937495436519384,0.011160969734191895,802816,786432,1589248,144.7930061125132,26.188538540886217,39.68573563327137
eager,mha,32,32,128,32,2048,fp16,ragged,packed,permuted,1234,pass,q_maxdiff=0.00e+00 k_maxdiff=0.00e+00 cases=5,ragged[0]|ragged[1]|uniform|permuted-requests|strided-qkv,0.0920800007879734,0.10172799974679947,0.08905600011348724,0.004109264250781726,0.07860757992602885,0.08978851838037372,802816,786432,1589248,17.25942643788044,3.121691900717848,4.730567126034847
compile,mha,32,32,128,32,2048,fp16,ragged,packed,permuted,1234,pass,q_maxdiff=9.77e-04 k_maxdiff=9.77e-04 cases=5,ragged[0]|ragged[1]|uniform|permuted-requests|strided-qkv,0.026991999708116055,0.0326399989426136,0.023264000192284584,0.003418477380942325,0.019193049520254135,0.02500199479982257,802816,786432,1589248,58.87848315003275,10.649281112413453,16.137767835032797
graph_eager,mha,32,32,128,32,2048,fp16,ragged,packed,permuted,1234,pass,q_maxdiff=0.00e+00 k_maxdiff=0.00e+00 cases=5,ragged[0]|ragged[1]|uniform|permuted-requests|strided-qkv,0.035920001566410065,0.037567999213933945,0.03481600061058998,0.00090103312494219,0.034896560246124864,0.0399000127799809,802816,786432,1589248,44.24409606613593,8.002376952753506,12.126687241021296
graph_compile,mha,32,32,128,32,2048,fp16,ragged,packed,permuted,1234,pass,q_maxdiff=9.77e-04 k_maxdiff=9.77e-04 cases=5,ragged[0]|ragged[1]|uniform|permuted-requests|strided-qkv,0.010688000358641148,0.01539199985563755,0.004544000141322613,0.0022785850292775366,0.005898480303585529,0.01123594120144844,802816,786432,1589248,148.6946057889218,26.894216226846666,40.755109475710206
eager,mha,32,32,128,32,2048,fp16,ragged,strided,identity,1234,pass,q_maxdiff=0.00e+00 k_maxdiff=0.00e+00 cases=5,ragged[0]|ragged[1]|uniform|permuted-requests|strided-qkv,0.09300800040364265,0.10304000228643417,0.09110400080680847,0.003938759548329899,0.07940276991575956,0.09048497304320335,802816,786432,1589248,17.087218229645515,3.090544807225551,4.6833672673581095
compile,mha,32,32,128,32,2048,fp16,ragged,strided,identity,1234,pass,q_maxdiff=9.77e-04 k_maxdiff=9.77e-04 cases=5,ragged[0]|ragged[1]|uniform|permuted-requests|strided-qkv,0.02672000043094158,0.03311999887228012,0.025119999423623085,0.0023943578172354297,0.019301660358905792,0.02474099164828658,802816,786432,1589248,59.477843352115414,10.757686678217633,16.30204407438702
graph_eager,mha,32,32,128,32,2048,fp16,ragged,strided,identity,1234,pass,q_maxdiff=0.00e+00 k_maxdiff=0.00e+00 cases=5,ragged[0]|ragged[1]|uniform|permuted-requests|strided-qkv,0.0358240008354187,0.036639999598264694,0.034623999148607254,0.0016834981958429986,0.03497630939818919,0.04054652526974678,802816,786432,1589248,44.36266086809411,8.023821627251536,12.15918419313421
graph_compile,mha,32,32,128,32,2048,fp16,ragged,strided,identity,1234,pass,q_maxdiff=9.77e-04 k_maxdiff=9.77e-04 cases=5,ragged[0]|ragged[1]|uniform|permuted-requests|strided-qkv,0.010751999914646149,0.011487999930977821,0.005152000114321709,0.0012821623173993933,0.005829649744555354,0.009923998732119799,802816,786432,1589248,147.80952498289733,26.734132715752498,40.512521219377746
eager,mha,32,32,128,32,2048,fp16,ragged,strided,permuted,1234,pass,q_maxdiff=0.00e+00 k_maxdiff=0.00e+00 cases=5,ragged[0]|ragged[1]|uniform|permuted-requests|strided-qkv,0.0923360027372837,0.10127999633550644,0.0902400016784668,0.0043411302618938654,0.07938914932310581,0.0898584839887917,802816,786432,1589248,17.21157460673017,3.1130369970178937,4.717451609121539
compile,mha,32,32,128,32,2048,fp16,ragged,strided,permuted,1234,pass,q_maxdiff=9.77e-04 k_maxdiff=9.77e-04 cases=5,ragged[0]|ragged[1]|uniform|permuted-requests|strided-qkv,0.027055999264121056,0.03215999901294708,0.025472000241279602,0.0022877033567973008,0.01955062965862453,0.024881970603019,802816,786432,1589248,58.73920916709592,10.624090793020196,16.099594786376503
graph_eager,mha,32,32,128,32,2048,fp16,ragged,strided,permuted,1234,pass,q_maxdiff=0.00e+00 k_maxdiff=0.00e+00 cases=5,ragged[0]|ragged[1]|uniform|permuted-requests|strided-qkv,0.03588800132274628,0.037728000432252884,0.034591998904943466,0.001245081058105867,0.03497842000797391,0.0409619533456862,802816,786432,1589248,44.28354718636043,8.009512429875084,12.137500240693733
graph_compile,mha,32,32,128,32,2048,fp16,ragged,strided,permuted,1234,pass,q_maxdiff=9.77e-04 k_maxdiff=9.77e-04 cases=5,ragged[0]|ragged[1]|uniform|permuted-requests|strided-qkv,0.010351999662816525,0.014015999622642994,0.007840000092983246,0.0013817576086699696,0.005850789602845907,0.011225987691432238,802816,786432,1589248,153.5208705336844,27.767136982276806,42.07792106654072
eager,mha,32,32,128,32,2048,fp32,uniform,packed,identity,1234,pass,q_maxdiff=0.00e+00 k_maxdiff=0.00e+00 cases=4,uniform[0]|uniform[1]|permuted-requests|strided-qkv,0.07631999999284744,0.08607999980449677,0.07443200051784515,0.004111471019022323,0.0641619402449578,0.07374299457296729,1589248,1572864,3162112,41.432285119186936,7.493808056154737,11.356009230478127
compile,mha,32,32,128,32,2048,fp32,uniform,packed,identity,1234,pass,q_maxdiff=4.77e-07 k_maxdiff=4.77e-07 cases=4,uniform[0]|uniform[1]|permuted-requests|strided-qkv,0.02619200013577938,0.03232000023126602,0.02489599958062172,0.0030973391106534393,0.019573469180613756,0.024686451070010662,1589248,1572864,3162112,120.72816064476194,21.83595860672177,33.089898438299485
graph_eager,mha,32,32,128,32,2048,fp32,uniform,packed,identity,1234,pass,q_maxdiff=0.00e+00 k_maxdiff=0.00e+00 cases=4,uniform[0]|uniform[1]|permuted-requests|strided-qkv,0.029680000618100166,0.03110400028526783,0.02848000079393387,0.0008394314799832846,0.02885391004383564,0.033652991987764835,1589248,1572864,3162112,106.54015950631772,19.26979174128936,29.20116598179315
graph_compile,mha,32,32,128,32,2048,fp32,uniform,packed,identity,1234,pass,q_maxdiff=4.77e-07 k_maxdiff=4.77e-07 cases=4,uniform[0]|uniform[1]|permuted-requests|strided-qkv,0.011103999800980091,0.014240000396966934,0.006912000011652708,0.0017180625117435646,0.006020410219207406,0.010579999070614576,1589248,1572864,3162112,284.77233939799754,51.50643381150354,78.0521109440553
eager,mha,32,32,128,32,2048,fp32,uniform,packed,permuted,1234,pass,q_maxdiff=0.00e+00 k_maxdiff=0.00e+00 cases=4,uniform[0]|uniform[1]|permuted-requests|strided-qkv,0.07612799853086472,0.0857279971241951,0.07443200051784515,0.0036240431923334378,0.06351934047415853,0.07355795241892338,1589248,1572864,3162112,41.53678096131713,7.512708094647358,11.384650077690958
compile,mha,32,32,128,32,2048,fp32,uniform,packed,permuted,1234,pass,q_maxdiff=4.77e-07 k_maxdiff=4.77e-07 cases=4,uniform[0]|uniform[1]|permuted-requests|strided-qkv,0.026544000022113323,0.032127998769283295,0.025087999179959297,0.0030535490500150572,0.0192316307220608,0.025207526050508022,1589248,1572864,3162112,119.127184951993,21.54639204022255,32.651093417225816
graph_eager,mha,32,32,128,32,2048,fp32,uniform,packed,permuted,1234,pass,q_maxdiff=0.00e+00 k_maxdiff=0.00e+00 cases=4,uniform[0]|uniform[1]|permuted-requests|strided-qkv,0.029664000496268272,0.03142400085926056,0.028736000880599022,0.0008631334322146568,0.02886412898078561,0.03377796383574605,1589248,1572864,3162112,106.59762496962584,19.28018545118613,29.21691646067414
graph_compile,mha,32,32,128,32,2048,fp32,uniform,packed,permuted,1234,pass,q_maxdiff=4.77e-07 k_maxdiff=4.77e-07 cases=4,uniform[0]|uniform[1]|permuted-requests|strided-qkv,0.010879999957978725,0.01583999954164028,0.00598399993032217,0.0024319721022603713,0.005996470572426915,0.010479474440217018,1589248,1572864,3162112,290.6352952401531,52.56685965083236,79.65906504928692
eager,mha,32,32,128,32,2048,fp32,uniform,strided,identity,1234,pass,q_maxdiff=0.00e+00 k_maxdiff=0.00e+00 cases=4,uniform[0]|uniform[1]|permuted-requests|strided-qkv,0.07633600011467934,0.08479999750852585,0.07318399846553802,0.003647465976141695,0.06405344000086188,0.07518200436607003,1589248,1572864,3162112,41.42360086000797,7.4922373445415635,11.353628996631203
compile,mha,32,32,128,32,2048,fp32,uniform,strided,identity,1234,pass,q_maxdiff=4.77e-07 k_maxdiff=4.77e-07 cases=4,uniform[0]|uniform[1]|permuted-requests|strided-qkv,0.026496000587940216,0.03311999887228012,0.024960000067949295,0.002823140012786831,0.019006910733878613,0.024612003471702337,1589248,1572864,3162112,119.34299252088825,21.585424898142744,32.7102432501962
graph_eager,mha,32,32,128,32,2048,fp32,uniform,strided,identity,1234,pass,q_maxdiff=0.00e+00 k_maxdiff=0.00e+00 cases=4,uniform[0]|uniform[1]|permuted-requests|strided-qkv,0.029904000461101532,0.031007999554276466,0.02864000014960766,0.0006574595387914503,0.02873408026061952,0.03365805605426431,1589248,1572864,3162112,105.74210644870763,19.125448835385097,28.982430812768293
graph_compile,mha,32,32,128,32,2048,fp32,uniform,strided,identity,1234,pass,q_maxdiff=4.77e-07 k_maxdiff=4.77e-07 cases=4,uniform[0]|uniform[1]|permuted-requests|strided-qkv,0.011103999800980091,0.011839999817311764,0.006047999951988459,0.001752778589814664,0.005936149973422289,0.010519521310925484,1589248,1572864,3162112,284.77233939799754,51.50643381150354,78.0521109440553
eager,mha,32,32,128,32,2048,fp32,uniform,strided,permuted,1234,pass,q_maxdiff=0.00e+00 k_maxdiff=0.00e+00 cases=4,uniform[0]|uniform[1]|permuted-requests|strided-qkv,0.07609599828720093,0.08300799876451492,0.07347200065851212,0.0033795952047990276,0.06436161929741502,0.07356301648542285,1589248,1572864,3162112,41.55424820193016,7.515867373650392,11.38943760377266
compile,mha,32,32,128,32,2048,fp32,uniform,strided,permuted,1234,pass,q_maxdiff=4.77e-07 k_maxdiff=4.77e-07 cases=4,uniform[0]|uniform[1]|permuted-requests|strided-qkv,0.026736000552773476,0.03420799970626831,0.0244159996509552,0.0031262224415520086,0.018995689461007714,0.024385983124375343,1589248,1572864,3162112,118.27169115135196,21.3916598955486,32.41661454480182
graph_eager,mha,32,32,128,32,2048,fp32,uniform,strided,permuted,1234,pass,q_maxdiff=0.00e+00 k_maxdiff=0.00e+00 cases=4,uniform[0]|uniform[1]|permuted-requests|strided-qkv,0.029680000618100166,0.03142400085926056,0.028511999174952507,0.0009136459330713738,0.028769749915227294,0.033588032238185406,1589248,1572864,3162112,106.54015950631772,19.26979174128936,29.20116598179315
graph_compile,mha,32,32,128,32,2048,fp32,uniform,strided,permuted,1234,pass,q_maxdiff=4.77e-07 k_maxdiff=4.77e-07 cases=4,uniform[0]|uniform[1]|permuted-requests|strided-qkv,0.010912000201642513,0.014655999839305878,0.006432000081986189,0.0016699243355662026,0.00597391976043582,0.010755029506981373,1589248,1572864,3162112,289.78298584745517,52.41270346622988,79.42545897849314
eager,mha,32,32,128,32,2048,fp32,ragged,packed,identity,1234,pass,q_maxdiff=0.00e+00 k_maxdiff=0.00e+00 cases=5,ragged[0]|ragged[1]|uniform|permuted-requests|strided-qkv,0.07628799974918365,0.08364800363779068,0.07391999661922455,0.003318349405973193,0.06416685064323246,0.07460551569238305,1589248,1572864,3162112,41.44966456580659,7.496951455962768,11.360772693455507
compile,mha,32,32,128,32,2048,fp32,ragged,packed,identity,1234,pass,q_maxdiff=4.77e-07 k_maxdiff=4.77e-07 cases=5,ragged[0]|ragged[1]|uniform|permuted-requests|strided-qkv,0.026704000309109688,0.03222399950027466,0.02534399926662445,0.0023435813846966725,0.01916019944474101,0.024420965928584337,1589248,1572864,3162112,118.41341983962195,21.41729419457147,32.45546039381998
graph_eager,mha,32,32,128,32,2048,fp32,ragged,packed,identity,1234,pass,q_maxdiff=0.00e+00 k_maxdiff=0.00e+00 cases=5,ragged[0]|ragged[1]|uniform|permuted-requests|strided-qkv,0.029680000618100166,0.03097599931061268,0.02844800055027008,0.0007410289920852219,0.028796099359169602,0.03374845255166292,1589248,1572864,3162112,106.54015950631772,19.26979174128936,29.20116598179315
graph_compile,mha,32,32,128,32,2048,fp32,ragged,packed,identity,1234,pass,q_maxdiff=4.77e-07 k_maxdiff=4.77e-07 cases=5,ragged[0]|ragged[1]|uniform|permuted-requests|strided-qkv,0.010704000014811754,0.015168000012636185,0.00774399982765317,0.0014545399637714057,0.00596621073782444,0.011216034181416035,1589248,1572864,3162112,295.41405041334076,53.43118740664425,80.96885493176153
eager,mha,32,32,128,32,2048,fp32,ragged,packed,permuted,1234,pass,q_maxdiff=0.00e+00 k_maxdiff=0.00e+00 cases=5,ragged[0]|ragged[1]|uniform|permuted-requests|strided-qkv,0.0761599987745285,0.08367999643087387,0.07347200065851212,0.003423944438116183,0.06400094018317759,0.07366301724687219,1589248,1572864,3162112,41.51932839916955,7.509551470520888,11.379866574771116
compile,mha,32,32,128,32,2048,fp32,ragged,packed,permuted,1234,pass,q_maxdiff=4.77e-07 k_maxdiff=4.77e-07 cases=5,ragged[0]|ragged[1]|uniform|permuted-requests|strided-qkv,0.02687999978661537,0.03392000123858452,0.024960000067949295,0.002861026329107126,0.019305660389363766,0.02423045225441456,1589248,1572864,3162112,117.63809617195541,21.277062326351473,32.242955032329505
graph_eager,mha,32,32,128,32,2048,fp32,ragged,packed,permuted,1234,pass,q_maxdiff=0.00e+00 k_maxdiff=0.00e+00 cases=5,ragged[0]|ragged[1]|uniform|permuted-requests|strided-qkv,0.02976000029593706,0.03142400085926056,0.02844800055027008,0.0008555270289097273,0.028772560181096196,0.03363797441124916,1589248,1572864,3162112,106.25376238425987,19.21799143497358,29.122668540671683
graph_compile,mha,32,32,128,32,2048,fp32,ragged,packed,permuted,1234,pass,q_maxdiff=4.77e-07 k_maxdiff=4.77e-07 cases=5,ragged[0]|ragged[1]|uniform|permuted-requests|strided-qkv,0.01104000024497509,0.012223999947309494,0.0060800001956522465,0.00137868072994763,0.005953579675406218,0.010885472875088453,1589248,1572864,3162112,286.4231820501318,51.805019755542595,78.5045838004709
eager,mha,32,32,128,32,2048,fp32,ragged,strided,identity,1234,pass,q_maxdiff=0.00e+00 k_maxdiff=0.00e+00 cases=5,ragged[0]|ragged[1]|uniform|permuted-requests|strided-qkv,0.07694399729371071,0.08511999994516373,0.07430399954319,0.003358738343236978,0.06500452989712358,0.07507094414904714,1589248,1572864,3162112,41.09627925788133,7.433035076264203,11.263914728533454
compile,mha,32,32,128,32,2048,fp32,ragged,strided,identity,1234,pass,q_maxdiff=4.77e-07 k_maxdiff=4.77e-07 cases=5,ragged[0]|ragged[1]|uniform|permuted-requests|strided-qkv,0.026928000152111053,0.032287999987602234,0.025119999423623085,0.0023957685482967877,0.01944742980413139,0.02465100260451436,1589248,1572864,3162112,117.4284010003655,21.239135010450923,32.18548052187681
graph_eager,mha,32,32,128,32,2048,fp32,ragged,strided,identity,1234,pass,q_maxdiff=0.00e+00 k_maxdiff=0.00e+00 cases=5,ragged[0]|ragged[1]|uniform|permuted-requests|strided-qkv,0.02969600073993206,0.03097599931061268,0.02844800055027008,0.0007519537402908852,0.028848000802099705,0.03370305057615042,1589248,1572864,3162112,106.4827559674702,19.259409231596017,29.18543247553977
graph_compile,mha,32,32,128,32,2048,fp32,ragged,strided,identity,1234,pass,q_maxdiff=4.77e-07 k_maxdiff=4.77e-07 cases=5,ragged[0]|ragged[1]|uniform|permuted-requests|strided-qkv,0.010784000158309937,0.014879999682307243,0.008191999979317188,0.001879459836121571,0.006217190530151129,0.011556490790098906,1589248,1572864,3162112,293.2225476242542,53.03481290765874,80.36819470194571
eager,mha,32,32,128,32,2048,fp32,ragged,strided,permuted,1234,pass,q_maxdiff=0.00e+00 k_maxdiff=0.00e+00 cases=5,ragged[0]|ragged[1]|uniform|permuted-requests|strided-qkv,0.07651200145483017,0.08345600217580795,0.07340800017118454,0.003942332295606147,0.06454715970903635,0.07455999730154872,1589248,1572864,3162112,41.328313726922865,7.4750028742846855,11.327512127630433
compile,mha,32,32,128,32,2048,fp32,ragged,strided,permuted,1234,pass,q_maxdiff=4.77e-07 k_maxdiff=4.77e-07 cases=5,ragged[0]|ragged[1]|uniform|permuted-requests|strided-qkv,0.02707199938595295,0.0315839983522892,0.02550400048494339,0.002051536368918806,0.01917671994306147,0.024886976461857557,1589248,1572864,3162112,116.8037851552534,21.12616148657605,32.0142820643891
graph_eager,mha,32,32,128,32,2048,fp32,ragged,strided,permuted,1234,pass,q_maxdiff=0.00e+00 k_maxdiff=0.00e+00 cases=5,ragged[0]|ragged[1]|uniform|permuted-requests|strided-qkv,0.029791999608278275,0.03142400085926056,0.028384000062942505,0.0007229240591214634,0.02874510013498366,0.03291701432317495,1589248,1572864,3162112,106.13963619687169,19.19734956740563,29.091388150664436
graph_compile,mha,32,32,128,32,2048,fp32,ragged,strided,permuted,1234,pass,q_maxdiff=4.77e-07 k_maxdiff=4.77e-07 cases=5,ragged[0]|ragged[1]|uniform|permuted-requests|strided-qkv,0.010816000401973724,0.01532800029963255,0.00687999976798892,0.002023368206839823,0.006201149662956595,0.010419462341815233,1589248,1572864,3162112,292.3550187205034,52.87790398822131,80.13041717627071
eager,mha,32,32,128,128,128,bf16,uniform,packed,identity,1234,pass,q_maxdiff=0.00e+00 k_maxdiff=0.00e+00 cases=4,uniform[0]|uniform[1]|permuted-requests|strided-qkv,0.09520000219345093,0.1066880002617836,0.08649600297212601,0.0052802473901019465,0.08724390994757414,0.10425603250041604,3211264,3145728,6356992,66.77512451189119,12.077537229203294,18.302126666245616
compile,mha,32,32,128,128,128,bf16,uniform,packed,identity,1234,pass,q_maxdiff=1.56e-02 k_maxdiff=1.56e-02 cases=4,uniform[0]|uniform[1]|permuted-requests|strided-qkv,0.026399999856948853,0.033215999603271484,0.02518399991095066,0.0030200400807633477,0.019277220126241446,0.024895998649299145,3211264,3145728,6356992,240.7951528199251,43.55233245991856,65.99857985653681
graph_eager,mha,32,32,128,128,128,bf16,uniform,packed,identity,1234,pass,q_maxdiff=0.00e+00 k_maxdiff=0.00e+00 cases=4,uniform[0]|uniform[1]|permuted-requests|strided-qkv,0.06036800146102905,0.061216000467538834,0.059808000922203064,0.0010677057772903818,0.05982017959468067,0.06501702591776848,3211264,3145728,6356992,105.30399957175652,19.046208966415556,28.8623518520187
graph_compile,mha,32,32,128,128,128,bf16,uniform,packed,identity,1234,pass,q_maxdiff=1.56e-02 k_maxdiff=1.56e-02 cases=4,uniform[0]|uniform[1]|permuted-requests|strided-qkv,0.010847999714314938,0.014751999638974667,0.006816000211983919,0.0016591968884481021,0.006618429906666279,0.013230019249022007,3211264,3145728,6356992,586.0059151376418,105.99019183180803,160.6160162847526
eager,mha,32,32,128,128,128,bf16,ragged,packed,identity,1234,pass,q_maxdiff=0.00e+00 k_maxdiff=0.00e+00 cases=5,ragged[0]|ragged[1]|uniform|permuted-requests|strided-qkv,0.09620800241827965,0.10780800133943558,0.08553600311279297,0.005655118696979932,0.08726063999347389,0.10318349814042449,3211264,3145728,6356992,66.07550141579661,11.950997233190437,18.110369771489488
compile,mha,32,32,128,128,128,bf16,ragged,packed,identity,1234,pass,q_maxdiff=1.56e-02 k_maxdiff=7.81e-03 cases=5,ragged[0]|ragged[1]|uniform|permuted-requests|strided-qkv,0.02696000039577484,0.032735999673604965,0.02502400055527687,0.00295573119164698,0.019106899853795767,0.025368004571646452,3211264,3145728,6356992,235.79346834862304,42.64768374750588,64.62768817482886
graph_eager,mha,32,32,128,128,128,bf16,ragged,packed,identity,1234,pass,q_maxdiff=0.00e+00 k_maxdiff=0.00e+00 cases=5,ragged[0]|ragged[1]|uniform|permuted-requests|strided-qkv,0.06060799956321716,0.06259199976921082,0.05929600074887276,0.0010637493988051837,0.05961901042610407,0.06457656854763627,3211264,3145728,6356992,104.88701237151608,18.970788988215315,28.74806149894501
graph_compile,mha,32,32,128,128,128,bf16,ragged,packed,identity,1234,pass,q_maxdiff=1.56e-02 k_maxdiff=7.81e-03 cases=5,ragged[0]|ragged[1]|uniform|permuted-requests|strided-qkv,0.010847999714314938,0.012736000120639801,0.009952000342309475,0.0008821630951856846,0.008205219637602568,0.013084965758025646,3211264,3145728,6356992,586.0059151376418,105.99019183180803,160.6160162847526
eager,mha,32,32,128,128,128,fp16,uniform,packed,identity,1234,pass,q_maxdiff=0.00e+00 k_maxdiff=0.00e+00 cases=4,uniform[0]|uniform[1]|permuted-requests|strided-qkv,0.09398400038480759,0.10416000336408615,0.08665599673986435,0.0050058084193173565,0.08698873105458915,0.1032539876177907,3211264,3145728,6356992,67.63908722731493,12.233801136405978,18.5389267496327
compile,mha,32,32,128,128,128,fp16,uniform,packed,identity,1234,pass,q_maxdiff=9.77e-04 k_maxdiff=9.77e-04 cases=4,uniform[0]|uniform[1]|permuted-requests|strided-qkv,0.02691200003027916,0.03203200176358223,0.024992000311613083,0.002679902055770812,0.01930277096107602,0.024967011995613575,3211264,3145728,6356992,236.21403064980817,42.72375034995539,64.74295841301415
graph_eager,mha,32,32,128,128,128,fp16,uniform,packed,identity,1234,pass,q_maxdiff=0.00e+00 k_maxdiff=0.00e+00 cases=4,uniform[0]|uniform[1]|permuted-requests|strided-qkv,0.06038400158286095,0.06140799820423126,0.059167999774217606,0.0007751750233333238,0.05978322005830705,0.06438605487346649,3211264,3145728,6356992,105.27609686941204,19.041162237879682,28.85470411199018
graph_compile,mha,32,32,128,128,128,fp16,uniform,packed,identity,1234,pass,q_maxdiff=9.77e-04 k_maxdiff=9.77e-04 cases=4,uniform[0]|uniform[1]|permuted-requests|strided-qkv,0.01071999967098236,0.013151999562978745,0.007872000336647034,0.001155620956171296,0.008224050980061293,0.013279961422085762,3211264,3145728,6356992,593.0030032750417,107.25574682842083,162.53382017237806
eager,mha,32,32,128,128,128,fp16,ragged,packed,identity,1234,pass,q_maxdiff=0.00e+00 k_maxdiff=0.00e+00 cases=5,ragged[0]|ragged[1]|uniform|permuted-requests|strided-qkv,0.09614400193095207,0.10559999942779541,0.0857279971241951,0.005368159401611099,0.08745300932787359,0.10514742461964488,3211264,3145728,6356992,66.11948610757241,11.958952691998196,18.12242535964662
compile,mha,32,32,128,128,128,fp16,ragged,packed,identity,1234,pass,q_maxdiff=1.95e-03 k_maxdiff=9.77e-04 cases=5,ragged[0]|ragged[1]|uniform|permuted-requests|strided-qkv,0.02651200070977211,0.031647998839616776,0.025151999667286873,0.0023598288271887537,0.01923765055835247,0.02497702371329069,3211264,3145728,6356992,239.77790546968654,43.368344143406674,65.71976660098603
graph_eager,mha,32,32,128,128,128,fp16,ragged,packed,identity,1234,pass,q_maxdiff=0.00e+00 k_maxdiff=0.00e+00 cases=5,ragged[0]|ragged[1]|uniform|permuted-requests|strided-qkv,0.060655999928712845,0.06233600154519081,0.059776000678539276,0.0009191521821937378,0.059690639609470963,0.06530300015583634,3211264,3145728,6356992,104.80400961934814,18.955776379302005,28.725311606751937
graph_compile,mha,32,32,128,128,128,fp16,ragged,packed,identity,1234,pass,q_maxdiff=1.95e-03 k_maxdiff=9.77e-04 cases=5,ragged[0]|ragged[1]|uniform|permuted-requests|strided-qkv,0.010944000445306301,0.013311999849975109,0.007840000092983246,0.0019282463432719814,0.008315829327329993,0.012683507520705462,3211264,3145728,6356992,580.8654734408757,105.06044626531067,159.2070931903762
eager,mha,32,32,128,128,128,fp32,uniform,packed,identity,1234,pass,q_maxdiff=0.00e+00 k_maxdiff=0.00e+00 cases=4,uniform[0]|uniform[1]|permuted-requests|strided-qkv,0.07903999835252762,0.0865280032157898,0.06857600063085556,0.00496111608328739,0.06779456976801157,0.08536555105820298,6356992,6291456,12648448,160.0259142666786,28.94369649357869,43.86086247235608
compile,mha,32,32,128,128,128,fp32,uniform,packed,identity,1234,pass,q_maxdiff=4.77e-07 k_maxdiff=4.77e-07 cases=4,uniform[0]|uniform[1]|permuted-requests|strided-qkv,0.026655999943614006,0.03811199963092804,0.021983999758958817,0.00488460621959189,0.019485409138724208,0.027412024792283773,6356992,6291456,12648448,474.5066036447902,85.82344417796213,130.05561617980118
graph_eager,mha,32,32,128,128,128,fp32,uniform,packed,identity,1234,pass,q_maxdiff=0.00e+00 k_maxdiff=0.00e+00 cases=4,uniform[0]|uniform[1]|permuted-requests|strided-qkv,0.050144001841545105,0.05180799961090088,0.04950400069355965,0.0008689733209560183,0.049314950592815876,0.053911469876766205,6356992,6291456,12648448,252.24249233176596,45.6227991215714,69.13613533499827
graph_compile,mha,32,32,128,128,128,fp32,uniform,packed,identity,1234,pass,q_maxdiff=4.77e-07 k_maxdiff=4.77e-07 cases=4,uniform[0]|uniform[1]|permuted-requests|strided-qkv,0.01268799975514412,0.015072000212967396,0.009568000212311745,0.001746382978034019,0.010267989709973335,0.01533800968900323,6356992,6291456,12648448,996.8827430716111,180.30499427153663,273.231601864583
eager,mha,32,32,128,128,128,fp32,ragged,packed,identity,1234,pass,q_maxdiff=0.00e+00 k_maxdiff=0.00e+00 cases=5,ragged[0]|ragged[1]|uniform|permuted-requests|strided-qkv,0.07895999774336815,0.08614400029182434,0.06694400310516357,0.0051829444673328375,0.06742206984199584,0.08472456829622388,6356992,6291456,12648448,160.1880491576172,28.973021638170746,43.905301375805045
compile,mha,32,32,128,128,128,fp32,ragged,packed,identity,1234,pass,q_maxdiff=4.77e-07 k_maxdiff=4.77e-07 cases=5,ragged[0]|ragged[1]|uniform|permuted-requests|strided-qkv,0.02707199938595295,0.033215999603271484,0.022016000002622604,0.002856513279631439,0.02228217083029449,0.027251080609858036,6356992,6291456,12648448,467.2151406210136,84.5046459463042,128.0571282575564
graph_eager,mha,32,32,128,128,128,fp32,ragged,packed,identity,1234,pass,q_maxdiff=0.00e+00 k_maxdiff=0.00e+00 cases=5,ragged[0]|ragged[1]|uniform|permuted-requests|strided-qkv,0.050464000552892685,0.05270399898290634,0.04902400076389313,0.0010456742147617356,0.0495280500035733,0.05508348112925887,6356992,6291456,12648448,250.64299027864072,45.333499090519155,68.69773421791753
graph_compile,mha,32,32,128,128,128,fp32,ragged,packed,identity,1234,pass,q_maxdiff=4.77e-07 k_maxdiff=4.77e-07 cases=5,ragged[0]|ragged[1]|uniform|permuted-requests|strided-qkv,0.012927999719977379,0.015584000386297703,0.009727999567985535,0.0017156138310598706,0.010444930521771312,0.015559024177491665,6356992,6291456,12648448,978.376258815554,176.9577485087168,268.1592336514632
eager,mha,32,32,128,128,2048,bf16,uniform,packed,identity,1234,pass,q_maxdiff=0.00e+00 k_maxdiff=0.00e+00 cases=4,uniform[0]|uniform[1]|permuted-requests|strided-qkv,0.09854399785399437,0.10979200154542923,0.08390399813652039,0.01919886563144912,0.08816783898510039,0.10292802471667528,3211264,3145728,6356992,64.5091749719623,11.667697635072491,17.68106162440186
compile,mha,32,32,128,128,2048,bf16,uniform,packed,identity,1234,pass,q_maxdiff=7.81e-03 k_maxdiff=7.81e-03 cases=4,uniform[0]|uniform[1]|permuted-requests|strided-qkv,0.026367999613285065,0.031007999554276466,0.02470399998128414,0.0030433296092083747,0.01911971950903535,0.02458097878843546,3211264,3145728,6356992,241.08738217658114,43.60518763555887,66.0786758315007
graph_eager,mha,32,32,128,128,2048,bf16,uniform,packed,identity,1234,pass,q_maxdiff=0.00e+00 k_maxdiff=0.00e+00 cases=4,uniform[0]|uniform[1]|permuted-requests|strided-qkv,0.06038400158286095,0.062111999839544296,0.05920000001788139,0.0009002629358135623,0.05964876036159694,0.06537250010296702,3211264,3145728,6356992,105.27609686941204,19.041162237879682,28.85470411199018
graph_compile,mha,32,32,128,128,2048,bf16,uniform,packed,identity,1234,pass,q_maxdiff=7.81e-03 k_maxdiff=7.81e-03 cases=4,uniform[0]|uniform[1]|permuted-requests|strided-qkv,0.01065600011497736,0.012095999903976917,0.009375999681651592,0.0010324355196810223,0.006493499968200922,0.013069482520222664,3211264,3145728,6356992,596.5645581276823,107.89992101216131,163.50999248981347
eager,mha,32,32,128,128,2048,bf16,ragged,packed,identity,1234,pass,q_maxdiff=0.00e+00 k_maxdiff=0.00e+00 cases=5,ragged[0]|ragged[1]|uniform|permuted-requests|strided-qkv,0.09419200196862221,0.10937599837779999,0.08505599945783615,0.00786096517225661,0.08745379978790879,0.10327354539185762,3211264,3145728,6356992,67.48972170819427,12.206785572883998,18.497987752206658
compile,mha,32,32,128,128,2048,bf16,ragged,packed,identity,1234,pass,q_maxdiff=1.56e-02 k_maxdiff=7.81e-03 cases=5,ragged[0]|ragged[1]|uniform|permuted-requests|strided-qkv,0.02723200060427189,0.04201599955558777,0.024992000311613083,0.004929187581757514,0.019425200298428535,0.025007000658661127,3211264,3145728,6356992,233.43830269314762,42.22170774082873,63.982170244887364
graph_eager,mha,32,32,128,128,2048,bf16,ragged,packed,identity,1234,pass,q_maxdiff=0.00e+00 k_maxdiff=0.00e+00 cases=5,ragged[0]|ragged[1]|uniform|permuted-requests|strided-qkv,0.06070400029420853,0.0631679967045784,0.059647999703884125,0.0013291047290536955,0.06021052016876638,0.06615399615839124,3211264,3145728,6356992,104.72113813241546,18.940787512175433,28.702597692521913
graph_compile,mha,32,32,128,128,2048,bf16,ragged,packed,identity,1234,pass,q_maxdiff=1.56e-02 k_maxdiff=7.81e-03 cases=5,ragged[0]|ragged[1]|uniform|permuted-requests|strided-qkv,0.010912000201642513,0.014751999638974667,0.008031999692320824,0.002001524568071022,0.008309209952130914,0.012413947843015194,3211264,3145728,6356992,582.5689041907387,105.36854375594397,159.6739797080587
eager,mha,32,32,128,128,2048,fp16,uniform,packed,identity,1234,pass,q_maxdiff=0.00e+00 k_maxdiff=0.00e+00 cases=4,uniform[0]|uniform[1]|permuted-requests|strided-qkv,0.09417600184679031,0.11215999722480774,0.08457600325345993,0.008277427265365254,0.08755689952522516,0.10328396456316113,3211264,3145728,6356992,67.5011879389596,12.208859456384168,18.501130485513194
compile,mha,32,32,128,128,2048,fp16,uniform,packed,identity,1234,pass,q_maxdiff=9.77e-04 k_maxdiff=1.95e-03 cases=4,uniform[0]|uniform[1]|permuted-requests|strided-qkv,0.026159999892115593,0.038784001022577286,0.022463999688625336,0.004317826175646302,0.01884671044535935,0.025177490897476673,3211264,3145728,6356992,243.00428234772068,43.95189508613773,66.60407132862922
graph_eager,mha,32,32,128,128,2048,fp16,uniform,packed,identity,1234,pass,q_maxdiff=0.00e+00 k_maxdiff=0.00e+00 cases=4,uniform[0]|uniform[1]|permuted-requests|strided-qkv,0.06046399846673012,0.06224000081419945,0.0597120001912117,0.0011667444022102505,0.05965708987787366,0.06461102748289704,3211264,3145728,6356992,105.13681134564544,19.01596983111029,28.816527900154036
graph_compile,mha,32,32,128,128,2048,fp16,uniform,packed,identity,1234,pass,q_maxdiff=9.77e-04 k_maxdiff=1.95e-03 cases=4,uniform[0]|uniform[1]|permuted-requests|strided-qkv,0.010735999792814255,0.01635199971497059,0.007455999962985516,0.0016881477908239977,0.008298290194943547,0.013269949704408646,3211264,3145728,6356992,592.1192364641081,107.09590097805354,162.2915920637019
eager,mha,32,32,128,128,2048,fp16,ragged,packed,identity,1234,pass,q_maxdiff=0.00e+00 k_maxdiff=0.00e+00 cases=5,ragged[0]|ragged[1]|uniform|permuted-requests|strided-qkv,0.09443199634552002,0.11932799965143204,0.08668799698352814,0.015590557104779607,0.08728479035198689,0.1023325021378696,3211264,3145728,6356992,67.31819982646786,12.175762614449757,18.450976006016198
compile,mha,32,32,128,128,2048,fp16,ragged,packed,identity,1234,pass,q_maxdiff=9.77e-04 k_maxdiff=1.95e-03 cases=5,ragged[0]|ragged[1]|uniform|permuted-requests|strided-qkv,0.025887999683618546,0.03152000159025192,0.02412799932062626,0.0026487382160267294,0.019195459317415953,0.025407993234694004,3211264,3145728,6356992,245.5574813693539,44.41368915185825,67.30386743143907
graph_eager,mha,32,32,128,128,2048,fp16,ragged,packed,identity,1234,pass,q_maxdiff=0.00e+00 k_maxdiff=0.00e+00 cases=5,ragged[0]|ragged[1]|uniform|permuted-requests|strided-qkv,0.060944000259041786,0.06268800050020218,0.05974400043487549,0.001751540572595888,0.06019769003614783,0.06560352630913258,3211264,3145728,6356992,104.30874200872402,18.86619791652181,28.58956568924762
graph_compile,mha,32,32,128,128,2048,fp16,ragged,packed,identity,1234,pass,q_maxdiff=9.77e-04 k_maxdiff=1.95e-03 cases=5,ragged[0]|ragged[1]|uniform|permuted-requests|strided-qkv,0.011327999643981457,0.019200000911951065,0.007840000092983246,0.0027740041194447753,0.00823608017526567,0.012643984518945217,3211264,3145728,6356992,561.1751588796577,101.4990825253526,153.81025366619895
skipped,mha,32,32,128,128,2048,fp32,uniform,packed,identity,1234,not-run,peak cache 17.2GB > budget,,,,,,,,,,,,,
skipped,mha,32,32,128,128,2048,fp32,ragged,packed,identity,1234,not-run,peak cache 17.2GB > budget,,,,,,,,,,,,,
eager,gqa,32,8,128,1,128,bf16,uniform,packed,identity,1234,pass,q_maxdiff=0.00e+00 k_maxdiff=0.00e+00 cases=4,uniform[0]|uniform[1]|permuted-requests|strided-qkv,0.09120000153779984,0.09939199686050415,0.08873599767684937,0.003099360909301002,0.07858603959903121,0.08887198055163026,12800,12288,25088,0.2750877146597605,0.049754787271240004,0.07539769090410905
compile,gqa,32,8,128,1,128,bf16,uniform,packed,identity,1234,pass,q_maxdiff=0.00e+00 k_maxdiff=0.00e+00 cases=4,uniform[0]|uniform[1]|permuted-requests|strided-qkv,0.030608000233769417,0.05459199845790863,0.02908799983561039,0.009705908681105336,0.02280755084939301,0.0287839793600142,12800,12288,25088,0.819654985898776,0.14825002094203057,0.22465595510597267
graph_eager,gqa,32,8,128,1,128,bf16,uniform,packed,identity,1234,pass,q_maxdiff=0.00e+00 k_maxdiff=0.00e+00 cases=4,uniform[0]|uniform[1]|permuted-requests|strided-qkv,0.03179199993610382,0.033440001308918,0.030688000842928886,0.0007265602084586623,0.030688060214743018,0.035792007111012936,12800,12288,25088,0.7891293423006526,0.14272888414600599,0.21628930360535234
graph_compile,gqa,32,8,128,1,128,bf16,uniform,packed,identity,1234,pass,q_maxdiff=0.00e+00 k_maxdiff=0.00e+00 cases=4,uniform[0]|uniform[1]|permuted-requests|strided-qkv,0.010960000101476908,0.012575999833643436,0.00559999980032444,0.0016753809600790186,0.005958699621260166,0.011230935342609882,12800,12288,25088,2.289051073696549,0.4140179410252493,0.6273968487896907
eager,gqa,32,8,128,1,128,bf16,uniform,packed,permuted,1234,pass,q_maxdiff=0.00e+00 k_maxdiff=0.00e+00 cases=4,uniform[0]|uniform[1]|permuted-requests|strided-qkv,0.09062399715185165,0.11488000303506851,0.08816000074148178,0.02326369110134374,0.07826394052244723,0.095134018920362,12800,12288,25088,0.27683616689255025,0.05007102774386153,0.07587691717988633
compile,gqa,32,8,128,1,128,bf16,uniform,packed,permuted,1234,pass,q_maxdiff=0.00e+00 k_maxdiff=0.00e+00 cases=4,uniform[0]|uniform[1]|permuted-requests|strided-qkv,0.030751999467611313,0.05663999915122986,0.028863999992609024,0.009267287805435705,0.022907640086486936,0.028427981305867434,12800,12288,25088,0.8158168715638552,0.14755582577416249,0.22360398170673557
graph_eager,gqa,32,8,128,1,128,bf16,uniform,packed,permuted,1234,pass,q_maxdiff=0.00e+00 k_maxdiff=0.00e+00 cases=4,uniform[0]|uniform[1]|permuted-requests|strided-qkv,0.03167999908328056,0.033055998384952545,0.030592000111937523,0.0008036435089654925,0.030938620911911126,0.0357719836756587,12800,12288,25088,0.7919192148348402,0.14323348506802122,0.2170539686041318
graph_compile,gqa,32,8,128,1,128,bf16,uniform,packed,permuted,1234,pass,q_maxdiff=0.00e+00 k_maxdiff=0.00e+00 cases=4,uniform[0]|uniform[1]|permuted-requests|strided-qkv,0.010944000445306301,0.01190400030463934,0.006047999951988459,0.0012658814449784347,0.0059183198027312756,0.011196010746061802,12800,12288,25088,2.2923975675421158,0.4146232173808169,0.628314075896298
eager,gqa,32,8,128,1,128,bf16,uniform,strided,identity,1234,pass,q_maxdiff=0.00e+00 k_maxdiff=0.00e+00 cases=4,uniform[0]|uniform[1]|permuted-requests|strided-qkv,0.09092799946665764,0.09862399846315384,0.08931200206279755,0.003260640597340686,0.08010990102775395,0.08949352195486426,12800,12288,25088,0.27591061221136304,0.04990362377117839,0.07562323560107313
compile,gqa,32,8,128,1,128,bf16,uniform,strided,identity,1234,pass,q_maxdiff=0.00e+00 k_maxdiff=0.00e+00 cases=4,uniform[0]|uniform[1]|permuted-requests|strided-qkv,0.030239999294281006,0.03782400116324425,0.02611199952661991,0.0031039443302014907,0.022721280110999942,0.028754002414643764,12800,12288,25088,0.8296296489909194,0.15005412637387697,0.2273898705977068
graph_eager,gqa,32,8,128,1,128,bf16,uniform,strided,identity,1234,pass,q_maxdiff=0.00e+00 k_maxdiff=0.00e+00 cases=4,uniform[0]|uniform[1]|permuted-requests|strided-qkv,0.03171199932694435,0.032735999673604965,0.030719999223947525,0.0007744316035326722,0.030790640739724044,0.03578199539333582,12800,12288,25088,0.7911200975172759,0.14308894967068675,0.21683494173635484
graph_compile,gqa,32,8,128,1,128,bf16,uniform,strided,identity,1234,pass,q_maxdiff=0.00e+00 k_maxdiff=0.00e+00 cases=4,uniform[0]|uniform[1]|permuted-requests|strided-qkv,0.010912000201642513,0.014560000039637089,0.006783999968320131,0.0015484566664426826,0.0059893494471907616,0.012132979463785887,12800,12288,25088,2.299120192118734,0.4158391304801269,0.630156653164858
eager,gqa,32,8,128,1,128,bf16,uniform,strided,permuted,1234,pass,q_maxdiff=0.00e+00 k_maxdiff=0.00e+00 cases=4,uniform[0]|uniform[1]|permuted-requests|strided-qkv,0.09081599861383438,0.10198400169610977,0.08886399865150452,0.0042781173362641325,0.07857081014662981,0.09355554357171059,12800,12288,25088,0.2762508851185857,0.04996516852658112,0.07571649964055796
compile,gqa,32,8,128,1,128,bf16,uniform,strided,permuted,1234,pass,q_maxdiff=0.00e+00 k_maxdiff=0.00e+00 cases=4,uniform[0]|uniform[1]|permuted-requests|strided-qkv,0.03057599999010563,0.03731200098991394,0.02473600022494793,0.0030268246057287857,0.023137159878388047,0.028423499315977097,12800,12288,25088,0.8205128207783378,0.14840517651486027,0.22489107563534985
graph_eager,gqa,32,8,128,1,128,bf16,uniform,strided,permuted,1234,pass,q_maxdiff=0.00e+00 k_maxdiff=0.00e+00 cases=4,uniform[0]|uniform[1]|permuted-requests|strided-qkv,0.03167999908328056,0.0331839993596077,0.03062400035560131,0.0007851274107332763,0.030864690197631713,0.03578700125217438,12800,12288,25088,0.7919192148348402,0.14323348506802122,0.2170539686041318
graph_compile,gqa,32,8,128,1,128,bf16,uniform,strided,permuted,1234,pass,q_maxdiff=0.00e+00 k_maxdiff=0.00e+00 cases=4,uniform[0]|uniform[1]|permuted-requests|strided-qkv,0.010928000323474407,0.017343999817967415,0.008191999979317188,0.004463118555796982,0.0060286198277026415,0.011225987691432238,12800,12288,25088,2.295753958398824,0.41523028379700055,0.6292340156350843
eager,gqa,32,8,128,1,128,bf16,ragged,packed,identity,1234,pass,q_maxdiff=0.00e+00 k_maxdiff=0.00e+00 cases=5,ragged[0]|ragged[1]|uniform|permuted-requests|strided-qkv,0.09073599800467491,0.09993600100278854,0.08860799670219421,0.004252996459991268,0.07846723077818751,0.08898199303075671,12800,12288,25088,0.2764944515043237,0.05000922208863789,0.07578325777655548
compile,gqa,32,8,128,1,128,bf16,ragged,packed,identity,1234,pass,q_maxdiff=0.00e+00 k_maxdiff=0.00e+00 cases=5,ragged[0]|ragged[1]|uniform|permuted-requests|strided-qkv,0.043487999588251114,0.049855999648571014,0.03152000159025192,0.007000849126458325,0.030996639980003238,0.038978003431111574,12800,12288,25088,0.5768947810323718,0.10434227185919809,0.15811878199748286
graph_eager,gqa,32,8,128,1,128,bf16,ragged,packed,identity,1234,pass,q_maxdiff=0.00e+00 k_maxdiff=0.00e+00 cases=5,ragged[0]|ragged[1]|uniform|permuted-requests|strided-qkv,0.031808000057935715,0.033504001796245575,0.03062400035560131,0.0008205762420959923,0.030827519949525595,0.03576802555471659,12800,12288,25088,0.7887323929295845,0.14265708838609947,0.21618050534069197
graph_compile,gqa,32,8,128,1,128,bf16,ragged,packed,identity,1234,pass,q_maxdiff=0.00e+00 k_maxdiff=0.00e+00 cases=5,ragged[0]|ragged[1]|uniform|permuted-requests|strided-qkv,0.010944000445306301,0.014336000196635723,0.006719999946653843,0.001592400314193575,0.006162179633975029,0.011416035704314709,12800,12288,25088,2.2923975675421158,0.4146232173808169,0.628314075896298
eager,gqa,32,8,128,1,128,bf16,ragged,packed,permuted,1234,pass,q_maxdiff=0.00e+00 k_maxdiff=0.00e+00 cases=5,ragged[0]|ragged[1]|uniform|permuted-requests|strided-qkv,0.08980799838900566,0.10569600015878677,0.08816000074148178,0.011728634202724162,0.07854717085137963,0.08987396722659469,12800,12288,25088,0.27935151044487905,0.05052597493594169,0.07656633762859921
compile,gqa,32,8,128,1,128,bf16,ragged,packed,permuted,1234,pass,q_maxdiff=0.00e+00 k_maxdiff=0.00e+00 cases=5,ragged[0]|ragged[1]|uniform|permuted-requests|strided-qkv,0.04326399974524975,0.052319999784231186,0.031936001032590866,0.0071322556558451565,0.029071210883557796,0.040045531932264566,12800,12288,25088,0.5798816602192353,0.10488250513981222,0.15893744376134095
graph_eager,gqa,32,8,128,1,128,bf16,ragged,packed,permuted,1234,pass,q_maxdiff=0.00e+00 k_maxdiff=0.00e+00 cases=5,ragged[0]|ragged[1]|uniform|permuted-requests|strided-qkv,0.03167999908328056,0.03324799984693527,0.030400000512599945,0.0008303753463812483,0.030824119457975026,0.03583304351195693,12800,12288,25088,0.7919192148348402,0.14323348506802122,0.2170539686041318
graph_compile,gqa,32,8,128,1,128,bf16,ragged,packed,permuted,1234,pass,q_maxdiff=0.00e+00 k_maxdiff=0.00e+00 cases=5,ragged[0]|ragged[1]|uniform|permuted-requests|strided-qkv,0.010991999879479408,0.012608000077307224,0.009952000342309475,0.0007908475630007819,0.005970520433038473,0.011235999409109354,12800,12288,25088,2.282387215709121,0.4128126569689245,0.625570378620398
eager,gqa,32,8,128,1,128,bf16,ragged,strided,identity,1234,pass,q_maxdiff=0.00e+00 k_maxdiff=0.00e+00 cases=5,ragged[0]|ragged[1]|uniform|permuted-requests|strided-qkv,0.09059199690818787,0.10038399696350098,0.08819200098514557,0.003799204742151134,0.07828659028746188,0.08837151108309627,12800,12288,25088,0.2769339550537328,0.05008871457209122,0.07590371954567007
compile,gqa,32,8,128,1,128,bf16,ragged,strided,identity,1234,pass,q_maxdiff=0.00e+00 k_maxdiff=0.00e+00 cases=5,ragged[0]|ragged[1]|uniform|permuted-requests|strided-qkv,0.04331200011074543,0.05190400034189224,0.03152000159025192,0.007468792252517428,0.028776759281754494,0.03643357194960117,12800,12288,25088,0.5792390084930717,0.10476626948761558,0.1587613019213893
graph_eager,gqa,32,8,128,1,128,bf16,ragged,strided,identity,1234,pass,q_maxdiff=0.00e+00 k_maxdiff=0.00e+00 cases=5,ragged[0]|ragged[1]|uniform|permuted-requests|strided-qkv,0.03171199932694435,0.033535998314619064,0.03049599938094616,0.0009212704506391538,0.03086908953264356,0.035812496207654476,12800,12288,25088,0.7911200975172759,0.14308894967068675,0.21683494173635484
graph_compile,gqa,32,8,128,1,128,bf16,ragged,strided,identity,1234,pass,q_maxdiff=0.00e+00 k_maxdiff=0.00e+00 cases=5,ragged[0]|ragged[1]|uniform|permuted-requests|strided-qkv,0.010879999957978725,0.014399999752640724,0.005888000130653381,0.0018346500538491235,0.005937759997323155,0.011196010746061802,12800,12288,25088,2.3058823618470696,0.4170621960639226,0.6320100692058063
eager,gqa,32,8,128,1,128,bf16,ragged,strided,permuted,1234,pass,q_maxdiff=0.00e+00 k_maxdiff=0.00e+00 cases=5,ragged[0]|ragged[1]|uniform|permuted-requests|strided-qkv,0.09014400094747543,0.09865599870681763,0.08854400366544724,0.0035150396371087756,0.07825211971066892,0.08947349851951003,12800,12288,25088,0.2783102562156979,0.05033764452383199,0.07628094442366638
compile,gqa,32,8,128,1,128,bf16,ragged,strided,permuted,1234,pass,q_maxdiff=0.00e+00 k_maxdiff=0.00e+00 cases=5,ragged[0]|ragged[1]|uniform|permuted-requests|strided-qkv,0.04209600016474724,0.0522879995405674,0.03222399950027466,0.007597999727385125,0.028874250128865242,0.038973987102508545,12800,12288,25088,0.5959711113126047,0.10779258499362082,0.1633473370270401
graph_eager,gqa,32,8,128,1,128,bf16,ragged,strided,permuted,1234,pass,q_maxdiff=0.00e+00 k_maxdiff=0.00e+00 cases=5,ragged[0]|ragged[1]|uniform|permuted-requests|strided-qkv,0.03171199932694435,0.03385600075125694,0.03062400035560131,0.000996367356829538,0.030823610723018646,0.03579695476219058,12800,12288,25088,0.7911200975172759,0.14308894967068675,0.21683494173635484
graph_compile,gqa,32,8,128,1,128,bf16,ragged,strided,permuted,1234,pass,q_maxdiff=0.00e+00 k_maxdiff=0.00e+00 cases=5,ragged[0]|ragged[1]|uniform|permuted-requests|strided-qkv,0.010975999757647514,0.014911999925971031,0.007615999784320593,0.0018899264700973082,0.006018900312483311,0.01391599653288722,12800,12288,25088,2.285714336183359,0.41341442928589706,0.6264822957571833
eager,gqa,32,8,128,1,128,fp16,uniform,packed,identity,1234,pass,q_maxdiff=0.00e+00 k_maxdiff=0.00e+00 cases=4,uniform[0]|uniform[1]|permuted-requests|strided-qkv,0.09137600287795067,0.10121600329875946,0.08979199826717377,0.003537143448104395,0.07815383025445044,0.08959852857515216,12800,12288,25088,0.2745578621283052,0.04965895347502597,0.07525246574405114
compile,gqa,32,8,128,1,128,fp16,uniform,packed,identity,1234,pass,q_maxdiff=0.00e+00 k_maxdiff=0.00e+00 cases=4,uniform[0]|uniform[1]|permuted-requests|strided-qkv,0.03038400039076805,0.03638400137424469,0.029055999591946602,0.002899561681120462,0.02338032005354762,0.028748996555805206,12800,12288,25088,0.8256977250310594,0.14934296397089036,0.22631218529376415
graph_eager,gqa,32,8,128,1,128,fp16,uniform,packed,identity,1234,pass,q_maxdiff=0.00e+00 k_maxdiff=0.00e+00 cases=4,uniform[0]|uniform[1]|permuted-requests|strided-qkv,0.03171199932694435,0.032607998698949814,0.030592000111937523,0.0008034757654422489,0.03086569020524621,0.03575696609914303,12800,12288,25088,0.7911200975172759,0.14308894967068675,0.21683494173635484
graph_compile,gqa,32,8,128,1,128,fp16,uniform,packed,identity,1234,pass,q_maxdiff=0.00e+00 k_maxdiff=0.00e+00 cases=4,uniform[0]|uniform[1]|permuted-requests|strided-qkv,0.010847999714314938,0.015231999568641186,0.008352000266313553,0.00144479412542491,0.0062507507391273975,0.011235999409109354,12800,12288,25088,2.312684426686891,0.4182924774290104,0.6338744199382149
eager,gqa,32,8,128,1,128,fp16,uniform,packed,permuted,1234,pass,q_maxdiff=0.00e+00 k_maxdiff=0.00e+00 cases=4,uniform[0]|uniform[1]|permuted-requests|strided-qkv,0.09041600301861763,0.0984639972448349,0.08879999816417694,0.0036494596623090677,0.07781520020216703,0.08795550093054771,12800,12288,25088,0.27747300436222677,0.0501862117784132,0.07605146541354414
compile,gqa,32,8,128,1,128,fp16,uniform,packed,permuted,1234,pass,q_maxdiff=0.00e+00 k_maxdiff=0.00e+00 cases=4,uniform[0]|uniform[1]|permuted-requests|strided-qkv,0.030608000233769417,0.03580800071358681,0.029279999434947968,0.0030581101344413736,0.023045599227771163,0.028654001653194427,12800,12288,25088,0.819654985898776,0.14825002094203057,0.22465595510597267
graph_eager,gqa,32,8,128,1,128,fp16,uniform,packed,permuted,1234,pass,q_maxdiff=0.00e+00 k_maxdiff=0.00e+00 cases=4,uniform[0]|uniform[1]|permuted-requests|strided-qkv,0.03169599920511246,0.032735999673604965,0.030559999868273735,0.0006860237808784751,0.030903560109436512,0.035818025935441256,12800,12288,25088,0.7915194544790811,0.143161180888662,0.21694439988792602
graph_compile,gqa,32,8,128,1,128,fp16,uniform,packed,permuted,1234,pass,q_maxdiff=0.00e+00 k_maxdiff=0.00e+00 cases=4,uniform[0]|uniform[1]|permuted-requests|strided-qkv,0.011136000044643879,0.0163199994713068,0.006207999773323536,0.0017438226795773646,0.006115790456533432,0.010600022505968809,12800,12288,25088,2.2528735541866904,0.4074745561654766,0.617481097237298
eager,gqa,32,8,128,1,128,fp16,uniform,strided,identity,1234,pass,q_maxdiff=0.00e+00 k_maxdiff=0.00e+00 cases=4,uniform[0]|uniform[1]|permuted-requests|strided-qkv,0.09169599786400795,0.10067199915647507,0.08924800157546997,0.005647668407698645,0.07890213979408145,0.08947303285822272,12800,12288,25088,0.2735997271899194,0.04948565675003231,0.07498985437291743
compile,gqa,32,8,128,1,128,fp16,uniform,strided,identity,1234,pass,q_maxdiff=0.00e+00 k_maxdiff=0.00e+00 cases=4,uniform[0]|uniform[1]|permuted-requests|strided-qkv,0.0302559994161129,0.03606399893760681,0.029184000566601753,0.0024576654063004715,0.022939699701964855,0.028172507882118225,12800,12288,25088,0.8291909202853609,0.1499747740355079,0.22726962120244254
graph_eager,gqa,32,8,128,1,128,fp16,uniform,strided,identity,1234,pass,q_maxdiff=0.00e+00 k_maxdiff=0.00e+00 cases=4,uniform[0]|uniform[1]|permuted-requests|strided-qkv,0.03167999908328056,0.03315199911594391,0.030559999868273735,0.0008122566846996553,0.030834630597382787,0.03572698915377259,12800,12288,25088,0.7919192148348402,0.14323348506802122,0.2170539686041318
graph_compile,gqa,32,8,128,1,128,fp16,uniform,strided,identity,1234,pass,q_maxdiff=0.00e+00 k_maxdiff=0.00e+00 cases=4,uniform[0]|uniform[1]|permuted-requests|strided-qkv,0.01080000028014183,0.014879999682307243,0.005791999865323305,0.0015946237519666334,0.005936460802331567,0.011236523278057575,12800,12288,25088,2.3229629027074923,0.42015153314333076,0.6366916062997546
eager,gqa,32,8,128,1,128,fp16,uniform,strided,permuted,1234,pass,q_maxdiff=0.00e+00 k_maxdiff=0.00e+00 cases=4,uniform[0]|uniform[1]|permuted-requests|strided-qkv,0.09046400338411331,0.09913600236177444,0.088639996945858,0.0034755357771495826,0.08017622982151806,0.09131152182817459,12800,12288,25088,0.2773257766791005,0.050159582882740986,0.07601111236703093
compile,gqa,32,8,128,1,128,fp16,uniform,strided,permuted,1234,pass,q_maxdiff=0.00e+00 k_maxdiff=0.00e+00 cases=4,uniform[0]|uniform[1]|permuted-requests|strided-qkv,0.03073599934577942,0.03558399900794029,0.028863999992609024,0.0037751598144888507,0.02298748935572803,0.028609007131308317,12800,12288,25088,0.8162415582379628,0.14763263834702964,0.22372038237779088
graph_eager,gqa,32,8,128,1,128,fp16,uniform,strided,permuted,1234,pass,q_maxdiff=0.00e+00 k_maxdiff=0.00e+00 cases=4,uniform[0]|uniform[1]|permuted-requests|strided-qkv,0.03167999908328056,0.03359999880194664,0.03049599938094616,0.0012874446217866378,0.030792850302532315,0.03576802555471659,12800,12288,25088,0.7919192148348402,0.14323348506802122,0.2170539686041318
graph_compile,gqa,32,8,128,1,128,fp16,uniform,strided,permuted,1234,pass,q_maxdiff=0.00e+00 k_maxdiff=0.00e+00 cases=4,uniform[0]|uniform[1]|permuted-requests|strided-qkv,0.010912000201642513,0.013183999806642532,0.0072639998979866505,0.001504744494715583,0.006011199438944459,0.011260970495641232,12800,12288,25088,2.299120192118734,0.4158391304801269,0.630156653164858
eager,gqa,32,8,128,1,128,fp16,ragged,packed,identity,1234,pass,q_maxdiff=0.00e+00 k_maxdiff=0.00e+00 cases=5,ragged[0]|ragged[1]|uniform|permuted-requests|strided-qkv,0.09147199988365173,0.10460799932479858,0.08975999802350998,0.008517015548713163,0.07872040034271777,0.08908752351999283,12800,12288,25088,0.27426972223096474,0.04960683795502079,0.07517349063262646
compile,gqa,32,8,128,1,128,fp16,ragged,packed,identity,1234,pass,q_maxdiff=9.54e-07 k_maxdiff=0.00e+00 cases=5,ragged[0]|ragged[1]|uniform|permuted-requests|strided-qkv,0.04297599941492081,0.05238400027155876,0.031647998839616776,0.007163150843170845,0.0286891998257488,0.0367090106010437,12800,12288,25088,0.5837676922363723,0.10558536712178412,0.16000255072634648
graph_eager,gqa,32,8,128,1,128,fp16,ragged,packed,identity,1234,pass,q_maxdiff=0.00e+00 k_maxdiff=0.00e+00 cases=5,ragged[0]|ragged[1]|uniform|permuted-requests|strided-qkv,0.03171199932694435,0.033055998384952545,0.030688000842928886,0.0008014688418856201,0.030704489909112453,0.035792007111012936,12800,12288,25088,0.7911200975172759,0.14308894967068675,0.21683494173635484
graph_compile,gqa,32,8,128,1,128,fp16,ragged,packed,identity,1234,pass,q_maxdiff=9.54e-07 k_maxdiff=0.00e+00 cases=5,ragged[0]|ragged[1]|uniform|permuted-requests|strided-qkv,0.010944000445306301,0.014399999752640724,0.008448000065982342,0.0013529304036786365,0.0060249201487749815,0.01145602436736226,12800,12288,25088,2.2923975675421158,0.4146232173808169,0.628314075896298
eager,gqa,32,8,128,1,128,fp16,ragged,packed,permuted,1234,pass,q_maxdiff=0.00e+00 k_maxdiff=0.00e+00 cases=5,ragged[0]|ragged[1]|uniform|permuted-requests|strided-qkv,0.09016000106930733,0.09855999797582626,0.08803199976682663,0.0037962305577003692,0.0793944695033133,0.08936249651014805,12800,12288,25088,0.2782608662650135,0.050328711422284074,0.07626740732972499
compile,gqa,32,8,128,1,128,fp16,ragged,packed,permuted,1234,pass,q_maxdiff=9.54e-07 k_maxdiff=0.00e+00 cases=5,ragged[0]|ragged[1]|uniform|permuted-requests|strided-qkv,0.041231999173760414,0.05119999870657921,0.03174399957060814,0.006916258341136959,0.02873819088563323,0.03635400207713246,12800,12288,25088,0.6084594611644667,0.11005133795544149,0.16677021886383048
graph_eager,gqa,32,8,128,1,128,fp16,ragged,packed,permuted,1234,pass,q_maxdiff=0.00e+00 k_maxdiff=0.00e+00 cases=5,ragged[0]|ragged[1]|uniform|permuted-requests|strided-qkv,0.03167999908328056,0.032575998455286026,0.030592000111937523,0.0007255269152613833,0.030784138944000006,0.03573193680495024,12800,12288,25088,0.7919192148348402,0.14323348506802122,0.2170539686041318
graph_compile,gqa,32,8,128,1,128,fp16,ragged,packed,permuted,1234,pass,q_maxdiff=9.54e-07 k_maxdiff=0.00e+00 cases=5,ragged[0]|ragged[1]|uniform|permuted-requests|strided-qkv,0.010944000445306301,0.012575999833643436,0.0050559998489916325,0.0012500208319381739,0.00593464937992394,0.012087984941899776,12800,12288,25088,2.2923975675421158,0.4146232173808169,0.628314075896298
eager,gqa,32,8,128,1,128,fp16,ragged,strided,identity,1234,pass,q_maxdiff=0.00e+00 k_maxdiff=0.00e+00 cases=5,ragged[0]|ragged[1]|uniform|permuted-requests|strided-qkv,0.09033600240945816,0.1045759990811348,0.08774399757385254,0.0061489166764133974,0.07785386987961829,0.08788995910435915,12800,12288,25088,0.27771873152285176,0.050230656157249906,0.07611881578768376
compile,gqa,32,8,128,1,128,fp16,ragged,strided,identity,1234,pass,q_maxdiff=9.54e-07 k_maxdiff=0.00e+00 cases=5,ragged[0]|ragged[1]|uniform|permuted-requests|strided-qkv,0.04156799986958504,0.051392000168561935,0.03177599981427193,0.006935616412187511,0.028728380566462874,0.04063599044457078,12800,12288,25088,0.6035411874208718,0.10916177564199193,0.16542218889469856
graph_eager,gqa,32,8,128,1,128,fp16,ragged,strided,identity,1234,pass,q_maxdiff=0.00e+00 k_maxdiff=0.00e+00 cases=5,ragged[0]|ragged[1]|uniform|permuted-requests|strided-qkv,0.03167999908328056,0.03311999887228012,0.030527999624609947,0.0007810018471039986,0.030769810546189543,0.03588799154385924,12800,12288,25088,0.7919192148348402,0.14323348506802122,0.2170539686041318
graph_compile,gqa,32,8,128,1,128,fp16,ragged,strided,identity,1234,pass,q_maxdiff=9.54e-07 k_maxdiff=0.00e+00 cases=5,ragged[0]|ragged[1]|uniform|permuted-requests|strided-qkv,0.010879999957978725,0.012128000147640705,0.009088000282645226,0.001104747364086898,0.005927830934524536,0.01115602208301425,12800,12288,25088,2.3058823618470696,0.4170621960639226,0.6320100692058063
eager,gqa,32,8,128,1,128,fp16,ragged,strided,permuted,1234,pass,q_maxdiff=0.00e+00 k_maxdiff=0.00e+00 cases=5,ragged[0]|ragged[1]|uniform|permuted-requests|strided-qkv,0.09036800265312195,0.09894400089979172,0.08195199817419052,0.004049575175250212,0.0846773898229003,0.08940795669332147,12800,12288,25088,0.27762038844988557,0.05021286896278692,0.07609186132834982
compile,gqa,32,8,128,1,128,fp16,ragged,strided,permuted,1234,pass,q_maxdiff=9.54e-07 k_maxdiff=0.00e+00 cases=5,ragged[0]|ragged[1]|uniform|permuted-requests|strided-qkv,0.042928000912070274,0.05049600079655647,0.0318400003015995,0.006879769798447928,0.028604239923879504,0.037676014471799135,12800,12288,25088,0.5844204124806074,0.10570342385485094,0.16018145220612565
graph_eager,gqa,32,8,128,1,128,fp16,ragged,strided,permuted,1234,pass,q_maxdiff=0.00e+00 k_maxdiff=0.00e+00 cases=5,ragged[0]|ragged[1]|uniform|permuted-requests|strided-qkv,0.03167999908328056,0.03244800120592117,0.030527999624609947,0.0007454650578485805,0.030702779768034816,0.03580196062102914,12800,12288,25088,0.7919192148348402,0.14323348506802122,0.2170539686041318
graph_compile,gqa,32,8,128,1,128,fp16,ragged,strided,permuted,1234,pass,q_maxdiff=9.54e-07 k_maxdiff=0.00e+00 cases=5,ragged[0]|ragged[1]|uniform|permuted-requests|strided-qkv,0.010879999957978725,0.01206399966031313,0.007584000006318092,0.0010869782604695701,0.006230809958651662,0.011055963113904,12800,12288,25088,2.3058823618470696,0.4170621960639226,0.6320100692058063
eager,gqa,32,8,128,1,128,fp32,uniform,packed,identity,1234,pass,q_maxdiff=0.00e+00 k_maxdiff=0.00e+00 cases=4,uniform[0]|uniform[1]|permuted-requests|strided-qkv,0.07542400062084198,0.08553600311279297,0.0737600028514862,0.003382810083714539,0.0643087294884026,0.07345800986513495,25088,24576,49664,0.65846414392233,0.11909562536122606,0.18047580225928886
compile,gqa,32,8,128,1,128,fp32,uniform,packed,identity,1234,pass,q_maxdiff=4.77e-07 k_maxdiff=2.38e-07 cases=4,uniform[0]|uniform[1]|permuted-requests|strided-qkv,0.030688000842928886,0.03705599904060364,0.029311999678611755,0.0027994358671155515,0.02294410951435566,0.02827803837135434,25088,24576,49664,1.6183524060168146,0.29270947192555424,0.4435677348721161
graph_eager,gqa,32,8,128,1,128,fp32,uniform,packed,identity,1234,pass,q_maxdiff=0.00e+00 k_maxdiff=0.00e+00 cases=4,uniform[0]|uniform[1]|permuted-requests|strided-qkv,0.025551999919116497,0.027168000116944313,0.0244159996509552,0.0010098953277279089,0.02454270957969129,0.030422001145780087,25088,24576,49664,1.9436443392771117,0.3515446364127598,0.5327256991523277
graph_compile,gqa,32,8,128,1,128,fp32,uniform,packed,identity,1234,pass,q_maxdiff=4.77e-07 k_maxdiff=2.38e-07 cases=4,uniform[0]|uniform[1]|permuted-requests|strided-qkv,0.010912000201642513,0.015200000256299973,0.008960000239312649,0.0015441828255276604,0.005960200214758515,0.011185999028384686,25088,24576,49664,4.5513195639901465,0.8231917480933123,1.2474529664692087
eager,gqa,32,8,128,1,128,fp32,uniform,packed,permuted,1234,pass,q_maxdiff=0.00e+00 k_maxdiff=0.00e+00 cases=4,uniform[0]|uniform[1]|permuted-requests|strided-qkv,0.07577600330114365,0.08367999643087387,0.06467200070619583,0.003786830004671572,0.06492777960374951,0.07474550511687994,25088,24576,49664,0.655405376852997,0.11854238980494117,0.17963743703339546
compile,gqa,32,8,128,1,128,fp32,uniform,packed,permuted,1234,pass,q_maxdiff=4.77e-07 k_maxdiff=2.38e-07 cases=4,uniform[0]|uniform[1]|permuted-requests|strided-qkv,0.030128000304102898,0.035840000957250595,0.02723200060427189,0.002645684746071238,0.02260827925056219,0.028012553229928017,25088,24576,49664,1.6484333343967952,0.2981501736098097,0.45181249615819397
graph_eager,gqa,32,8,128,1,128,fp32,uniform,packed,permuted,1234,pass,q_maxdiff=0.00e+00 k_maxdiff=0.00e+00 cases=4,uniform[0]|uniform[1]|permuted-requests|strided-qkv,0.025536000728607178,0.026623999699950218,0.024383999407291412,0.000777225654619142,0.02453570021316409,0.030593015253543854,25088,24576,49664,1.9448620998965975,0.35176489132543287,0.5330594702874609
graph_compile,gqa,32,8,128,1,128,fp32,uniform,packed,permuted,1234,pass,q_maxdiff=4.77e-07 k_maxdiff=2.38e-07 cases=4,uniform[0]|uniform[1]|permuted-requests|strided-qkv,0.010879999957978725,0.012128000147640705,0.005888000130653381,0.0014309660120421135,0.0060022808611392975,0.011632044333964586,25088,24576,49664,4.564705899982974,0.8256129187387855,1.2511219737339427
eager,gqa,32,8,128,1,128,fp32,uniform,strided,identity,1234,pass,q_maxdiff=0.00e+00 k_maxdiff=0.00e+00 cases=4,uniform[0]|uniform[1]|permuted-requests|strided-qkv,0.07623999938368797,0.08601599931716919,0.07481600344181061,0.0065325733842420755,0.0655320193618536,0.07452501449733973,25088,24576,49664,0.6514165844894527,0.11782094168152075,0.1785441648962549
compile,gqa,32,8,128,1,128,fp32,uniform,strided,identity,1234,pass,q_maxdiff=4.77e-07 k_maxdiff=2.38e-07 cases=4,uniform[0]|uniform[1]|permuted-requests|strided-qkv,0.030799999833106995,0.03968000039458275,0.02844800055027008,0.004423271713271028,0.02280856017023325,0.028052483685314655,25088,24576,49664,1.6124675412048557,0.29164508343695467,0.44195477582502335
graph_eager,gqa,32,8,128,1,128,fp32,uniform,strided,identity,1234,pass,q_maxdiff=0.00e+00 k_maxdiff=0.00e+00 cases=4,uniform[0]|uniform[1]|permuted-requests|strided-qkv,0.025551999919116497,0.02630399912595749,0.024383999407291412,0.0008010935171110648,0.024719140492379665,0.03021152224391699,25088,24576,49664,1.9436443392771117,0.3515446364127598,0.5327256991523277
graph_compile,gqa,32,8,128,1,128,fp32,uniform,strided,identity,1234,pass,q_maxdiff=4.77e-07 k_maxdiff=2.38e-07 cases=4,uniform[0]|uniform[1]|permuted-requests|strided-qkv,0.010944000445306301,0.012128000147640705,0.007071999832987785,0.0012567000138891484,0.006001380970701575,0.011291471309959888,25088,24576,49664,4.538011511256841,0.8207847364477396,1.2438054155498142
eager,gqa,32,8,128,1,128,fp32,uniform,strided,permuted,1234,pass,q_maxdiff=0.00e+00 k_maxdiff=0.00e+00 cases=4,uniform[0]|uniform[1]|permuted-requests|strided-qkv,0.07566400244832039,0.08566399663686752,0.07427199929952621,0.004643748310675784,0.06416404969058931,0.07437454769387841,25088,24576,49664,0.6563755338467752,0.11871786094477318,0.1799033434815835
compile,gqa,32,8,128,1,128,fp32,uniform,strided,permuted,1234,pass,q_maxdiff=4.77e-07 k_maxdiff=2.38e-07 cases=4,uniform[0]|uniform[1]|permuted-requests|strided-qkv,0.030559999868273735,0.038816001266241074,0.029152000322937965,0.0038043273977537034,0.022758450359106064,0.028282986022531986,25088,24576,49664,1.6251308970573435,0.2939354895256447,0.4454256243562111
graph_eager,gqa,32,8,128,1,128,fp32,uniform,strided,permuted,1234,pass,q_maxdiff=0.00e+00 k_maxdiff=0.00e+00 cases=4,uniform[0]|uniform[1]|permuted-requests|strided-qkv,0.02558399923145771,0.027008000761270523,0.024224000051617622,0.0008524656360816512,0.024781960528343916,0.030491966754198074,25088,24576,49664,1.941213316600396,0.3511049402370104,0.5320593898749882
graph_compile,gqa,32,8,128,1,128,fp32,uniform,strided,permuted,1234,pass,q_maxdiff=4.77e-07 k_maxdiff=2.38e-07 cases=4,uniform[0]|uniform[1]|permuted-requests|strided-qkv,0.01089600007981062,0.012640000320971012,0.006047999951988459,0.00151878552240417,0.006234209286049008,0.011255964636802673,25088,24576,49664,4.55800290347127,0.8244005557441959,1.2492847762431503
eager,gqa,32,8,128,1,128,fp32,ragged,packed,identity,1234,pass,q_maxdiff=0.00e+00 k_maxdiff=0.00e+00 cases=5,ragged[0]|ragged[1]|uniform|permuted-requests|strided-qkv,0.07585599645972252,0.08236800134181976,0.07414399832487106,0.005014014730615553,0.06459726952016354,0.07408898090943694,25088,24576,49664,0.6547142258736295,0.1184173821505889,0.17944800222721052
compile,gqa,32,8,128,1,128,fp32,ragged,packed,identity,1234,pass,q_maxdiff=4.77e-07 k_maxdiff=2.38e-07 cases=5,ragged[0]|ragged[1]|uniform|permuted-requests|strided-qkv,0.04233599826693535,0.052639998495578766,0.03136000037193298,0.007266267014954356,0.028619359945878386,0.041097053326666355,25088,24576,49664,1.1730915068273673,0.21217566347550124,0.32152795679516943
graph_eager,gqa,32,8,128,1,128,fp32,ragged,packed,identity,1234,pass,q_maxdiff=0.00e+00 k_maxdiff=0.00e+00 cases=5,ragged[0]|ragged[1]|uniform|permuted-requests|strided-qkv,0.025536000728607178,0.02739199995994568,0.024480000138282776,0.0009676076545640061,0.02472755964845419,0.030582479666918516,25088,24576,49664,1.9448620998965975,0.35176489132543287,0.5330594702874609
graph_compile,gqa,32,8,128,1,128,fp32,ragged,packed,identity,1234,pass,q_maxdiff=4.77e-07 k_maxdiff=2.38e-07 cases=5,ragged[0]|ragged[1]|uniform|permuted-requests|strided-qkv,0.010847999714314938,0.014208000153303146,0.006047999951988459,0.001728712643918921,0.005912310443818569,0.011571974027901888,25088,24576,49664,4.578171212012826,0.8280483736860003,1.2548126272246296
eager,gqa,32,8,128,1,128,fp32,ragged,packed,permuted,1234,pass,q_maxdiff=0.00e+00 k_maxdiff=0.00e+00 cases=5,ragged[0]|ragged[1]|uniform|permuted-requests|strided-qkv,0.07659200206398964,0.08502399921417236,0.07494399696588516,0.003566753467356015,0.06482337950728834,0.07457553874701262,25088,24576,49664,0.64842279430831,0.11727945841760357,0.17772360892563024
compile,gqa,32,8,128,1,128,fp32,ragged,packed,permuted,1234,pass,q_maxdiff=4.77e-07 k_maxdiff=2.38e-07 cases=5,ragged[0]|ragged[1]|uniform|permuted-requests|strided-qkv,0.04161599837243557,0.05132799968123436,0.031231999397277832,0.007155519544296627,0.028430409729480743,0.0372700160369277,25088,24576,49664,1.1933872054573857,0.2158465223108612,0.32709072361622415
graph_eager,gqa,32,8,128,1,128,fp32,ragged,packed,permuted,1234,pass,q_maxdiff=0.00e+00 k_maxdiff=0.00e+00 cases=5,ragged[0]|ragged[1]|uniform|permuted-requests|strided-qkv,0.025536000728607178,0.02687999978661537,0.0244159996509552,0.0008518072616154871,0.02469219034537673,0.03063242183998227,25088,24576,49664,1.9448620998965975,0.35176489132543287,0.5330594702874609
graph_compile,gqa,32,8,128,1,128,fp32,ragged,packed,permuted,1234,pass,q_maxdiff=4.77e-07 k_maxdiff=2.38e-07 cases=5,ragged[0]|ragged[1]|uniform|permuted-requests|strided-qkv,0.010863999836146832,0.012543999589979649,0.00902399979531765,0.0010296681198255486,0.0059763307217508554,0.011281459592282772,25088,24576,49664,4.571428640375834,0.8268288527856411,1.252964582746113
eager,gqa,32,8,128,1,128,fp32,ragged,strided,identity,1234,pass,q_maxdiff=0.00e+00 k_maxdiff=0.00e+00 cases=5,ragged[0]|ragged[1]|uniform|permuted-requests|strided-qkv,0.07593599706888199,0.08246400207281113,0.0745600014925003,0.002825842493351971,0.06469023996032774,0.07340300362557173,25088,24576,49664,0.6540244668803057,0.11829262626309425,0.17925894894491007
compile,gqa,32,8,128,1,128,fp32,ragged,strided,identity,1234,pass,q_maxdiff=4.77e-07 k_maxdiff=2.38e-07 cases=5,ragged[0]|ragged[1]|uniform|permuted-requests|strided-qkv,0.043216001242399216,0.05331199988722801,0.03126399964094162,0.007499140100253107,0.028964109951630235,0.036508485209196806,25088,24576,49664,1.1492039654810693,0.20785515232658275,0.31498071617733625
graph_eager,gqa,32,8,128,1,128,fp32,ragged,strided,identity,1234,pass,q_maxdiff=0.00e+00 k_maxdiff=0.00e+00 cases=5,ragged[0]|ragged[1]|uniform|permuted-requests|strided-qkv,0.025551999919116497,0.026367999613285065,0.024383999407291412,0.0007888776491811695,0.024739979999139905,0.030577473808079958,25088,24576,49664,1.9436443392771117,0.3515446364127598,0.5327256991523277
graph_compile,gqa,32,8,128,1,128,fp32,ragged,strided,identity,1234,pass,q_maxdiff=4.77e-07 k_maxdiff=2.38e-07 cases=5,ragged[0]|ragged[1]|uniform|permuted-requests|strided-qkv,0.010816000401973724,0.012768000364303589,0.006527999881654978,0.0010554725652677929,0.0059728301130235195,0.011226045899093151,25088,24576,49664,4.59171580568148,0.8304981682087866,1.2585250107024382
eager,gqa,32,8,128,1,128,fp32,ragged,strided,permuted,1234,pass,q_maxdiff=0.00e+00 k_maxdiff=0.00e+00 cases=5,ragged[0]|ragged[1]|uniform|permuted-requests|strided-qkv,0.07529599964618683,0.0835840031504631,0.07414399832487106,0.0031095061562861873,0.06441552075557411,0.07484597153961658,25088,24576,49664,0.6595835135115986,0.11929808440546524,0.1807826057906771
compile,gqa,32,8,128,1,128,fp32,ragged,strided,permuted,1234,pass,q_maxdiff=4.77e-07 k_maxdiff=2.38e-07 cases=5,ragged[0]|ragged[1]|uniform|permuted-requests|strided-qkv,0.04193600080907345,0.050335999578237534,0.03139200061559677,0.006956508836312393,0.028687799349427223,0.03723002737388015,25088,24576,49664,1.1842807860031919,0.21419945507157537,0.3245947815488014
graph_eager,gqa,32,8,128,1,128,fp32,ragged,strided,permuted,1234,pass,q_maxdiff=0.00e+00 k_maxdiff=0.00e+00 cases=5,ragged[0]|ragged[1]|uniform|permuted-requests|strided-qkv,0.025536000728607178,0.026367999613285065,0.024447999894618988,0.0008079585099932005,0.02478526090271771,0.03062246832996607,25088,24576,49664,1.9448620998965975,0.35176489132543287,0.5330594702874609
graph_compile,gqa,32,8,128,1,128,fp32,ragged,strided,permuted,1234,pass,q_maxdiff=4.77e-07 k_maxdiff=2.38e-07 cases=5,ragged[0]|ragged[1]|uniform|permuted-requests|strided-qkv,0.010912000201642513,0.013407999649643898,0.006047999951988459,0.0016703846975147402,0.005965799791738391,0.011737050954252481,25088,24576,49664,4.5513195639901465,0.8231917480933123,1.2474529664692087
eager,gqa,32,8,128,1,2048,bf16,uniform,packed,identity,1234,pass,q_maxdiff=0.00e+00 k_maxdiff=0.00e+00 cases=4,uniform[0]|uniform[1]|permuted-requests|strided-qkv,0.09001599997282028,0.0987199991941452,0.08886399865150452,0.0035870529651198177,0.07771409931592643,0.09000854333862662,12800,12288,25088,0.27870600790498523,0.05040922366046148,0.07638941442052018
compile,gqa,32,8,128,1,2048,bf16,uniform,packed,identity,1234,pass,q_maxdiff=0.00e+00 k_maxdiff=0.00e+00 cases=4,uniform[0]|uniform[1]|permuted-requests|strided-qkv,0.03081599995493889,0.03593600168824196,0.028960000723600388,0.00259073342089819,0.022965240059420466,0.028619018848985434,12800,12288,25088,0.8141225349391636,0.1472493731271162,0.22313958776142978
graph_eager,gqa,32,8,128,1,2048,bf16,uniform,packed,identity,1234,pass,q_maxdiff=0.00e+00 k_maxdiff=0.00e+00 cases=4,uniform[0]|uniform[1]|permuted-requests|strided-qkv,0.031727999448776245,0.03356799855828285,0.03049599938094616,0.0008439486607054889,0.03087471006438136,0.035792007111012936,12800,12288,25088,0.7907211433391413,0.1430167913037142,0.21672559398214816
graph_compile,gqa,32,8,128,1,2048,bf16,uniform,packed,identity,1234,pass,q_maxdiff=0.00e+00 k_maxdiff=0.00e+00 cases=4,uniform[0]|uniform[1]|permuted-requests|strided-qkv,0.010751999914646149,0.015552000142633915,0.007712000049650669,0.0020101619085304413,0.005971220089122653,0.011326046660542488,12800,12288,25088,2.3333333518563046,0.42202722392779396,0.6395340012079606
eager,gqa,32,8,128,1,2048,bf16,uniform,packed,permuted,1234,pass,q_maxdiff=0.00e+00 k_maxdiff=0.00e+00 cases=4,uniform[0]|uniform[1]|permuted-requests|strided-qkv,0.0905120000243187,0.09910400211811066,0.08851200342178345,0.003922406219395838,0.07779275998473167,0.08954794611781836,12800,12288,25088,0.27717871655978626,0.05013298429413584,0.0759708052474124
compile,gqa,32,8,128,1,2048,bf16,uniform,packed,permuted,1234,pass,q_maxdiff=0.00e+00 k_maxdiff=0.00e+00 cases=4,uniform[0]|uniform[1]|permuted-requests|strided-qkv,0.030704000033438206,0.037696000188589096,0.029152000322937965,0.0028605332019727846,0.02308657974936068,0.028778973501175642,12800,12288,25088,0.8170922346494887,0.14778649917627268,0.22395354087130984
graph_eager,gqa,32,8,128,1,2048,bf16,uniform,packed,permuted,1234,pass,q_maxdiff=0.00e+00 k_maxdiff=0.00e+00 cases=4,uniform[0]|uniform[1]|permuted-requests|strided-qkv,0.0318400003015995,0.03379200026392937,0.030527999624609947,0.0009596682950939128,0.030864590080454946,0.035761971957981586,12800,12288,25088,0.7879396910288247,0.14251371333756052,0.2159632368488347
graph_compile,gqa,32,8,128,1,2048,bf16,uniform,packed,permuted,1234,pass,q_maxdiff=0.00e+00 k_maxdiff=0.00e+00 cases=4,uniform[0]|uniform[1]|permuted-requests|strided-qkv,0.01104000024497509,0.011807999573647976,0.009600000455975533,0.0009186745120406106,0.005908699240535498,0.011536991223692894,12800,12288,25088,2.272463717690489,0.41101780570297725,0.6228504867589174
eager,gqa,32,8,128,1,2048,bf16,uniform,strided,identity,1234,pass,q_maxdiff=0.00e+00 k_maxdiff=0.00e+00 cases=4,uniform[0]|uniform[1]|permuted-requests|strided-qkv,0.09057599678635597,0.0989760011434555,0.08879999816417694,0.0035385992424007947,0.07838707068003714,0.09097147267311811,12800,12288,25088,0.2769828750455348,0.05009756267273588,0.075917127830462
compile,gqa,32,8,128,1,2048,bf16,uniform,strided,identity,1234,pass,q_maxdiff=0.00e+00 k_maxdiff=0.00e+00 cases=4,uniform[0]|uniform[1]|permuted-requests|strided-qkv,0.030319999903440475,0.036159999668598175,0.02908799983561039,0.0032533325235902795,0.0232571002561599,0.028844457119703293,12800,12288,25088,0.827440635880517,0.14965820218010942,0.22678989275395867
graph_eager,gqa,32,8,128,1,2048,bf16,uniform,strided,identity,1234,pass,q_maxdiff=0.00e+00 k_maxdiff=0.00e+00 cases=4,uniform[0]|uniform[1]|permuted-requests|strided-qkv,0.03190400078892708,0.03340800106525421,0.03062400035560131,0.000709513312836382,0.030870400369167324,0.03580754855647683,12800,12288,25088,0.7863590577864857,0.14222782608583903,0.21553000740859585
graph_compile,gqa,32,8,128,1,2048,bf16,uniform,strided,identity,1234,pass,q_maxdiff=0.00e+00 k_maxdiff=0.00e+00 cases=4,uniform[0]|uniform[1]|permuted-requests|strided-qkv,0.01071999967098236,0.014303999952971935,0.0077760000713169575,0.0013670005210825646,0.00591119984164834,0.011261028703302145,12800,12288,25088,2.3402985792909994,0.42328701631706034,0.6414430725230772
eager,gqa,32,8,128,1,2048,bf16,uniform,strided,permuted,1234,pass,q_maxdiff=0.00e+00 k_maxdiff=0.00e+00 cases=4,uniform[0]|uniform[1]|permuted-requests|strided-qkv,0.09071999788284302,0.10025600343942642,0.088639996945858,0.004419638860524773,0.07787891081534326,0.0890675000846386,12800,12288,25088,0.2765432163303065,0.050018042124625656,0.07579662353256893
compile,gqa,32,8,128,1,2048,bf16,uniform,strided,permuted,1234,pass,q_maxdiff=0.00e+00 k_maxdiff=0.00e+00 cases=4,uniform[0]|uniform[1]|permuted-requests|strided-qkv,0.03041600063443184,0.03590400144457817,0.02953599952161312,0.0030081258634049287,0.02319867955520749,0.028488400857895613,12800,12288,25088,0.8248290201440758,0.14918584235276644,0.22607408544755078
graph_eager,gqa,32,8,128,1,2048,bf16,uniform,strided,permuted,1234,pass,q_maxdiff=0.00e+00 k_maxdiff=0.00e+00 cases=4,uniform[0]|uniform[1]|permuted-requests|strided-qkv,0.03192000091075897,0.03347200155258179,0.030688000842928886,0.0006900047917647252,0.03065258963033557,0.03578700125217438,12800,12288,25088,0.7859648898551199,0.14215653340161827,0.2154219714976131
graph_compile,gqa,32,8,128,1,2048,bf16,uniform,strided,permuted,1234,pass,q_maxdiff=0.00e+00 k_maxdiff=0.00e+00 cases=4,uniform[0]|uniform[1]|permuted-requests|strided-qkv,0.010847999714314938,0.01414399966597557,0.006719999946653843,0.0014488360442974318,0.005933849606662989,0.011020456440746784,12800,12288,25088,2.312684426686891,0.4182924774290104,0.6338744199382149
eager,gqa,32,8,128,1,2048,bf16,ragged,packed,identity,1234,pass,q_maxdiff=0.00e+00 k_maxdiff=0.00e+00 cases=5,ragged[0]|ragged[1]|uniform|permuted-requests|strided-qkv,0.09038400277495384,0.1000640019774437,0.07983999699354172,0.003986815908803732,0.07845300016924739,0.08895702194422483,12800,12288,25088,0.2775712430270027,0.05020398008869119,0.07607839125605503
compile,gqa,32,8,128,1,2048,bf16,ragged,packed,identity,1234,pass,q_maxdiff=0.00e+00 k_maxdiff=0.00e+00 cases=5,ragged[0]|ragged[1]|uniform|permuted-requests|strided-qkv,0.04174399934709072,0.05152000114321709,0.0323840007185936,0.00747506719771261,0.029101170366629958,0.03866298357024789,12800,12288,25088,0.6009965598025161,0.10870153187577213,0.1647247420935132
graph_eager,gqa,32,8,128,1,2048,bf16,ragged,packed,identity,1234,pass,q_maxdiff=0.00e+00 k_maxdiff=0.00e+00 cases=5,ragged[0]|ragged[1]|uniform|permuted-requests|strided-qkv,0.03177599981427193,0.03347200155258179,0.030688000842928886,0.0007988612971491945,0.030751270242035392,0.034944911021739244,12800,12288,25088,0.7895266914223713,0.1428007522083365,0.21639821143606888
graph_compile,gqa,32,8,128,1,2048,bf16,ragged,packed,identity,1234,pass,q_maxdiff=0.00e+00 k_maxdiff=0.00e+00 cases=5,ragged[0]|ragged[1]|uniform|permuted-requests|strided-qkv,0.010751999914646149,0.01500799972563982,0.005375999957323074,0.001874633756740178,0.006002179579809308,0.011637050192803144,12800,12288,25088,2.3333333518563046,0.42202722392779396,0.6395340012079606
eager,gqa,32,8,128,1,2048,bf16,ragged,packed,permuted,1234,pass,q_maxdiff=0.00e+00 k_maxdiff=0.00e+00 cases=5,ragged[0]|ragged[1]|uniform|permuted-requests|strided-qkv,0.09033600240945816,0.09859199821949005,0.08873599767684937,0.0037889479110531955,0.07781008025631309,0.0879204599186778,12800,12288,25088,0.27771873152285176,0.050230656157249906,0.07611881578768376
compile,gqa,32,8,128,1,2048,bf16,ragged,packed,permuted,1234,pass,q_maxdiff=0.00e+00 k_maxdiff=0.00e+00 cases=5,ragged[0]|ragged[1]|uniform|permuted-requests|strided-qkv,0.041728001087903976,0.05004800111055374,0.03177599981427193,0.007026054698403502,0.02949430956505239,0.040530983824282885,12800,12288,25088,0.6012269781902506,0.10874320737509165,0.16478789654735176
graph_eager,gqa,32,8,128,1,2048,bf16,ragged,packed,permuted,1234,pass,q_maxdiff=0.00e+00 k_maxdiff=0.00e+00 cases=5,ragged[0]|ragged[1]|uniform|permuted-requests|strided-qkv,0.03171199932694435,0.03340800106525421,0.030719999223947525,0.0009184112237086351,0.030678740004077554,0.0357719836756587,12800,12288,25088,0.7911200975172759,0.14308894967068675,0.21683494173635484
graph_compile,gqa,32,8,128,1,2048,bf16,ragged,packed,permuted,1234,pass,q_maxdiff=0.00e+00 k_maxdiff=0.00e+00 cases=5,ragged[0]|ragged[1]|uniform|permuted-requests|strided-qkv,0.011055999901145697,0.013311999849975109,0.00723200011998415,0.0015662115004306345,0.006238919449970126,0.011205964256078005,12800,12288,25088,2.26917512882758,0.4104230025526476,0.621949130597291
eager,gqa,32,8,128,1,2048,bf16,ragged,strided,identity,1234,pass,q_maxdiff=0.00e+00 k_maxdiff=0.00e+00 cases=5,ragged[0]|ragged[1]|uniform|permuted-requests|strided-qkv,0.08990399911999702,0.09753599762916565,0.08854400366544724,0.0031348292039908845,0.07992235943675041,0.09091594256460667,12800,12288,25088,0.2790532150468017,0.05047202260261526,0.07648457903661639
compile,gqa,32,8,128,1,2048,bf16,ragged,strided,identity,1234,pass,q_maxdiff=0.00e+00 k_maxdiff=0.00e+00 cases=5,ragged[0]|ragged[1]|uniform|permuted-requests|strided-qkv,0.04347199946641922,0.05526399984955788,0.03206399828195572,0.012472441341079287,0.02904186025261879,0.04105753032490611,12800,12288,25088,0.577107110506378,0.10438067563823875,0.15817697853334325
graph_eager,gqa,32,8,128,1,2048,bf16,ragged,strided,identity,1234,pass,q_maxdiff=0.00e+00 k_maxdiff=0.00e+00 cases=5,ragged[0]|ragged[1]|uniform|permuted-requests|strided-qkv,0.031936001032590866,0.03359999880194664,0.030400000512599945,0.0008357833862017887,0.030862380517646674,0.03488053334876895,12800,12288,25088,0.7855711168845955,0.14208531215349438,0.21531404383986683
graph_compile,gqa,32,8,128,1,2048,bf16,ragged,strided,identity,1234,pass,q_maxdiff=0.00e+00 k_maxdiff=0.00e+00 cases=5,ragged[0]|ragged[1]|uniform|permuted-requests|strided-qkv,0.010912000201642513,0.015424000099301338,0.0081599997356534,0.0017712396677764621,0.0059933599550276995,0.011230935342609882,12800,12288,25088,2.299120192118734,0.4158391304801269,0.630156653164858
eager,gqa,32,8,128,1,2048,bf16,ragged,strided,permuted,1234,pass,q_maxdiff=0.00e+00 k_maxdiff=0.00e+00 cases=5,ragged[0]|ragged[1]|uniform|permuted-requests|strided-qkv,0.09068799763917923,0.1562879979610443,0.08076799660921097,0.022945491193472462,0.07816295023076236,0.09221845539286733,12800,12288,25088,0.27664079760386534,0.05003569153333729,0.0758233691933518
compile,gqa,32,8,128,1,2048,bf16,ragged,strided,permuted,1234,pass,q_maxdiff=0.00e+00 k_maxdiff=0.00e+00 cases=5,ragged[0]|ragged[1]|uniform|permuted-requests|strided-qkv,0.04243199899792671,0.04995200037956238,0.031968001276254654,0.0069985549456386305,0.02906130044721067,0.03826647298410535,12800,12288,25088,0.5912518993325258,0.10693902674421979,0.16205386710009317
graph_eager,gqa,32,8,128,1,2048,bf16,ragged,strided,permuted,1234,pass,q_maxdiff=0.00e+00 k_maxdiff=0.00e+00 cases=5,ragged[0]|ragged[1]|uniform|permuted-requests|strided-qkv,0.03174399957060814,0.03267199918627739,0.030559999868273735,0.0008510443476245993,0.03080237074755132,0.03578205360099673,12800,12288,25088,0.7903225913356253,0.14294470567758585,0.21661635645837335
graph_compile,gqa,32,8,128,1,2048,bf16,ragged,strided,permuted,1234,pass,q_maxdiff=0.00e+00 k_maxdiff=0.00e+00 cases=5,ragged[0]|ragged[1]|uniform|permuted-requests|strided-qkv,0.01089600007981062,0.015552000142633915,0.0063680000603199005,0.0019614792569751472,0.006112189730629325,0.010479474440217018,12800,12288,25088,2.302496312062807,0.4164497652728412,0.6310820003702512
eager,gqa,32,8,128,1,2048,fp16,uniform,packed,identity,1234,pass,q_maxdiff=0.00e+00 k_maxdiff=0.00e+00 cases=4,uniform[0]|uniform[1]|permuted-requests|strided-qkv,0.09086399897933006,0.1130559965968132,0.08761599659919739,0.016047785337738756,0.07804052089340985,0.0886564957909286,12800,12288,25088,0.2761049511557055,0.04993877362454875,0.07567650118464994
compile,gqa,32,8,128,1,2048,fp16,uniform,packed,identity,1234,pass,q_maxdiff=0.00e+00 k_maxdiff=0.00e+00 cases=4,uniform[0]|uniform[1]|permuted-requests|strided-qkv,0.03054399974644184,0.035232000052928925,0.029184000566601753,0.0027314295601409038,0.022869870299473405,0.02827803837135434,12800,12288,25088,0.8213724531255135,0.1485606571935162,0.22512668882543252
graph_eager,gqa,32,8,128,1,2048,fp16,uniform,packed,identity,1234,pass,q_maxdiff=0.00e+00 k_maxdiff=0.00e+00 cases=4,uniform[0]|uniform[1]|permuted-requests|strided-qkv,0.03175999969244003,0.033535998314619064,0.030719999223947525,0.0008608536906759435,0.030809789896011356,0.035691948141902685,12800,12288,25088,0.7899244408989021,0.142872692682365,0.2165072289984338
graph_compile,gqa,32,8,128,1,2048,fp16,uniform,packed,identity,1234,pass,q_maxdiff=0.00e+00 k_maxdiff=0.00e+00 cases=4,uniform[0]|uniform[1]|permuted-requests|strided-qkv,0.01071999967098236,0.011648000217974186,0.010143999941647053,0.0006154101221045019,0.006010490469634533,0.01124601112678647,12800,12288,25088,2.3402985792909994,0.42328701631706034,0.6414430725230772
eager,gqa,32,8,128,1,2048,fp16,uniform,packed,permuted,1234,pass,q_maxdiff=0.00e+00 k_maxdiff=0.00e+00 cases=4,uniform[0]|uniform[1]|permuted-requests|strided-qkv,0.09062399715185165,0.09907200187444687,0.08934400230646133,0.003945132990771888,0.07961297989822924,0.08854648331180215,12800,12288,25088,0.27683616689255025,0.05007102774386153,0.07587691717988633
compile,gqa,32,8,128,1,2048,fp16,uniform,packed,permuted,1234,pass,q_maxdiff=0.00e+00 k_maxdiff=0.00e+00 cases=4,uniform[0]|uniform[1]|permuted-requests|strided-qkv,0.031183999963104725,0.05612799897789955,0.02831999957561493,0.008483329073919963,0.02254556049592793,0.027712027076631784,12800,12288,25088,0.8045151369190228,0.14551169449136372,0.2205063344836116
graph_eager,gqa,32,8,128,1,2048,fp16,uniform,packed,permuted,1234,pass,q_maxdiff=0.00e+00 k_maxdiff=0.00e+00 cases=4,uniform[0]|uniform[1]|permuted-requests|strided-qkv,0.03171199932694435,0.03324799984693527,0.030592000111937523,0.000895335938123392,0.03082301001995802,0.035761971957981586,12800,12288,25088,0.7911200975172759,0.14308894967068675,0.21683494173635484
graph_compile,gqa,32,8,128,1,2048,fp16,uniform,packed,permuted,1234,pass,q_maxdiff=0.00e+00 k_maxdiff=0.00e+00 cases=4,uniform[0]|uniform[1]|permuted-requests|strided-qkv,0.01104000024497509,0.011648000217974186,0.009184000082314014,0.0007652576845356157,0.005878740921616554,0.010319461580365896,12800,12288,25088,2.272463717690489,0.41101780570297725,0.6228504867589174
eager,gqa,32,8,128,1,2048,fp16,uniform,strided,identity,1234,pass,q_maxdiff=0.00e+00 k_maxdiff=0.00e+00 cases=4,uniform[0]|uniform[1]|permuted-requests|strided-qkv,0.09097599983215332,0.1053759977221489,0.08860799670219421,0.005502025486007804,0.07830301998183131,0.09008403867483139,12800,12288,25088,0.2757650374415917,0.04987729383597576,0.07558333559496695
compile,gqa,32,8,128,1,2048,fp16,uniform,strided,identity,1234,pass,q_maxdiff=0.00e+00 k_maxdiff=0.00e+00 cases=4,uniform[0]|uniform[1]|permuted-requests|strided-qkv,0.03038400039076805,0.036768000572919846,0.02783999964594841,0.0027231425460045575,0.022423119517043233,0.027471454814076424,12800,12288,25088,0.8256977250310594,0.14934296397089036,0.22631218529376415
graph_eager,gqa,32,8,128,1,2048,fp16,uniform,strided,identity,1234,pass,q_maxdiff=0.00e+00 k_maxdiff=0.00e+00 cases=4,uniform[0]|uniform[1]|permuted-requests|strided-qkv,0.03167999908328056,0.03372799977660179,0.03062400035560131,0.0008964195343162808,0.030725320102646947,0.03580201882869005,12800,12288,25088,0.7919192148348402,0.14323348506802122,0.2170539686041318
graph_compile,gqa,32,8,128,1,2048,fp16,uniform,strided,identity,1234,pass,q_maxdiff=0.00e+00 k_maxdiff=0.00e+00 cases=4,uniform[0]|uniform[1]|permuted-requests|strided-qkv,0.010751999914646149,0.015072000212967396,0.007935999892652035,0.001320436245153352,0.0059829396195709705,0.011215975973755121,12800,12288,25088,2.3333333518563046,0.42202722392779396,0.6395340012079606
eager,gqa,32,8,128,1,2048,fp16,uniform,strided,permuted,1234,pass,q_maxdiff=0.00e+00 k_maxdiff=0.00e+00 cases=4,uniform[0]|uniform[1]|permuted-requests|strided-qkv,0.09062399715185165,0.10512000322341919,0.08832000195980072,0.00548850032186748,0.07876217016018927,0.08903199341148138,12800,12288,25088,0.27683616689255025,0.05007102774386153,0.07587691717988633
compile,gqa,32,8,128,1,2048,fp16,uniform,strided,permuted,1234,pass,q_maxdiff=0.00e+00 k_maxdiff=0.00e+00 cases=4,uniform[0]|uniform[1]|permuted-requests|strided-qkv,0.030079999938607216,0.038047999143600464,0.026208000257611275,0.003028314063961773,0.022901730844751,0.0290450407192111,12800,12288,25088,0.8340425548937566,0.15085228340795329,0.22859938631767474
graph_eager,gqa,32,8,128,1,2048,fp16,uniform,strided,permuted,1234,pass,q_maxdiff=0.00e+00 k_maxdiff=0.00e+00 cases=4,uniform[0]|uniform[1]|permuted-requests|strided-qkv,0.03175999969244003,0.03296000137925148,0.03046399913728237,0.0006552809998568022,0.030865389853715897,0.03492104588076472,12800,12288,25088,0.7899244408989021,0.142872692682365,0.2165072289984338
graph_compile,gqa,32,8,128,1,2048,fp16,uniform,strided,permuted,1234,pass,q_maxdiff=0.00e+00 k_maxdiff=0.00e+00 cases=4,uniform[0]|uniform[1]|permuted-requests|strided-qkv,0.010879999957978725,0.015359999611973763,0.007615999784320593,0.0016711026651287334,0.0062488403636962175,0.010449497494846582,12800,12288,25088,2.3058823618470696,0.4170621960639226,0.6320100692058063
eager,gqa,32,8,128,1,2048,fp16,ragged,packed,identity,1234,pass,q_maxdiff=0.00e+00 k_maxdiff=0.00e+00 cases=5,ragged[0]|ragged[1]|uniform|permuted-requests|strided-qkv,0.09079999849200249,0.1013759970664978,0.08857599645853043,0.0040889268724101984,0.07801456958986819,0.09021948790177703,12800,12288,25088,0.2762995640601218,0.04997397302875132,0.0757298418568471
compile,gqa,32,8,128,1,2048,fp16,ragged,packed,identity,1234,pass,q_maxdiff=0.00e+00 k_maxdiff=0.00e+00 cases=5,ragged[0]|ragged[1]|uniform|permuted-requests|strided-qkv,0.04387199878692627,0.05238400027155876,0.03219199925661087,0.007384163988875418,0.028725169831886888,0.037866528145968914,12800,12288,25088,0.5718453841559678,0.10342899346090874,0.15673481301358924
graph_eager,gqa,32,8,128,1,2048,fp16,ragged,packed,identity,1234,pass,q_maxdiff=0.00e+00 k_maxdiff=0.00e+00 cases=5,ragged[0]|ragged[1]|uniform|permuted-requests|strided-qkv,0.031727999448776245,0.03296000137925148,0.03081599995493889,0.0008164064957643613,0.030845259316265583,0.03529147943481803,12800,12288,25088,0.7907211433391413,0.1430167913037142,0.21672559398214816
graph_compile,gqa,32,8,128,1,2048,fp16,ragged,packed,identity,1234,pass,q_maxdiff=0.00e+00 k_maxdiff=0.00e+00 cases=5,ragged[0]|ragged[1]|uniform|permuted-requests|strided-qkv,0.010688000358641148,0.01548799965530634,0.005663999821990728,0.0019010502772078026,0.00600638915784657,0.011992466170340776,12800,12288,25088,2.3473053104565618,0.42455431543669025,0.6433635194297036
eager,gqa,32,8,128,1,2048,fp16,ragged,packed,permuted,1234,pass,q_maxdiff=0.00e+00 k_maxdiff=0.00e+00 cases=5,ragged[0]|ragged[1]|uniform|permuted-requests|strided-qkv,0.09097599983215332,0.09929600358009338,0.0883840024471283,0.0031328537716457053,0.07801446947269142,0.08726399391889572,12800,12288,25088,0.2757650374415917,0.04987729383597576,0.07558333559496695
compile,gqa,32,8,128,1,2048,fp16,ragged,packed,permuted,1234,pass,q_maxdiff=0.00e+00 k_maxdiff=0.00e+00 cases=5,ragged[0]|ragged[1]|uniform|permuted-requests|strided-qkv,0.04310400038957596,0.05100800096988678,0.031968001276254654,0.006818894636007812,0.029350649565458298,0.0387780019082129,12800,12288,25088,0.5820341447024289,0.10527182244428875,0.1595274096198325
graph_eager,gqa,32,8,128,1,2048,fp16,ragged,packed,permuted,1234,pass,q_maxdiff=0.00e+00 k_maxdiff=0.00e+00 cases=5,ragged[0]|ragged[1]|uniform|permuted-requests|strided-qkv,0.03169599920511246,0.033824000507593155,0.030592000111937523,0.0008829276782134349,0.030871899798512455,0.035792996641248465,12800,12288,25088,0.7915194544790811,0.143161180888662,0.21694439988792602
graph_compile,gqa,32,8,128,1,2048,fp16,ragged,packed,permuted,1234,pass,q_maxdiff=0.00e+00 k_maxdiff=0.00e+00 cases=5,ragged[0]|ragged[1]|uniform|permuted-requests|strided-qkv,0.011168000288307667,0.014783999882638454,0.007071999832987785,0.0016389365374912185,0.006002469453960657,0.010845484212040901,12800,12288,25088,2.2464182801164383,0.4063069984337902,0.6157117969991824
eager,gqa,32,8,128,1,2048,fp16,ragged,strided,identity,1234,pass,q_maxdiff=0.00e+00 k_maxdiff=0.00e+00 cases=5,ragged[0]|ragged[1]|uniform|permuted-requests|strided-qkv,0.09041600301861763,0.10255999863147736,0.08879999816417694,0.004185401798392579,0.07841661921702325,0.08872157195582986,12800,12288,25088,0.27747300436222677,0.0501862117784132,0.07605146541354414
compile,gqa,32,8,128,1,2048,fp16,ragged,strided,identity,1234,pass,q_maxdiff=0.00e+00 k_maxdiff=4.88e-04 cases=5,ragged[0]|ragged[1]|uniform|permuted-requests|strided-qkv,0.043007999658584595,0.05113599821925163,0.031808000057935715,0.007038951859055548,0.02917440957389772,0.0374804949387908,12800,12288,25088,0.5833333379640762,0.10550680598194849,0.15988350030199014
graph_eager,gqa,32,8,128,1,2048,fp16,ragged,strided,identity,1234,pass,q_maxdiff=0.00e+00 k_maxdiff=0.00e+00 cases=5,ragged[0]|ragged[1]|uniform|permuted-requests|strided-qkv,0.03167999908328056,0.03347200155258179,0.030527999624609947,0.0008130973023252118,0.030924709280952808,0.03500597085803747,12800,12288,25088,0.7919192148348402,0.14323348506802122,0.2170539686041318
graph_compile,gqa,32,8,128,1,2048,fp16,ragged,strided,identity,1234,pass,q_maxdiff=0.00e+00 k_maxdiff=4.88e-04 cases=5,ragged[0]|ragged[1]|uniform|permuted-requests|strided-qkv,0.010879999957978725,0.014816000126302242,0.008895999751985073,0.0014939200010056302,0.00628451001830399,0.011717027518898249,12800,12288,25088,2.3058823618470696,0.4170621960639226,0.6320100692058063
eager,gqa,32,8,128,1,2048,fp16,ragged,strided,permuted,1234,pass,q_maxdiff=0.00e+00 k_maxdiff=0.00e+00 cases=5,ragged[0]|ragged[1]|uniform|permuted-requests|strided-qkv,0.09087999910116196,0.10793600231409073,0.08908800035715103,0.010413049523363213,0.0777872500475496,0.08852151222527027,12800,12288,25088,0.2760563407584721,0.049929981519904916,0.07566317775539443
compile,gqa,32,8,128,1,2048,fp16,ragged,strided,permuted,1234,pass,q_maxdiff=0.00e+00 k_maxdiff=4.88e-04 cases=5,ragged[0]|ragged[1]|uniform|permuted-requests|strided-qkv,0.042928000912070274,0.04950400069355965,0.0315839983522892,0.006822634956126249,0.02896502031944692,0.044223503209650517,12800,12288,25088,0.5844204124806074,0.10570342385485094,0.16018145220612565
graph_eager,gqa,32,8,128,1,2048,fp16,ragged,strided,permuted,1234,pass,q_maxdiff=0.00e+00 k_maxdiff=0.00e+00 cases=5,ragged[0]|ragged[1]|uniform|permuted-requests|strided-qkv,0.03177599981427193,0.03363199904561043,0.030047999694943428,0.0009035111197104342,0.030823710840195414,0.03578246105462313,12800,12288,25088,0.7895266914223713,0.1428007522083365,0.21639821143606888
graph_compile,gqa,32,8,128,1,2048,fp16,ragged,strided,permuted,1234,pass,q_maxdiff=0.00e+00 k_maxdiff=4.88e-04 cases=5,ragged[0]|ragged[1]|uniform|permuted-requests|strided-qkv,0.010960000101476908,0.01603199914097786,0.0063680000603199005,0.0022596008898441915,0.005966409808024764,0.010900490451604128,12800,12288,25088,2.289051073696549,0.4140179410252493,0.6273968487896907
eager,gqa,32,8,128,1,2048,fp32,uniform,packed,identity,1234,pass,q_maxdiff=0.00e+00 k_maxdiff=0.00e+00 cases=4,uniform[0]|uniform[1]|permuted-requests|strided-qkv,0.07503999769687653,0.08195199817419052,0.07347200065851212,0.0036641628159696203,0.06395335076376796,0.07388403173536062,25088,24576,49664,0.6618337090123234,0.1197050745852911,0.18139935287095768
compile,gqa,32,8,128,1,2048,fp32,uniform,packed,identity,1234,pass,q_maxdiff=2.38e-07 k_maxdiff=2.38e-07 cases=4,uniform[0]|uniform[1]|permuted-requests|strided-qkv,0.030688000842928886,0.03478400036692619,0.02908799983561039,0.0020811963969247474,0.024331009481102228,0.0285289715975523,25088,24576,49664,1.6183524060168146,0.29270947192555424,0.4435677348721161
graph_eager,gqa,32,8,128,1,2048,fp32,uniform,packed,identity,1234,pass,q_maxdiff=0.00e+00 k_maxdiff=0.00e+00 cases=4,uniform[0]|uniform[1]|permuted-requests|strided-qkv,0.025647999718785286,0.027456000447273254,0.0244159996509552,0.0010167749653757995,0.024758110521361232,0.030516996048390865,25088,24576,49664,1.9363693287794583,0.35022881392990385,0.5307317206371307
graph_compile,gqa,32,8,128,1,2048,fp32,uniform,packed,identity,1234,pass,q_maxdiff=2.38e-07 k_maxdiff=2.38e-07 cases=4,uniform[0]|uniform[1]|permuted-requests|strided-qkv,0.01089600007981062,0.014431999996304512,0.008671999908983707,0.0012821822070677238,0.006101459730416536,0.011931988410651684,25088,24576,49664,4.55800290347127,0.8244005557441959,1.2492847762431503
eager,gqa,32,8,128,1,2048,fp32,uniform,packed,permuted,1234,pass,q_maxdiff=0.00e+00 k_maxdiff=0.00e+00 cases=4,uniform[0]|uniform[1]|permuted-requests|strided-qkv,0.07491199672222137,0.08137600123882294,0.0737600028514862,0.0026753711554622895,0.06453744950704277,0.07429998368024826,25088,24576,49664,0.6629645740742619,0.1199096128019789,0.18170930715044906
compile,gqa,32,8,128,1,2048,fp32,uniform,packed,permuted,1234,pass,q_maxdiff=2.38e-07 k_maxdiff=2.38e-07 cases=4,uniform[0]|uniform[1]|permuted-requests|strided-qkv,0.030559999868273735,0.03606399893760681,0.029279999434947968,0.0025396011439986705,0.023122649872675538,0.028383976314216852,25088,24576,49664,1.6251308970573435,0.2939354895256447,0.4454256243562111
graph_eager,gqa,32,8,128,1,2048,fp32,uniform,packed,permuted,1234,pass,q_maxdiff=0.00e+00 k_maxdiff=0.00e+00 cases=4,uniform[0]|uniform[1]|permuted-requests|strided-qkv,0.025760000571608543,0.028351999819278717,0.0244159996509552,0.001154193918747207,0.024705120595172048,0.02927501918748021,25088,24576,49664,1.927950267778228,0.3487060683952372,0.5284241738975072
graph_compile,gqa,32,8,128,1,2048,fp32,uniform,packed,permuted,1234,pass,q_maxdiff=2.38e-07 k_maxdiff=2.38e-07 cases=4,uniform[0]|uniform[1]|permuted-requests|strided-qkv,0.01104000024497509,0.012000000104308128,0.006111999973654747,0.0014065830639169324,0.00599196064285934,0.010595016647130251,25088,24576,49664,4.4985506248158655,0.8136474929222202,1.2329897390941835
eager,gqa,32,8,128,1,2048,fp32,uniform,strided,identity,1234,pass,q_maxdiff=0.00e+00 k_maxdiff=0.00e+00 cases=4,uniform[0]|uniform[1]|permuted-requests|strided-qkv,0.07550400123000145,0.0904960036277771,0.07315199822187424,0.006312573722051229,0.06400705082342029,0.07260654820129275,25088,24576,49664,0.6577664652329186,0.11896943704773386,0.18028457829917968
compile,gqa,32,8,128,1,2048,fp32,uniform,strided,identity,1234,pass,q_maxdiff=2.38e-07 k_maxdiff=2.38e-07 cases=4,uniform[0]|uniform[1]|permuted-requests|strided-qkv,0.02956799976527691,0.034304000437259674,0.028224000707268715,0.002937235220725324,0.022624300327152014,0.02785195829346776,25088,24576,49664,1.6796536929874697,0.3037969626790057,0.46036955931111073
graph_eager,gqa,32,8,128,1,2048,fp32,uniform,strided,identity,1234,pass,q_maxdiff=0.00e+00 k_maxdiff=0.00e+00 cases=4,uniform[0]|uniform[1]|permuted-requests|strided-qkv,0.025776000693440437,0.027327999472618103,0.024512000381946564,0.0009140696575490089,0.0246801704633981,0.030447496101260185,25088,24576,49664,1.9267535173770638,0.34848961357572505,0.528096161369038
graph_compile,gqa,32,8,128,1,2048,fp32,uniform,strided,identity,1234,pass,q_maxdiff=2.38e-07 k_maxdiff=2.38e-07 cases=4,uniform[0]|uniform[1]|permuted-requests|strided-qkv,0.010751999914646149,0.014208000153303146,0.006783999968320131,0.0013165278202755767,0.006042449967935681,0.011271040420979261,25088,24576,49664,4.6190476557155415,0.8354416473672656,1.2660162881055546
eager,gqa,32,8,128,1,2048,fp32,uniform,strided,permuted,1234,pass,q_maxdiff=0.00e+00 k_maxdiff=0.00e+00 cases=4,uniform[0]|uniform[1]|permuted-requests|strided-qkv,0.07587199658155441,0.08403199911117554,0.07145600020885468,0.0037307340836042415,0.06623754976317286,0.0728315208107233,25088,24576,49664,0.6545761577081529,0.11839240992596334,0.17941015967623664
compile,gqa,32,8,128,1,2048,fp32,uniform,strided,permuted,1234,pass,q_maxdiff=2.38e-07 k_maxdiff=2.38e-07 cases=4,uniform[0]|uniform[1]|permuted-requests|strided-qkv,0.029968000017106533,0.035711999982595444,0.02703999914228916,0.0023891418669049255,0.02301483997143805,0.028513488359749317,25088,24576,49664,1.657234382396238,0.2997420086778274,0.4542247401855762
graph_eager,gqa,32,8,128,1,2048,fp32,uniform,strided,permuted,1234,pass,q_maxdiff=0.00e+00 k_maxdiff=0.00e+00 cases=4,uniform[0]|uniform[1]|permuted-requests|strided-qkv,0.025567999109625816,0.027327999472618103,0.02454400062561035,0.0010528484618136389,0.024641199270263314,0.030021474231034517,25088,24576,49664,1.9424281026864767,0.35132465714936967,0.5323923457321635
graph_compile,gqa,32,8,128,1,2048,fp32,uniform,strided,permuted,1234,pass,q_maxdiff=2.38e-07 k_maxdiff=2.38e-07 cases=4,uniform[0]|uniform[1]|permuted-requests|strided-qkv,0.010847999714314938,0.014495999552309513,0.00684799998998642,0.0015261089502067943,0.005990859353914857,0.010664982255548239,25088,24576,49664,4.578171212012826,0.8280483736860003,1.2548126272246296
eager,gqa,32,8,128,1,2048,fp32,ragged,packed,identity,1234,pass,q_maxdiff=0.00e+00 k_maxdiff=0.00e+00 cases=5,ragged[0]|ragged[1]|uniform|permuted-requests|strided-qkv,0.07547200098633766,0.08476799726486206,0.07420799881219864,0.0032855505453927556,0.0663237099070102,0.07311801891773939,25088,24576,49664,0.6580453592185854,0.11901988027070819,0.18036101923567271
compile,gqa,32,8,128,1,2048,fp32,ragged,packed,identity,1234,pass,q_maxdiff=4.77e-07 k_maxdiff=2.38e-07 cases=5,ragged[0]|ragged[1]|uniform|permuted-requests|strided-qkv,0.04289599880576134,0.061824001371860504,0.03167999908328056,0.01304954151336565,0.028765739407390356,0.03647850826382637,25088,24576,49664,1.1577769811325538,0.20940574345545301,0.317330459730974
graph_eager,gqa,32,8,128,1,2048,fp32,ragged,packed,identity,1234,pass,q_maxdiff=0.00e+00 k_maxdiff=0.00e+00 cases=5,ragged[0]|ragged[1]|uniform|permuted-requests|strided-qkv,0.025631999596953392,0.027615999802947044,0.024480000138282776,0.0010885128243655472,0.02469909959472716,0.029234506655484438,25088,24576,49664,1.9375780579328286,0.35044743533205863,0.531063016373857
graph_compile,gqa,32,8,128,1,2048,fp32,ragged,packed,identity,1234,pass,q_maxdiff=4.77e-07 k_maxdiff=2.38e-07 cases=5,ragged[0]|ragged[1]|uniform|permuted-requests|strided-qkv,0.010751999914646149,0.01532800029963255,0.006432000081986189,0.0014898009755435052,0.005905489670112729,0.011250958777964115,25088,24576,49664,4.6190476557155415,0.8354416473672656,1.2660162881055546
eager,gqa,32,8,128,1,2048,fp32,ragged,packed,permuted,1234,pass,q_maxdiff=0.00e+00 k_maxdiff=0.00e+00 cases=5,ragged[0]|ragged[1]|uniform|permuted-requests|strided-qkv,0.07497599720954895,0.08230400085449219,0.07353600114583969,0.003030365325817334,0.06385136977769434,0.07403397466987371,25088,24576,49664,0.6623986588827229,0.11980725639539269,0.18155419772019926
compile,gqa,32,8,128,1,2048,fp32,ragged,packed,permuted,1234,pass,q_maxdiff=4.77e-07 k_maxdiff=2.38e-07 cases=5,ragged[0]|ragged[1]|uniform|permuted-requests|strided-qkv,0.04132799990475178,0.04947200044989586,0.031328000128269196,0.006977844771437563,0.02883628010749817,0.03922352334484458,25088,24576,49664,1.2017034483754385,0.2173506712612985,0.3293700893588723
graph_eager,gqa,32,8,128,1,2048,fp32,ragged,packed,permuted,1234,pass,q_maxdiff=0.00e+00 k_maxdiff=0.00e+00 cases=5,ragged[0]|ragged[1]|uniform|permuted-requests|strided-qkv,0.025679999962449074,0.027295999228954315,0.024447999894618988,0.0013074584527720816,0.024720949586480856,0.03060803283005953,25088,24576,49664,1.9339563891207887,0.3497923884080883,0.5300703676618455
graph_compile,gqa,32,8,128,1,2048,fp32,ragged,packed,permuted,1234,pass,q_maxdiff=4.77e-07 k_maxdiff=2.38e-07 cases=5,ragged[0]|ragged[1]|uniform|permuted-requests|strided-qkv,0.011071999557316303,0.01398400031030178,0.009375999681651592,0.0009427789128917361,0.005897480295971036,0.011161027941852808,25088,24576,49664,4.485549312290423,0.8112959610126603,1.2294262613708926
eager,gqa,32,8,128,1,2048,fp32,ragged,strided,identity,1234,pass,q_maxdiff=0.00e+00 k_maxdiff=0.00e+00 cases=5,ragged[0]|ragged[1]|uniform|permuted-requests|strided-qkv,0.07923199981451035,0.09436800330877304,0.07449600100517273,0.006493580871294239,0.06832186016254127,0.07819692837074399,25088,24576,49664,0.6268174489634006,0.11337172534094762,0.1718018862772495
compile,gqa,32,8,128,1,2048,fp32,ragged,strided,identity,1234,pass,q_maxdiff=4.77e-07 k_maxdiff=2.38e-07 cases=5,ragged[0]|ragged[1]|uniform|permuted-requests|strided-qkv,0.041680000722408295,0.05455999821424484,0.03167999908328056,0.0075290852506547995,0.028852700488641858,0.03639352507889271,25088,24576,49664,1.1915546818428748,0.21551507594757202,0.32658845455185587
graph_eager,gqa,32,8,128,1,2048,fp32,ragged,strided,identity,1234,pass,q_maxdiff=0.00e+00 k_maxdiff=0.00e+00 cases=5,ragged[0]|ragged[1]|uniform|permuted-requests|strided-qkv,0.025631999596953392,0.027327999472618103,0.024639999493956566,0.0011498743290975326,0.02468027058057487,0.030237017199397087,25088,24576,49664,1.9375780579328286,0.35044743533205863,0.531063016373857
graph_compile,gqa,32,8,128,1,2048,fp32,ragged,strided,identity,1234,pass,q_maxdiff=4.77e-07 k_maxdiff=2.38e-07 cases=5,ragged[0]|ragged[1]|uniform|permuted-requests|strided-qkv,0.010879999957978725,0.013407999649643898,0.007872000336647034,0.0013692662525029398,0.005935950903221965,0.011211028322577477,25088,24576,49664,4.564705899982974,0.8256129187387855,1.2511219737339427
eager,gqa,32,8,128,1,2048,fp32,ragged,strided,permuted,1234,pass,q_maxdiff=0.00e+00 k_maxdiff=0.00e+00 cases=5,ragged[0]|ragged[1]|uniform|permuted-requests|strided-qkv,0.07529599964618683,0.08313599973917007,0.07366400212049484,0.002889582245545182,0.06463664001785219,0.07401901530101895,25088,24576,49664,0.6595835135115986,0.11929808440546524,0.1807826057906771
compile,gqa,32,8,128,1,2048,fp32,ragged,strided,permuted,1234,pass,q_maxdiff=4.77e-07 k_maxdiff=2.38e-07 cases=5,ragged[0]|ragged[1]|uniform|permuted-requests|strided-qkv,0.0431359987705946,0.04870399832725525,0.03152000159025192,0.006614933658825568,0.029051280580461025,0.0399700365960598,25088,24576,49664,1.1513353443865424,0.20824065229035751,0.31556489729248766
graph_eager,gqa,32,8,128,1,2048,fp32,ragged,strided,permuted,1234,pass,q_maxdiff=0.00e+00 k_maxdiff=0.00e+00 cases=5,ragged[0]|ragged[1]|uniform|permuted-requests|strided-qkv,0.025536000728607178,0.027327999472618103,0.024351999163627625,0.001048540366966529,0.024748489959165454,0.030613038688898087,25088,24576,49664,1.9448620998965975,0.35176489132543287,0.5330594702874609
graph_compile,gqa,32,8,128,1,2048,fp32,ragged,strided,permuted,1234,pass,q_maxdiff=4.77e-07 k_maxdiff=2.38e-07 cases=5,ragged[0]|ragged[1]|uniform|permuted-requests|strided-qkv,0.010928000323474407,0.015424000099301338,0.00595200015231967,0.002191395365955737,0.005895179929211736,0.011446012649685144,25088,24576,49664,4.544655795197672,0.8219864801695725,1.2456265207470036
eager,gqa,32,8,128,8,128,bf16,uniform,packed,identity,1234,pass,q_maxdiff=0.00e+00 k_maxdiff=0.00e+00 cases=4,uniform[0]|uniform[1]|permuted-requests|strided-qkv,0.0902400016784668,0.10102400183677673,0.08828800171613693,0.010695195285277095,0.07936510955914855,0.0883504981175065,102400,98304,200704,2.224113433808726,0.4022727474512243,0.6095983509310706
compile,gqa,32,8,128,8,128,bf16,uniform,packed,identity,1234,pass,q_maxdiff=0.00e+00 k_maxdiff=0.00e+00 cases=4,uniform[0]|uniform[1]|permuted-requests|strided-qkv,0.030527999624609947,0.0390079990029335,0.027135999873280525,0.008445211044969909,0.022942310897633433,0.028734037186950445,102400,98304,200704,6.574423560926795,1.1891081581361147,1.801957445219055
graph_eager,gqa,32,8,128,8,128,bf16,uniform,packed,identity,1234,pass,q_maxdiff=0.00e+00 k_maxdiff=0.00e+00 cases=4,uniform[0]|uniform[1]|permuted-requests|strided-qkv,0.03182400017976761,0.03356799855828285,0.030559999868273735,0.0008637893032804193,0.030680750496685505,0.035766977816820145,102400,98304,200704,6.306686741649761,1.1406829185565013,1.7285745318146275
graph_compile,gqa,32,8,128,8,128,bf16,uniform,packed,identity,1234,pass,q_maxdiff=0.00e+00 k_maxdiff=0.00e+00 cases=4,uniform[0]|uniform[1]|permuted-requests|strided-qkv,0.010960000101476908,0.015744000673294067,0.005919999908655882,0.0020298741873843516,0.006027929484844208,0.011677038855850697,102400,98304,200704,18.312408589572392,3.3121435282019944,5.019174790317526
eager,gqa,32,8,128,8,128,bf16,ragged,packed,identity,1234,pass,q_maxdiff=0.00e+00 k_maxdiff=0.00e+00 cases=5,ragged[0]|ragged[1]|uniform|permuted-requests|strided-qkv,0.0902400016784668,0.1000640019774437,0.08799999952316284,0.0035383455558779297,0.07977348053827882,0.08825049735605717,102400,98304,200704,2.224113433808726,0.4022727474512243,0.6095983509310706
compile,gqa,32,8,128,8,128,bf16,ragged,packed,identity,1234,pass,q_maxdiff=0.00e+00 k_maxdiff=0.00e+00 cases=5,ragged[0]|ragged[1]|uniform|permuted-requests|strided-qkv,0.030880000442266464,0.036448001861572266,0.028991999104619026,0.002918578592533593,0.02300292020663619,0.028848997317254543,102400,98304,200704,6.499481772198743,1.17555352607811,1.7814169502380002
graph_eager,gqa,32,8,128,8,128,bf16,ragged,packed,identity,1234,pass,q_maxdiff=0.00e+00 k_maxdiff=0.00e+00 cases=5,ragged[0]|ragged[1]|uniform|permuted-requests|strided-qkv,0.03167999908328056,0.03244800120592117,0.030559999868273735,0.00075877803235003,0.03079175017774105,0.03555201692506671,102400,98304,200704,6.335353718678721,1.1458678805441698,1.7364317488330543
graph_compile,gqa,32,8,128,8,128,bf16,ragged,packed,identity,1234,pass,q_maxdiff=0.00e+00 k_maxdiff=0.00e+00 cases=5,ragged[0]|ragged[1]|uniform|permuted-requests|strided-qkv,0.010944000445306301,0.01398400031030178,0.007104000076651573,0.001404115788619482,0.00602551968768239,0.011546944733709097,102400,98304,200704,18.339180540336926,3.3169857390465354,5.026512607170384
eager,gqa,32,8,128,8,128,fp16,uniform,packed,identity,1234,pass,q_maxdiff=0.00e+00 k_maxdiff=0.00e+00 cases=4,uniform[0]|uniform[1]|permuted-requests|strided-qkv,0.09011200070381165,0.09753599762916565,0.08767999708652496,0.0037919845994861825,0.07814212003722787,0.08921796688809991,102400,98304,200704,2.227272709876815,0.4028441619503898,0.6104642642662306
compile,gqa,32,8,128,8,128,fp16,uniform,packed,identity,1234,pass,q_maxdiff=2.44e-04 k_maxdiff=3.05e-05 cases=4,uniform[0]|uniform[1]|permuted-requests|strided-qkv,0.030704000033438206,0.03951999917626381,0.028863999992609024,0.003393576742032266,0.023120129480957985,0.029079499654471874,102400,98304,200704,6.536737877195909,1.1822919934101814,1.7916283269704787
graph_eager,gqa,32,8,128,8,128,fp16,uniform,packed,identity,1234,pass,q_maxdiff=0.00e+00 k_maxdiff=0.00e+00 cases=4,uniform[0]|uniform[1]|permuted-requests|strided-qkv,0.03167999908328056,0.03347200155258179,0.030559999868273735,0.0010224037631660244,0.03088893019594252,0.03575696609914303,102400,98304,200704,6.335353718678721,1.1458678805441698,1.7364317488330543
graph_compile,gqa,32,8,128,8,128,fp16,uniform,packed,identity,1234,pass,q_maxdiff=2.44e-04 k_maxdiff=3.05e-05 cases=4,uniform[0]|uniform[1]|permuted-requests|strided-qkv,0.010912000201642513,0.014303999952971935,0.006432000081986189,0.0014853795806886953,0.006044759647920728,0.011937576346099377,102400,98304,200704,18.392961536949873,3.326713043841015,5.041253225318864
eager,gqa,32,8,128,8,128,fp16,ragged,packed,identity,1234,pass,q_maxdiff=0.00e+00 k_maxdiff=0.00e+00 cases=5,ragged[0]|ragged[1]|uniform|permuted-requests|strided-qkv,0.09065599739551544,0.10208000242710114,0.08928000181913376,0.004453895011058097,0.0775919808074832,0.08822046220302582,102400,98304,200704,2.213907582135635,0.40042682721612943,0.6068010698863224
compile,gqa,32,8,128,8,128,fp16,ragged,packed,identity,1234,pass,q_maxdiff=4.88e-04 k_maxdiff=1.53e-05 cases=5,ragged[0]|ragged[1]|uniform|permuted-requests|strided-qkv,0.03062400035560131,0.03788800165057182,0.02924799919128418,0.0035875738809038205,0.023510970640927553,0.029450457077473402,102400,98304,200704,6.553813925987957,1.1853805180145336,1.796308632851382
graph_eager,gqa,32,8,128,8,128,fp16,ragged,packed,identity,1234,pass,q_maxdiff=0.00e+00 k_maxdiff=0.00e+00 cases=5,ragged[0]|ragged[1]|uniform|permuted-requests|strided-qkv,0.03171199932694435,0.033055998384952545,0.030559999868273735,0.0007600880548366316,0.030793659389019016,0.03578700125217438,102400,98304,200704,6.328960780138207,1.144711597365494,1.7346795338908387
graph_compile,gqa,32,8,128,8,128,fp16,ragged,packed,identity,1234,pass,q_maxdiff=4.88e-04 k_maxdiff=1.53e-05 cases=5,ragged[0]|ragged[1]|uniform|permuted-requests|strided-qkv,0.010944000445306301,0.015200000256299973,0.00598399993032217,0.0015532134850398,0.006018299609422684,0.011812022421509027,102400,98304,200704,18.339180540336926,3.3169857390465354,5.026512607170384
eager,gqa,32,8,128,8,128,fp32,uniform,packed,identity,1234,pass,q_maxdiff=0.00e+00 k_maxdiff=0.00e+00 cases=4,uniform[0]|uniform[1]|permuted-requests|strided-qkv,0.07539200037717819,0.08300799876451492,0.07372800260782242,0.0032389455914559008,0.06416354910470545,0.07364852353930473,200704,196608,397312,5.2699490398489255,0.953169405374081,1.4444192437978702
compile,gqa,32,8,128,8,128,fp32,uniform,packed,identity,1234,pass,q_maxdiff=4.77e-07 k_maxdiff=4.77e-07 cases=4,uniform[0]|uniform[1]|permuted-requests|strided-qkv,0.030224000103771687,0.03721600025892258,0.02864000014960766,0.003531926952675626,0.023036979837343097,0.028709007892757654,200704,196608,397312,13.145579626649715,2.3776253283068827,3.603019315753079
graph_eager,gqa,32,8,128,8,128,fp32,uniform,packed,identity,1234,pass,q_maxdiff=0.00e+00 k_maxdiff=0.00e+00 cases=4,uniform[0]|uniform[1]|permuted-requests|strided-qkv,0.025760000571608543,0.02755199931561947,0.0244159996509552,0.0011865700506017017,0.02477856003679335,0.030472467187792063,200704,196608,397312,15.423602142225825,2.7896485471618977,4.227393391180057
graph_compile,gqa,32,8,128,8,128,fp32,uniform,packed,identity,1234,pass,q_maxdiff=4.77e-07 k_maxdiff=4.77e-07 cases=4,uniform[0]|uniform[1]|permuted-requests|strided-qkv,0.011103999800980091,0.012480000033974648,0.006816000211983919,0.0011709945443767631,0.006195439491420984,0.011747004464268684,200704,196608,397312,35.78098046840125,6.4716633156941,9.807065753333376
eager,gqa,32,8,128,8,128,fp32,ragged,packed,identity,1234,pass,q_maxdiff=0.00e+00 k_maxdiff=0.00e+00 cases=5,ragged[0]|ragged[1]|uniform|permuted-requests|strided-qkv,0.07587199658155441,0.08499199897050858,0.07436800003051758,0.003999125409853237,0.06461410084739327,0.07442448986694217,200704,196608,397312,5.236609261665223,0.9471392794077067,1.435281277409893
compile,gqa,32,8,128,8,128,fp32,ragged,packed,identity,1234,pass,q_maxdiff=4.77e-07 k_maxdiff=2.38e-07 cases=5,ragged[0]|ragged[1]|uniform|permuted-requests|strided-qkv,0.030928000807762146,0.03939199820160866,0.02768000029027462,0.00313319496390031,0.023353369906544685,0.029154529329389334,200704,196608,397312,12.846352483936974,2.323504471438129,3.521005345611666
graph_eager,gqa,32,8,128,8,128,fp32,ragged,packed,identity,1234,pass,q_maxdiff=0.00e+00 k_maxdiff=0.00e+00 cases=5,ragged[0]|ragged[1]|uniform|permuted-requests|strided-qkv,0.025679999962449074,0.02735999971628189,0.024607999250292778,0.0010305258677804963,0.024789380840957165,0.030356983188539743,200704,196608,397312,15.47165111296631,2.7983391072647064,4.240562941294764
graph_compile,gqa,32,8,128,8,128,fp32,ragged,packed,identity,1234,pass,q_maxdiff=4.77e-07 k_maxdiff=2.38e-07 cases=5,ragged[0]|ragged[1]|uniform|permuted-requests|strided-qkv,0.010816000401973724,0.012959999963641167,0.009952000342309475,0.0010315507315304523,0.006032229866832495,0.012122502084821463,200704,196608,397312,36.73372644545184,6.643985345670293,10.068200085619505
eager,gqa,32,8,128,8,2048,bf16,uniform,packed,identity,1234,pass,q_maxdiff=0.00e+00 k_maxdiff=0.00e+00 cases=4,uniform[0]|uniform[1]|permuted-requests|strided-qkv,0.09028800204396248,0.11648000031709671,0.08617600053548813,0.014158678542189388,0.07705416996032,0.09058497380465269,102400,98304,200704,2.222931014713056,0.40205888471786577,0.6092742664127756
compile,gqa,32,8,128,8,2048,bf16,uniform,packed,identity,1234,pass,q_maxdiff=0.00e+00 k_maxdiff=0.00e+00 cases=4,uniform[0]|uniform[1]|permuted-requests|strided-qkv,0.030704000033438206,0.03590400144457817,0.026623999699950218,0.003116238748929393,0.023072550538927317,0.028714013751596212,102400,98304,200704,6.536737877195909,1.1822919934101814,1.7916283269704787
graph_eager,gqa,32,8,128,8,2048,bf16,uniform,packed,identity,1234,pass,q_maxdiff=0.00e+00 k_maxdiff=0.00e+00 cases=4,uniform[0]|uniform[1]|permuted-requests|strided-qkv,0.03171199932694435,0.0326399989426136,0.030688000842928886,0.0006271591695661972,0.030721119837835428,0.035096018109470606,102400,98304,200704,6.328960780138207,1.144711597365494,1.7346795338908387
graph_compile,gqa,32,8,128,8,2048,bf16,uniform,packed,identity,1234,pass,q_maxdiff=0.00e+00 k_maxdiff=0.00e+00 cases=4,uniform[0]|uniform[1]|permuted-requests|strided-qkv,0.010688000358641148,0.015552000142633915,0.006047999951988459,0.0018268311718291073,0.006059280131012201,0.012193049769848585,102400,98304,200704,18.778442483652494,3.396434523493522,5.146908155437629
eager,gqa,32,8,128,8,2048,bf16,ragged,packed,identity,1234,pass,q_maxdiff=0.00e+00 k_maxdiff=0.00e+00 cases=5,ragged[0]|ragged[1]|uniform|permuted-requests|strided-qkv,0.09041600301861763,0.10028800368309021,0.0880960002541542,0.004320418550977458,0.07729762000963092,0.08845102274790406,102400,98304,200704,2.219784034897814,0.4014896942273056,0.6084117233083531
compile,gqa,32,8,128,8,2048,bf16,ragged,packed,identity,1234,pass,q_maxdiff=3.81e-06 k_maxdiff=0.00e+00 cases=5,ragged[0]|ragged[1]|uniform|permuted-requests|strided-qkv,0.030719999223947525,0.036159999668598175,0.028991999104619026,0.0029968111704553485,0.023037079954519868,0.028888985980302095,102400,98304,200704,6.53333349837922,1.1816762474688385,1.7906952344037725
graph_eager,gqa,32,8,128,8,2048,bf16,ragged,packed,identity,1234,pass,q_maxdiff=0.00e+00 k_maxdiff=0.00e+00 cases=5,ragged[0]|ragged[1]|uniform|permuted-requests|strided-qkv,0.03182400017976761,0.033535998314619064,0.03046399913728237,0.0012486593098697343,0.03065960016101599,0.03511150134727359,102400,98304,200704,6.306686741649761,1.1406829185565013,1.7285745318146275
graph_compile,gqa,32,8,128,8,2048,bf16,ragged,packed,identity,1234,pass,q_maxdiff=3.81e-06 k_maxdiff=0.00e+00 cases=5,ragged[0]|ragged[1]|uniform|permuted-requests|strided-qkv,0.01104000024497509,0.014879999682307243,0.006016000173985958,0.0015662463336421654,0.006253749597817659,0.010679941624403,102400,98304,200704,18.17970974152391,3.288142445623818,4.982803894071339
eager,gqa,32,8,128,8,2048,fp16,uniform,packed,identity,1234,pass,q_maxdiff=0.00e+00 k_maxdiff=0.00e+00 cases=4,uniform[0]|uniform[1]|permuted-requests|strided-qkv,0.09081599861383438,0.09808000177145004,0.08787199854850769,0.0035898256201764354,0.07787481066770852,0.0890675000846386,102400,98304,200704,2.2100070809486856,0.399721348212649,0.6057319971244637
compile,gqa,32,8,128,8,2048,fp16,uniform,packed,identity,1234,pass,q_maxdiff=3.05e-05 k_maxdiff=1.19e-07 cases=4,uniform[0]|uniform[1]|permuted-requests|strided-qkv,0.030079999938607216,0.03657599911093712,0.02864000014960766,0.0036930675131209957,0.02261549001559615,0.02799800131469965,102400,98304,200704,6.6723404391500525,1.2068182672636263,1.8287950905413979
graph_eager,gqa,32,8,128,8,2048,fp16,uniform,packed,identity,1234,pass,q_maxdiff=0.00e+00 k_maxdiff=0.00e+00 cases=4,uniform[0]|uniform[1]|permuted-requests|strided-qkv,0.03177599981427193,0.03356799855828285,0.030751999467611313,0.0015102469453834567,0.03092149971053004,0.035772507544606924,102400,98304,200704,6.3162135313789705,1.142406017666692,1.731185691488551
graph_compile,gqa,32,8,128,8,2048,fp16,uniform,packed,identity,1234,pass,q_maxdiff=3.05e-05 k_maxdiff=1.19e-07 cases=4,uniform[0]|uniform[1]|permuted-requests|strided-qkv,0.01080000028014183,0.015359999611973763,0.006016000173985958,0.0022864084180076634,0.005933149950578809,0.011421507224440575,102400,98304,200704,18.58370322165994,3.361212265146646,5.093532850398037
eager,gqa,32,8,128,8,2048,fp16,ragged,packed,identity,1234,pass,q_maxdiff=0.00e+00 k_maxdiff=0.00e+00 cases=5,ragged[0]|ragged[1]|uniform|permuted-requests|strided-qkv,0.09019200131297112,0.10384000092744827,0.08748800307512283,0.011539405284725796,0.07749640033580363,0.08803600212559104,102400,98304,200704,2.2252971114760642,0.4024868378209414,0.6099227804062382
compile,gqa,32,8,128,8,2048,fp16,ragged,packed,identity,1234,pass,q_maxdiff=4.88e-04 k_maxdiff=9.54e-07 cases=5,ragged[0]|ragged[1]|uniform|permuted-requests|strided-qkv,0.029920000582933426,0.03686400130391121,0.02687999978661537,0.0024423359783597625,0.025266680167987943,0.029054470360279083,102400,98304,200704,6.70802125968149,1.2132718147708301,1.8385747038584146
graph_eager,gqa,32,8,128,8,2048,fp16,ragged,packed,identity,1234,pass,q_maxdiff=0.00e+00 k_maxdiff=0.00e+00 cases=5,ragged[0]|ragged[1]|uniform|permuted-requests|strided-qkv,0.031968001276254654,0.033952001482248306,0.03062400035560131,0.0010025318035145083,0.030854359501972795,0.0363584840670228,102400,98304,200704,6.278278027631333,1.1355446682919097,1.7207881010712773
graph_compile,gqa,32,8,128,8,2048,fp16,ragged,packed,identity,1234,pass,q_maxdiff=4.88e-04 k_maxdiff=9.54e-07 cases=5,ragged[0]|ragged[1]|uniform|permuted-requests|strided-qkv,0.010847999714314938,0.015647999942302704,0.006560000125318766,0.002819691739904696,0.006119590252637863,0.011216034181416035,102400,98304,200704,18.50147541349513,3.346339819432083,5.070995359505719
eager,gqa,32,8,128,8,2048,fp32,uniform,packed,identity,1234,pass,q_maxdiff=0.00e+00 k_maxdiff=0.00e+00 cases=4,uniform[0]|uniform[1]|permuted-requests|strided-qkv,0.07523199915885925,0.09385599941015244,0.07334399968385696,0.010169013818676914,0.06362393964082003,0.0726465368643403,200704,196608,397312,5.281157013534085,0.9551965782237902,1.4474911924547569
compile,gqa,32,8,128,8,2048,fp32,uniform,packed,identity,1234,pass,q_maxdiff=2.38e-07 k_maxdiff=2.38e-07 cases=4,uniform[0]|uniform[1]|permuted-requests|strided-qkv,0.031055999919772148,0.052032001316547394,0.027936000376939774,0.008019036714703071,0.022744840243831277,0.02817797940224409,200704,196608,397312,12.793405494152095,2.313928012465189,3.5064933170572803
graph_eager,gqa,32,8,128,8,2048,fp32,uniform,packed,identity,1234,pass,q_maxdiff=0.00e+00 k_maxdiff=0.00e+00 cases=4,uniform[0]|uniform[1]|permuted-requests|strided-qkv,0.025696000084280968,0.027648000046610832,0.024351999163627625,0.0008542869973495805,0.02478727954439819,0.02956052776426077,200704,196608,397312,15.46201738390591,2.7965966661650667,4.237922471047488
graph_compile,gqa,32,8,128,8,2048,fp32,uniform,packed,identity,1234,pass,q_maxdiff=2.38e-07 k_maxdiff=2.38e-07 cases=4,uniform[0]|uniform[1]|permuted-requests|strided-qkv,0.010639999993145466,0.011487999930977821,0.009216000325977802,0.000973282638514127,0.006352229975163937,0.012228032574057579,200704,196608,397312,37.34135340751481,6.753886110504903,10.23474212813598
eager,gqa,32,8,128,8,2048,fp32,ragged,packed,identity,1234,pass,q_maxdiff=0.00e+00 k_maxdiff=0.00e+00 cases=5,ragged[0]|ragged[1]|uniform|permuted-requests|strided-qkv,0.07596799731254578,0.0987199991941452,0.07420799881219864,0.011560573486120152,0.06397028919309378,0.07307250052690506,200704,196608,397312,5.229991760417063,0.9459423798395938,1.4334675129737624
compile,gqa,32,8,128,8,2048,fp32,ragged,packed,identity,1234,pass,q_maxdiff=4.77e-07 k_maxdiff=2.38e-07 cases=5,ragged[0]|ragged[1]|uniform|permuted-requests|strided-qkv,0.030896000564098358,0.038816001266241074,0.029055999591946602,0.00258877300606997,0.023167229956015944,0.028519018087536097,200704,196608,397312,12.85965797339099,2.3259110194664303,3.524652193972098
graph_eager,gqa,32,8,128,8,2048,fp32,ragged,packed,identity,1234,pass,q_maxdiff=0.00e+00 k_maxdiff=0.00e+00 cases=5,ragged[0]|ragged[1]|uniform|permuted-requests|strided-qkv,0.025776000693440437,0.028351999819278717,0.02454400062561035,0.0011546910103610677,0.024669149424880743,0.02939050318673253,200704,196608,397312,15.41402813901651,2.7879169086058004,4.224769290952304
graph_compile,gqa,32,8,128,8,2048,fp32,ragged,packed,identity,1234,pass,q_maxdiff=4.77e-07 k_maxdiff=2.38e-07 cases=5,ragged[0]|ragged[1]|uniform|permuted-requests|strided-qkv,0.011008000001311302,0.015584000386297703,0.0063680000603199005,0.001916658495065068,0.006005490431562066,0.01187704037874937,200704,196608,397312,36.09302325151446,6.528102122176337,9.89259231106834
eager,gqa,32,8,128,32,128,bf16,uniform,packed,identity,1234,pass,q_maxdiff=0.00e+00 k_maxdiff=0.00e+00 cases=4,uniform[0]|uniform[1]|permuted-requests|strided-qkv,0.09147199988365173,0.10172799974679947,0.08947200328111649,0.004073155964611672,0.07918488001450896,0.08978898404166102,409600,393216,802816,8.776631111390872,1.5874188145606654,2.4055517002440467
compile,gqa,32,8,128,32,128,bf16,uniform,packed,identity,1234,pass,q_maxdiff=9.77e-04 k_maxdiff=0.00e+00 cases=4,uniform[0]|uniform[1]|permuted-requests|strided-qkv,0.030352000147104263,0.03788800165057182,0.029023999348282814,0.0029802099373508113,0.022948909318074584,0.02833356847986579,409600,393216,802816,26.45018437365133,4.784013340704105,7.249625190379247
graph_eager,gqa,32,8,128,32,128,bf16,uniform,packed,identity,1234,pass,q_maxdiff=0.00e+00 k_maxdiff=0.00e+00 cases=4,uniform[0]|uniform[1]|permuted-requests|strided-qkv,0.03401600010693073,0.035551998764276505,0.032735999673604965,0.0009220275708155797,0.0330397707875818,0.037771009374409914,409600,393216,802816,23.601128806335662,4.268708053984703,6.4687389508800175
graph_compile,gqa,32,8,128,32,128,bf16,uniform,packed,identity,1234,pass,q_maxdiff=9.77e-04 k_maxdiff=0.00e+00 cases=4,uniform[0]|uniform[1]|permuted-requests|strided-qkv,0.010816000401973724,0.012191999703645706,0.007391999941319227,0.0012603654495221607,0.006278998916968703,0.011771975550800562,409600,393216,802816,74.2248493124594,13.424960079911108,20.343991925581683
eager,gqa,32,8,128,32,128,bf16,uniform,packed,permuted,1234,pass,q_maxdiff=0.00e+00 k_maxdiff=0.00e+00 cases=4,uniform[0]|uniform[1]|permuted-requests|strided-qkv,0.09142400324344635,0.10143999755382538,0.08940800279378891,0.004370188506289184,0.07843927014619112,0.08839095244184136,409600,393216,802816,8.78123875042137,1.5882521927435793,2.4068145895877198
compile,gqa,32,8,128,32,128,bf16,uniform,packed,permuted,1234,pass,q_maxdiff=9.77e-04 k_maxdiff=0.00e+00 cases=4,uniform[0]|uniform[1]|permuted-requests|strided-qkv,0.029952000826597214,0.036320000886917114,0.028704000636935234,0.003084970982979704,0.027107930509373546,0.027331465389579535,409600,393216,802816,26.803418063714254,4.847902297460511,7.346441598968132
graph_eager,gqa,32,8,128,32,128,bf16,uniform,packed,permuted,1234,pass,q_maxdiff=0.00e+00 k_maxdiff=0.00e+00 cases=4,uniform[0]|uniform[1]|permuted-requests|strided-qkv,0.03387200087308884,0.03551999852061272,0.032575998455286026,0.0009047871498502549,0.032903419341892004,0.037165009416639805,409600,393216,802816,23.701463725393147,4.286855511277576,6.49623934733844
graph_compile,gqa,32,8,128,32,128,bf16,uniform,packed,permuted,1234,pass,q_maxdiff=9.77e-04 k_maxdiff=0.00e+00 cases=4,uniform[0]|uniform[1]|permuted-requests|strided-qkv,0.010639999993145466,0.013567999936640263,0.008927999995648861,0.001510609471315666,0.00624043052084744,0.012192525900900364,409600,393216,802816,75.4526316275557,13.647027604731557,20.680509867161366
eager,gqa,32,8,128,32,128,bf16,uniform,strided,identity,1234,pass,q_maxdiff=0.00e+00 k_maxdiff=0.00e+00 cases=4,uniform[0]|uniform[1]|permuted-requests|strided-qkv,0.09158399701118469,0.10080000013113022,0.08934400230646133,0.005191936605759773,0.07862853002734482,0.09093101834878325,409600,393216,802816,8.765898259517503,1.5854775764270987,2.402609975823279
compile,gqa,32,8,128,32,128,bf16,uniform,strided,identity,1234,pass,q_maxdiff=9.77e-04 k_maxdiff=0.00e+00 cases=4,uniform[0]|uniform[1]|permuted-requests|strided-qkv,0.030511999502778053,0.03840000182390213,0.02953599952161312,0.002776793450869923,0.02376676071435213,0.028393464162945747,409600,393216,802816,26.311484435063175,4.758926848028403,7.211609479241354
graph_eager,gqa,32,8,128,32,128,bf16,uniform,strided,identity,1234,pass,q_maxdiff=0.00e+00 k_maxdiff=0.00e+00 cases=4,uniform[0]|uniform[1]|permuted-requests|strided-qkv,0.0339680016040802,0.03561599925160408,0.03299200162291527,0.0009100329728835815,0.033004110446199775,0.038903497625142336,409600,393216,802816,23.63447839402971,4.274739954185529,6.477879605917431
graph_compile,gqa,32,8,128,32,128,bf16,uniform,strided,identity,1234,pass,q_maxdiff=9.77e-04 k_maxdiff=0.00e+00 cases=4,uniform[0]|uniform[1]|permuted-requests|strided-qkv,0.010975999757647514,0.01158399973064661,0.007296000141650438,0.0012548871716263944,0.006299129454419017,0.011676980648189783,409600,393216,802816,73.14285875786749,13.229261737148706,20.047433464229865
eager,gqa,32,8,128,32,128,bf16,uniform,strided,permuted,1234,pass,q_maxdiff=0.00e+00 k_maxdiff=0.00e+00 cases=4,uniform[0]|uniform[1]|permuted-requests|strided-qkv,0.09249599650502205,0.10233599692583084,0.0902400016784668,0.004149938478778379,0.08027842966839671,0.09154202416539192,409600,393216,802816,8.679467548159355,1.5698449566183754,2.378920528013281
compile,gqa,32,8,128,32,128,bf16,uniform,strided,permuted,1234,pass,q_maxdiff=9.77e-04 k_maxdiff=0.00e+00 cases=4,uniform[0]|uniform[1]|permuted-requests|strided-qkv,0.03102399967610836,0.03654399886727333,0.02848000079393387,0.0028554135066088723,0.023206599289551377,0.02887897426262498,409600,393216,802816,25.877256587848986,4.680388574546753,7.092593706229804
graph_eager,gqa,32,8,128,32,128,bf16,uniform,strided,permuted,1234,pass,q_maxdiff=0.00e+00 k_maxdiff=0.00e+00 cases=4,uniform[0]|uniform[1]|permuted-requests|strided-qkv,0.034015998244285583,0.035551998764276505,0.032575998455286026,0.0010880624643793714,0.033003309508785605,0.03853254020214081,409600,393216,802816,23.601130098684276,4.268708287730257,6.468739305094676
graph_compile,gqa,32,8,128,32,128,bf16,uniform,strided,permuted,1234,pass,q_maxdiff=9.77e-04 k_maxdiff=0.00e+00 cases=4,uniform[0]|uniform[1]|permuted-requests|strided-qkv,0.010847999714314938,0.011552000418305397,0.010080000385642052,0.0008771372666015933,0.006409649504348636,0.012213014997541904,409600,393216,802816,74.00590165398052,13.385359277728332,20.283981438022877
eager,gqa,32,8,128,32,128,bf16,ragged,packed,identity,1234,pass,q_maxdiff=0.00e+00 k_maxdiff=0.00e+00 cases=5,ragged[0]|ragged[1]|uniform|permuted-requests|strided-qkv,0.09055999666452408,0.10480000078678131,0.08697599917650223,0.00604741310060311,0.0777388596907258,0.08898752275854349,409600,393216,802816,8.86501799435793,1.6034052447981375,2.4297773073024005
compile,gqa,32,8,128,32,128,bf16,ragged,packed,identity,1234,pass,q_maxdiff=7.81e-03 k_maxdiff=4.88e-04 cases=5,ragged[0]|ragged[1]|uniform|permuted-requests|strided-qkv,0.030751999467611313,0.03705599904060364,0.028960000723600388,0.0026386129705270782,0.023011539597064257,0.02860400127246976,409600,393216,802816,26.106139890043366,4.7217864247731995,7.155327414615538
graph_eager,gqa,32,8,128,32,128,bf16,ragged,packed,identity,1234,pass,q_maxdiff=0.00e+00 k_maxdiff=0.00e+00 cases=5,ragged[0]|ragged[1]|uniform|permuted-requests|strided-qkv,0.03376000002026558,0.0350399985909462,0.03254399821162224,0.0007242112423495715,0.03299518954008818,0.03748555900529027,409600,393216,802816,23.780094772455055,4.301077415095851,6.517791016373071
graph_compile,gqa,32,8,128,32,128,bf16,ragged,packed,identity,1234,pass,q_maxdiff=7.81e-03 k_maxdiff=4.88e-04 cases=5,ragged[0]|ragged[1]|uniform|permuted-requests|strided-qkv,0.011087999679148197,0.013632000423967838,0.01027199998497963,0.0011741330618056925,0.006322780391201377,0.010865041986107826,409600,393216,802816,72.4040424991854,13.095632920504798,19.844934272377763
eager,gqa,32,8,128,32,128,bf16,ragged,packed,permuted,1234,pass,q_maxdiff=0.00e+00 k_maxdiff=0.00e+00 cases=5,ragged[0]|ragged[1]|uniform|permuted-requests|strided-qkv,0.09116800129413605,0.1011200025677681,0.088128000497818,0.003931692386098463,0.07856450974941254,0.08978898404166102,409600,393216,802816,8.805896680896495,1.5927120432565558,2.4135729830790393
compile,gqa,32,8,128,32,128,bf16,ragged,packed,permuted,1234,pass,q_maxdiff=7.81e-03 k_maxdiff=4.88e-04 cases=5,ragged[0]|ragged[1]|uniform|permuted-requests|strided-qkv,0.03115200065076351,0.038784001022577286,0.027583999559283257,0.002912815161566744,0.023201500298455358,0.02898945240303874,409600,393216,802816,25.77092909698317,4.661157247929145,7.063450829744659
graph_eager,gqa,32,8,128,32,128,bf16,ragged,packed,permuted,1234,pass,q_maxdiff=0.00e+00 k_maxdiff=0.00e+00 cases=5,ragged[0]|ragged[1]|uniform|permuted-requests|strided-qkv,0.03372799977660179,0.0344959981739521,0.03276799991726875,0.0006766162150266449,0.03295200993306935,0.03781093982979655,409600,393216,802816,23.802656704147026,4.305158164805633,6.523974925945386
graph_compile,gqa,32,8,128,32,128,bf16,ragged,packed,permuted,1234,pass,q_maxdiff=7.81e-03 k_maxdiff=4.88e-04 cases=5,ragged[0]|ragged[1]|uniform|permuted-requests|strided-qkv,0.01071999967098236,0.015584000386297703,0.00684799998998642,0.0016391841872381312,0.006278089713305235,0.012228032574057579,409600,393216,802816,74.88955453731198,13.54518452214593,20.52617832073847
eager,gqa,32,8,128,32,128,bf16,ragged,strided,identity,1234,pass,q_maxdiff=0.00e+00 k_maxdiff=0.00e+00 cases=5,ragged[0]|ragged[1]|uniform|permuted-requests|strided-qkv,0.0920800007879734,0.10169599950313568,0.09014400094747543,0.005823936694045064,0.07910032058134675,0.09102042531594634,409600,393216,802816,8.718679334599397,1.5769371457234491,2.389667929646469
compile,gqa,32,8,128,32,128,bf16,ragged,strided,identity,1234,pass,q_maxdiff=9.77e-04 k_maxdiff=4.77e-07 cases=5,ragged[0]|ragged[1]|uniform|permuted-requests|strided-qkv,0.030527999624609947,0.03779200091958046,0.02879999950528145,0.0028249001556101493,0.023360690101981163,0.029104994609951973,409600,393216,802816,26.29769424370718,4.756432632544459,7.20782978087622
graph_eager,gqa,32,8,128,32,128,bf16,ragged,strided,identity,1234,pass,q_maxdiff=0.00e+00 k_maxdiff=0.00e+00 cases=5,ragged[0]|ragged[1]|uniform|permuted-requests|strided-qkv,0.03393600136041641,0.03574400022625923,0.032607998698949814,0.0012124943632303756,0.03299208008684218,0.03877299604937434,409600,393216,802816,23.656764728222214,4.2787708569038685,6.483987978073964
graph_compile,gqa,32,8,128,32,128,bf16,ragged,strided,identity,1234,pass,q_maxdiff=9.77e-04 k_maxdiff=4.77e-07 cases=5,ragged[0]|ragged[1]|uniform|permuted-requests|strided-qkv,0.010912000201642513,0.012160000391304493,0.006527999881654978,0.0010505701032725195,0.006198949413374066,0.010835472494363785,409600,393216,802816,73.57184614779949,13.30685217536406,20.165012901275457
eager,gqa,32,8,128,32,128,bf16,ragged,strided,permuted,1234,pass,q_maxdiff=0.00e+00 k_maxdiff=0.00e+00 cases=5,ragged[0]|ragged[1]|uniform|permuted-requests|strided-qkv,0.09180799871683121,0.10255999863147736,0.08991999924182892,0.0038189355184727394,0.07949045044369996,0.09013444650918245,409600,393216,802816,8.744510404547347,1.581609180575454,2.396747864241392
compile,gqa,32,8,128,32,128,bf16,ragged,strided,permuted,1234,pass,q_maxdiff=9.77e-04 k_maxdiff=4.77e-07 cases=5,ragged[0]|ragged[1]|uniform|permuted-requests|strided-qkv,0.0307839997112751,0.036959998309612274,0.028863999992609024,0.002382701960580007,0.023254589177668095,0.02948549808934331,409600,393216,802816,26.079002323598537,4.716878085456078,7.147889387623939
graph_eager,gqa,32,8,128,32,128,bf16,ragged,strided,permuted,1234,pass,q_maxdiff=0.00e+00 k_maxdiff=0.00e+00 cases=5,ragged[0]|ragged[1]|uniform|permuted-requests|strided-qkv,0.03376000002026558,0.03551999852061272,0.0326399989426136,0.0009468205491068834,0.03290713066235185,0.0388480257242918,409600,393216,802816,23.780094772455055,4.301077415095851,6.517791016373071
graph_compile,gqa,32,8,128,32,128,bf16,ragged,strided,permuted,1234,pass,q_maxdiff=9.77e-04 k_maxdiff=4.77e-07 cases=5,ragged[0]|ragged[1]|uniform|permuted-requests|strided-qkv,0.010863999836146832,0.01142400037497282,0.010080000385642052,0.0008251322206804456,0.0063478294759988785,0.012233038432896137,409600,393216,802816,73.89690833102381,13.365645785235932,20.25410789428769
eager,gqa,32,8,128,32,128,fp16,uniform,packed,identity,1234,pass,q_maxdiff=0.00e+00 k_maxdiff=0.00e+00 cases=4,uniform[0]|uniform[1]|permuted-requests|strided-qkv,0.0907839983701706,0.0987199991941452,0.08921600133180618,0.004321594788690149,0.07858674973249435,0.09027955820783973,409600,393216,802816,8.843144325132366,1.59944898030081,2.4237820408353117
compile,gqa,32,8,128,32,128,fp16,uniform,packed,identity,1234,pass,q_maxdiff=9.77e-04 k_maxdiff=4.88e-04 cases=4,uniform[0]|uniform[1]|permuted-requests|strided-qkv,0.031136000528931618,0.03731200098991394,0.029759999364614487,0.0025819895929287563,0.02351216971874237,0.02918503014370799,409600,393216,802816,25.784172223854576,4.663552516511413,7.067080585394376
graph_eager,gqa,32,8,128,32,128,fp16,uniform,packed,identity,1234,pass,q_maxdiff=0.00e+00 k_maxdiff=0.00e+00 cases=4,uniform[0]|uniform[1]|permuted-requests|strided-qkv,0.033743999898433685,0.035551998764276505,0.032607998698949814,0.0008021454796739737,0.03177239908836782,0.034469994716346264,409600,393216,802816,23.791370389295928,4.303116822482559,6.520881505071822
graph_compile,gqa,32,8,128,32,128,fp16,uniform,packed,identity,1234,pass,q_maxdiff=9.77e-04 k_maxdiff=4.88e-04 cases=4,uniform[0]|uniform[1]|permuted-requests|strided-qkv,0.010975999757647514,0.012319999746978283,0.006304000038653612,0.0015890401213548406,0.006297630025073886,0.012227974366396666,409600,393216,802816,73.14285875786749,13.229261737148706,20.047433464229865
eager,gqa,32,8,128,32,128,fp16,uniform,packed,permuted,1234,pass,q_maxdiff=0.00e+00 k_maxdiff=0.00e+00 cases=4,uniform[0]|uniform[1]|permuted-requests|strided-qkv,0.09113600105047226,0.09971199929714203,0.08662399649620056,0.003971922619003569,0.07882099016569555,0.08979893755167723,409600,393216,802816,8.8089886625088,1.5932712862876632,2.4144204519461026
compile,gqa,32,8,128,32,128,fp16,uniform,packed,permuted,1234,pass,q_maxdiff=9.77e-04 k_maxdiff=4.88e-04 cases=4,uniform[0]|uniform[1]|permuted-requests|strided-qkv,0.03062400035560131,0.035840000957250595,0.029472000896930695,0.0024398134430688293,0.023455270566046238,0.028723967261612415,409600,393216,802816,26.21525570395183,4.741522072058134,7.185234531405528
graph_eager,gqa,32,8,128,32,128,fp16,uniform,packed,permuted,1234,pass,q_maxdiff=0.00e+00 k_maxdiff=0.00e+00 cases=4,uniform[0]|uniform[1]|permuted-requests|strided-qkv,0.033743999898433685,0.035392001271247864,0.03254399821162224,0.0006767782864299675,0.0329383893404156,0.037875957787036896,409600,393216,802816,23.791370389295928,4.303116822482559,6.520881505071822
graph_compile,gqa,32,8,128,32,128,fp16,uniform,packed,permuted,1234,pass,q_maxdiff=9.77e-04 k_maxdiff=4.88e-04 cases=4,uniform[0]|uniform[1]|permuted-requests|strided-qkv,0.010816000401973724,0.01244799979031086,0.006560000125318766,0.001461103081643561,0.006489299703389406,0.011055497452616692,409600,393216,802816,74.2248493124594,13.424960079911108,20.343991925581683
eager,gqa,32,8,128,32,128,fp16,uniform,strided,identity,1234,pass,q_maxdiff=0.00e+00 k_maxdiff=0.00e+00 cases=4,uniform[0]|uniform[1]|permuted-requests|strided-qkv,0.09310400113463402,0.10406400263309479,0.09100800007581711,0.0039000760833452753,0.08011762984097004,0.09147654054686427,409600,393216,802816,8.622787315435342,1.5595932704420021,2.3633852698408697
compile,gqa,32,8,128,32,128,fp16,uniform,strided,identity,1234,pass,q_maxdiff=9.77e-04 k_maxdiff=4.88e-04 cases=4,uniform[0]|uniform[1]|permuted-requests|strided-qkv,0.0307839997112751,0.03903999924659729,0.029472000896930695,0.003043374642093506,0.02293317927978933,0.028287991881370544,409600,393216,802816,26.079002323598537,4.716878085456078,7.147889387623939
graph_eager,gqa,32,8,128,32,128,fp16,uniform,strided,identity,1234,pass,q_maxdiff=0.00e+00 k_maxdiff=0.00e+00 cases=4,uniform[0]|uniform[1]|permuted-requests|strided-qkv,0.03379200026392937,0.03551999852061272,0.032735999673604965,0.0009630249424473938,0.032970450120046735,0.03801652928814292,409600,393216,802816,23.75757557201936,4.297004394137492,6.511618818839792
graph_compile,gqa,32,8,128,32,128,fp16,uniform,strided,identity,1234,pass,q_maxdiff=9.77e-04 k_maxdiff=4.88e-04 cases=4,uniform[0]|uniform[1]|permuted-requests|strided-qkv,0.010912000201642513,0.01500799972563982,0.0080960001796484,0.001532727877122613,0.006371770286932588,0.012208009138703346,409600,393216,802816,73.57184614779949,13.30685217536406,20.165012901275457
eager,gqa,32,8,128,32,128,fp16,uniform,strided,permuted,1234,pass,q_maxdiff=0.00e+00 k_maxdiff=0.00e+00 cases=4,uniform[0]|uniform[1]|permuted-requests|strided-qkv,0.09225600212812424,0.100832000374794,0.09017600119113922,0.003693933520354011,0.07931972038932145,0.08980394341051579,409600,393216,802816,8.702046278626478,1.5739287447026082,2.385109041894655
compile,gqa,32,8,128,32,128,fp16,uniform,strided,permuted,1234,pass,q_maxdiff=9.77e-04 k_maxdiff=4.88e-04 cases=4,uniform[0]|uniform[1]|permuted-requests|strided-qkv,0.030208000913262367,0.036768000572919846,0.028863999992609024,0.003277262680666531,0.0227737904060632,0.028157955966889858,409600,393216,802816,26.576270382974457,4.806818367019115,7.284183600121522
graph_eager,gqa,32,8,128,32,128,fp16,uniform,strided,permuted,1234,pass,q_maxdiff=0.00e+00 k_maxdiff=0.00e+00 cases=4,uniform[0]|uniform[1]|permuted-requests|strided-qkv,0.03385600075125694,0.03564799949526787,0.03296000137925148,0.0008547088351097931,0.03305511083453894,0.038892962038517,409600,393216,802816,23.71266488024858,4.288881450813675,6.499309427049574
graph_compile,gqa,32,8,128,32,128,fp16,uniform,strided,permuted,1234,pass,q_maxdiff=9.77e-04 k_maxdiff=4.88e-04 cases=4,uniform[0]|uniform[1]|permuted-requests|strided-qkv,0.01104000024497509,0.011935999616980553,0.01017600018531084,0.0009543840875697908,0.0063101493287831545,0.011351541616022587,409600,393216,802816,72.71883896609565,13.152569782495272,19.931215576285357
eager,gqa,32,8,128,32,128,fp16,ragged,packed,identity,1234,pass,q_maxdiff=0.00e+00 k_maxdiff=0.00e+00 cases=5,ragged[0]|ragged[1]|uniform|permuted-requests|strided-qkv,0.09126400202512741,0.09980800002813339,0.08806400001049042,0.003252185512331241,0.07898960961028934,0.0908404472284019,409600,393216,802816,8.796633745898667,1.5910366672373313,2.411034142292584
compile,gqa,32,8,128,32,128,fp16,ragged,packed,identity,1234,pass,q_maxdiff=1.95e-03 k_maxdiff=4.88e-04 cases=5,ragged[0]|ragged[1]|uniform|permuted-requests|strided-qkv,0.03081599995493889,0.03657599911093712,0.029343999922275543,0.002612195947726064,0.02323896042071283,0.029048998840153217,409600,393216,802816,26.051921118053237,4.711979940067718,7.140466808365753
graph_eager,gqa,32,8,128,32,128,fp16,ragged,packed,identity,1234,pass,q_maxdiff=0.00e+00 k_maxdiff=0.00e+00 cases=5,ragged[0]|ragged[1]|uniform|permuted-requests|strided-qkv,0.03384000062942505,0.03516799956560135,0.032735999673604965,0.0007673207351554433,0.032850620336830616,0.037830963265150785,409600,393216,802816,23.72387662729308,4.290909306146394,6.502382409931422
graph_compile,gqa,32,8,128,32,128,fp16,ragged,packed,identity,1234,pass,q_maxdiff=1.95e-03 k_maxdiff=4.88e-04 cases=5,ragged[0]|ragged[1]|uniform|permuted-requests|strided-qkv,0.010816000401973724,0.013887999579310417,0.007071999832987785,0.001928329014424048,0.006349930772557855,0.01219799742102623,409600,393216,802816,74.2248493124594,13.424960079911108,20.343991925581683
eager,gqa,32,8,128,32,128,fp16,ragged,packed,permuted,1234,pass,q_maxdiff=0.00e+00 k_maxdiff=0.00e+00 cases=5,ragged[0]|ragged[1]|uniform|permuted-requests|strided-qkv,0.09136000275611877,0.10127999633550644,0.08895999938249588,0.004408006210109256,0.07977148052304983,0.08913199417293072,409600,393216,802816,8.787390277812047,1.5893648121751482,2.4085006371139213
compile,gqa,32,8,128,32,128,fp16,ragged,packed,permuted,1234,pass,q_maxdiff=1.95e-03 k_maxdiff=4.88e-04 cases=5,ragged[0]|ragged[1]|uniform|permuted-requests|strided-qkv,0.030608000233769417,0.03747199848294258,0.026944000273942947,0.002823199083123801,0.023658249992877245,0.028774025849997997,409600,393216,802816,26.22895954876083,4.744000670144978,7.188990563391125
graph_eager,gqa,32,8,128,32,128,fp16,ragged,packed,permuted,1234,pass,q_maxdiff=0.00e+00 k_maxdiff=0.00e+00 cases=5,ragged[0]|ragged[1]|uniform|permuted-requests|strided-qkv,0.03380800038576126,0.03580800071358681,0.032607998698949814,0.000982319473171537,0.032931980676949024,0.03777595702558756,409600,393216,802816,23.74633195810415,4.294970775081827,6.508537101694872
graph_compile,gqa,32,8,128,32,128,fp16,ragged,packed,permuted,1234,pass,q_maxdiff=1.95e-03 k_maxdiff=4.88e-04 cases=5,ragged[0]|ragged[1]|uniform|permuted-requests|strided-qkv,0.011008000001311302,0.011872000060975552,0.008832000195980072,0.0011041066991863118,0.006424470338970423,0.01177698140963912,409600,393216,802816,72.93023254945189,13.190804288108884,19.989155597622624
eager,gqa,32,8,128,32,128,fp16,ragged,strided,identity,1234,pass,q_maxdiff=0.00e+00 k_maxdiff=0.00e+00 cases=5,ragged[0]|ragged[1]|uniform|permuted-requests|strided-qkv,0.09206400066614151,0.10073599964380264,0.08262400329113007,0.0040126933849256655,0.07923456956632435,0.09082001633942127,409600,393216,802816,8.720194584105801,1.5772112070967361,2.390083238320169
compile,gqa,32,8,128,32,128,fp16,ragged,strided,identity,1234,pass,q_maxdiff=1.95e-03 k_maxdiff=2.44e-04 cases=5,ragged[0]|ragged[1]|uniform|permuted-requests|strided-qkv,0.03097599931061268,0.038047999143600464,0.02937600016593933,0.0027745419935156137,0.023486630525439978,0.029029499273747206,409600,393216,802816,25.91735594870534,4.687641298179243,7.10358437958299
graph_eager,gqa,32,8,128,32,128,fp16,ragged,strided,identity,1234,pass,q_maxdiff=0.00e+00 k_maxdiff=0.00e+00 cases=5,ragged[0]|ragged[1]|uniform|permuted-requests|strided-qkv,0.033952001482248306,0.03580800071358681,0.032575998455286026,0.0009564826128304036,0.032961530378088355,0.03879296127706766,409600,393216,802816,23.645616309829325,4.2767544557489305,6.480932352688815
graph_compile,gqa,32,8,128,32,128,fp16,ragged,strided,identity,1234,pass,q_maxdiff=1.95e-03 k_maxdiff=2.44e-04 cases=5,ragged[0]|ragged[1]|uniform|permuted-requests|strided-qkv,0.010816000401973724,0.01152000017464161,0.009983999654650688,0.0011681553524664874,0.006454630056396127,0.012213014997541904,409600,393216,802816,74.2248493124594,13.424960079911108,20.343991925581683
eager,gqa,32,8,128,32,128,fp16,ragged,strided,permuted,1234,pass,q_maxdiff=0.00e+00 k_maxdiff=0.00e+00 cases=5,ragged[0]|ragged[1]|uniform|permuted-requests|strided-qkv,0.09217600151896477,0.10143999755382538,0.09027200192213058,0.003776967939696255,0.07928877021186054,0.0903300242498517,409600,393216,802816,8.709598884421391,1.5752947755162134,2.3871791053940368
compile,gqa,32,8,128,32,128,fp16,ragged,strided,permuted,1234,pass,q_maxdiff=1.95e-03 k_maxdiff=2.44e-04 cases=5,ragged[0]|ragged[1]|uniform|permuted-requests|strided-qkv,0.03046399913728237,0.036159999668598175,0.02921600081026554,0.0028514258543732066,0.022931379498913884,0.028353475499898195,409600,393216,802816,26.352941922766135,4.7664252144458645,7.222972396147167
graph_eager,gqa,32,8,128,32,128,fp16,ragged,strided,permuted,1234,pass,q_maxdiff=0.00e+00 k_maxdiff=0.00e+00 cases=5,ragged[0]|ragged[1]|uniform|permuted-requests|strided-qkv,0.033824000507593155,0.03654399886727333,0.03299200162291527,0.0012819539828635158,0.032790510449558496,0.038557511288672686,409600,393216,802816,23.73509898155825,4.292939079994479,6.505458300103937
graph_compile,gqa,32,8,128,32,128,fp16,ragged,strided,permuted,1234,pass,q_maxdiff=1.95e-03 k_maxdiff=2.44e-04 cases=5,ragged[0]|ragged[1]|uniform|permuted-requests|strided-qkv,0.011008000001311302,0.011648000217974186,0.010143999941647053,0.0005638381950263709,0.006300739478319883,0.010850431863218546,409600,393216,802816,72.93023254945189,13.190804288108884,19.989155597622624
eager,gqa,32,8,128,32,128,fp32,uniform,packed,identity,1234,pass,q_maxdiff=0.00e+00 k_maxdiff=0.00e+00 cases=4,uniform[0]|uniform[1]|permuted-requests|strided-qkv,0.07627199962735176,0.08345600217580795,0.07465600222349167,0.003213656372886747,0.06531702005304396,0.07529649883508682,802816,786432,1589248,20.836584956008977,3.7686883008483427,5.711016189703298
compile,gqa,32,8,128,32,128,fp32,uniform,packed,identity,1234,pass,q_maxdiff=4.77e-07 k_maxdiff=4.77e-07 cases=4,uniform[0]|uniform[1]|permuted-requests|strided-qkv,0.030271999537944794,0.03667199984192848,0.027135999873280525,0.0034374802769724937,0.023061430547386408,0.02827297430485487,802816,786432,1589248,52.49894371886265,9.495421414684149,14.389225401079093
graph_eager,gqa,32,8,128,32,128,fp32,uniform,packed,identity,1234,pass,q_maxdiff=0.00e+00 k_maxdiff=0.00e+00 cases=4,uniform[0]|uniform[1]|permuted-requests|strided-qkv,0.027744000777602196,0.02937600016593933,0.026688000187277794,0.0008870443336697134,0.026767990784719586,0.0316689838655293,802816,786432,1589248,57.28258201618146,10.360632375340947,15.700353679506211
graph_compile,gqa,32,8,128,32,128,fp32,uniform,packed,identity,1234,pass,q_maxdiff=4.77e-07 k_maxdiff=4.77e-07 cases=4,uniform[0]|uniform[1]|permuted-requests|strided-qkv,0.01104000024497509,0.011872000060975552,0.010239999741315842,0.0006581125538791339,0.006270980229601264,0.011446536518633366,802816,786432,1589248,143.9536199941077,26.036719773511045,39.45567165101387
eager,gqa,32,8,128,32,128,fp32,uniform,packed,permuted,1234,pass,q_maxdiff=0.00e+00 k_maxdiff=0.00e+00 cases=4,uniform[0]|uniform[1]|permuted-requests|strided-qkv,0.07577600330114365,0.08601599931716919,0.07443200051784515,0.003817276015174824,0.06447352934628725,0.07502100197598338,802816,786432,1589248,20.972972059295905,3.7933564737581174,5.748397985068655
compile,gqa,32,8,128,32,128,fp32,uniform,packed,permuted,1234,pass,q_maxdiff=4.77e-07 k_maxdiff=4.77e-07 cases=4,uniform[0]|uniform[1]|permuted-requests|strided-qkv,0.031231999397277832,0.03619199991226196,0.0297279991209507,0.002570238377757166,0.022926080273464322,0.028533046133816242,802816,786432,1589248,50.8852468836343,9.203553990301478,13.946933692974385
graph_eager,gqa,32,8,128,32,128,fp32,uniform,packed,permuted,1234,pass,q_maxdiff=0.00e+00 k_maxdiff=0.00e+00 cases=4,uniform[0]|uniform[1]|permuted-requests|strided-qkv,0.027759999968111515,0.029920000582933426,0.026688000187277794,0.0009401042077242535,0.026692659594118595,0.031108444090932608,802816,786432,1589248,57.2495677891067,10.354661131415856,15.69130494211894
graph_compile,gqa,32,8,128,32,128,fp32,uniform,packed,permuted,1234,pass,q_maxdiff=4.77e-07 k_maxdiff=4.77e-07 cases=4,uniform[0]|uniform[1]|permuted-requests|strided-qkv,0.010784000158309937,0.014911999925971031,0.0066559999249875546,0.001747799227398476,0.006311360048130155,0.012222968507558107,802816,786432,1589248,147.3709177178894,26.654802342191175,40.392305109268044
eager,gqa,32,8,128,32,128,fp32,uniform,strided,identity,1234,pass,q_maxdiff=0.00e+00 k_maxdiff=0.00e+00 cases=4,uniform[0]|uniform[1]|permuted-requests|strided-qkv,0.07635200023651123,0.08329600095748901,0.07443200051784515,0.003049824980721961,0.06464496022090316,0.07485545938834548,802816,786432,1589248,20.814752659747974,3.764739519429832,5.705032262986506
compile,gqa,32,8,128,32,128,fp32,uniform,strided,identity,1234,pass,q_maxdiff=4.77e-07 k_maxdiff=4.77e-07 cases=4,uniform[0]|uniform[1]|permuted-requests|strided-qkv,0.030527999624609947,0.03683200106024742,0.0289280004799366,0.002902431648228167,0.023130850167945027,0.028478505555540323,802816,786432,1589248,52.058700849787684,9.415795211363521,14.268560994795784
graph_eager,gqa,32,8,128,32,128,fp32,uniform,strided,identity,1234,pass,q_maxdiff=0.00e+00 k_maxdiff=0.00e+00 cases=4,uniform[0]|uniform[1]|permuted-requests|strided-qkv,0.027728000655770302,0.02937600016593933,0.026496000587940216,0.0009755930497782476,0.026806059759110212,0.03166496753692627,802816,786432,1589248,57.315636267098526,10.36661085833072,15.70941338686826
graph_compile,gqa,32,8,128,32,128,fp32,uniform,strided,identity,1234,pass,q_maxdiff=4.77e-07 k_maxdiff=4.77e-07 cases=4,uniform[0]|uniform[1]|permuted-requests|strided-qkv,0.010847999714314938,0.01206399966031313,0.006271999794989824,0.0013365162536914063,0.0063001306261867285,0.011125404853373766,802816,786432,1589248,146.50147878441044,26.49754795795201,40.15400407118815
eager,gqa,32,8,128,32,128,fp32,uniform,strided,permuted,1234,pass,q_maxdiff=0.00e+00 k_maxdiff=0.00e+00 cases=4,uniform[0]|uniform[1]|permuted-requests|strided-qkv,0.0756320022046566,0.08428800106048584,0.07391999661922455,0.003467007799421914,0.0638623908162117,0.07459003245458007,802816,786432,1589248,21.012903978127806,3.8005789123510985,5.759342764907403
compile,gqa,32,8,128,32,128,fp32,uniform,strided,permuted,1234,pass,q_maxdiff=4.77e-07 k_maxdiff=4.77e-07 cases=4,uniform[0]|uniform[1]|permuted-requests|strided-qkv,0.030479999259114265,0.036607999354600906,0.029343999922275543,0.0030961849044035916,0.02296364982612431,0.028729031328111887,802816,786432,1589248,52.14068368209608,9.430623348586744,14.291031341235925
graph_eager,gqa,32,8,128,32,128,fp32,uniform,strided,permuted,1234,pass,q_maxdiff=0.00e+00 k_maxdiff=0.00e+00 cases=4,uniform[0]|uniform[1]|permuted-requests|strided-qkv,0.02763199992477894,0.029759999364614487,0.026496000587940216,0.0009211810639059729,0.02681899000890553,0.03144401125609875,802816,786432,1589248,57.51476564585704,10.40262715186763,15.763991961444487
graph_compile,gqa,32,8,128,32,128,fp32,uniform,strided,permuted,1234,pass,q_maxdiff=4.77e-07 k_maxdiff=4.77e-07 cases=4,uniform[0]|uniform[1]|permuted-requests|strided-qkv,0.010688000358641148,0.0144640002399683,0.009088000282645226,0.0013863501286015677,0.006288510048761964,0.012222968507558107,802816,786432,1589248,148.6946057889218,26.894216226846666,40.755109475710206
eager,gqa,32,8,128,32,128,fp32,ragged,packed,identity,1234,pass,q_maxdiff=0.00e+00 k_maxdiff=0.00e+00 cases=5,ragged[0]|ragged[1]|uniform|permuted-requests|strided-qkv,0.07631999999284744,0.08224000036716461,0.07487999647855759,0.0025925012933301884,0.06458575022406876,0.0749255414120853,802816,786432,1589248,20.823480085808978,3.7663180385855415,5.707424328271391
compile,gqa,32,8,128,32,128,fp32,ragged,packed,identity,1234,pass,q_maxdiff=4.77e-07 k_maxdiff=4.77e-07 cases=5,ragged[0]|ragged[1]|uniform|permuted-requests|strided-qkv,0.030271999537944794,0.03497600182890892,0.029120000079274178,0.0027780242596467442,0.023109220201149583,0.028999464120715857,802816,786432,1589248,52.49894371886265,9.495421414684149,14.389225401079093
graph_eager,gqa,32,8,128,32,128,fp32,ragged,packed,identity,1234,pass,q_maxdiff=0.00e+00 k_maxdiff=0.00e+00 cases=5,ragged[0]|ragged[1]|uniform|permuted-requests|strided-qkv,0.027823999524116516,0.029503999277949333,0.026528000831604004,0.00093948187678491,0.026696360437199473,0.03055250272154808,802816,786432,1589248,57.11788481819501,10.330843789325316,15.655212483571983
graph_compile,gqa,32,8,128,32,128,fp32,ragged,packed,identity,1234,pass,q_maxdiff=4.77e-07 k_maxdiff=4.77e-07 cases=5,ragged[0]|ragged[1]|uniform|permuted-requests|strided-qkv,0.010816000401973724,0.011615999974310398,0.006591999903321266,0.0012412160706868152,0.006249549333006144,0.011782045476138592,802816,786432,1589248,146.93490578180737,26.575941382681172,40.27280034247802
eager,gqa,32,8,128,32,128,fp32,ragged,packed,permuted,1234,pass,q_maxdiff=0.00e+00 k_maxdiff=0.00e+00 cases=5,ragged[0]|ragged[1]|uniform|permuted-requests|strided-qkv,0.07574400305747986,0.08611200004816055,0.07251200079917908,0.0039019231461044344,0.06431814981624484,0.07414957508444786,802816,786432,1589248,20.981832697619204,3.7949590868570273,5.750826561969442
compile,gqa,32,8,128,32,128,fp32,ragged,packed,permuted,1234,pass,q_maxdiff=4.77e-07 k_maxdiff=4.77e-07 cases=5,ragged[0]|ragged[1]|uniform|permuted-requests|strided-qkv,0.03081599995493889,0.037248000502586365,0.029120000079274178,0.003033734672730996,0.02305560978129506,0.029169488698244095,802816,786432,1589248,51.57217037655437,9.327797024215688,14.13520980431588
graph_eager,gqa,32,8,128,32,128,fp32,ragged,packed,permuted,1234,pass,q_maxdiff=0.00e+00 k_maxdiff=0.00e+00 cases=5,ragged[0]|ragged[1]|uniform|permuted-requests|strided-qkv,0.027807999402284622,0.02937600016593933,0.026367999613285065,0.0010142747452257651,0.026798949111253023,0.031659496016800404,802816,786432,1589248,57.150749214610244,10.336787933557494,15.664220154473357
graph_compile,gqa,32,8,128,32,128,fp32,ragged,packed,permuted,1234,pass,q_maxdiff=4.77e-07 k_maxdiff=4.77e-07 cases=5,ragged[0]|ragged[1]|uniform|permuted-requests|strided-qkv,0.010847999714314938,0.013663999736309052,0.005888000130653381,0.0013636383748344269,0.0063492299523204565,0.012222968507558107,802816,786432,1589248,146.50147878441044,26.49754795795201,40.15400407118815
eager,gqa,32,8,128,32,128,fp32,ragged,strided,identity,1234,pass,q_maxdiff=0.00e+00 k_maxdiff=0.00e+00 cases=5,ragged[0]|ragged[1]|uniform|permuted-requests|strided-qkv,0.07667200267314911,0.08460800349712372,0.07523199915885925,0.0035204616050142227,0.06513528060168028,0.07472047582268715,802816,786432,1589248,20.72787907699406,3.7490267979992966,5.681221430327862
compile,gqa,32,8,128,32,128,fp32,ragged,strided,identity,1234,pass,q_maxdiff=4.77e-07 k_maxdiff=4.77e-07 cases=5,ragged[0]|ragged[1]|uniform|permuted-requests|strided-qkv,0.030719999223947525,0.03654399886727333,0.027904000133275986,0.002571888007883365,0.023174439556896687,0.029394985176622868,802816,786432,1589248,51.7333346402273,9.356946612610393,14.179382672421708
graph_eager,gqa,32,8,128,32,128,fp32,ragged,strided,identity,1234,pass,q_maxdiff=0.00e+00 k_maxdiff=0.00e+00 cases=5,ragged[0]|ragged[1]|uniform|permuted-requests|strided-qkv,0.027871999889612198,0.029920000582933426,0.026367999613285065,0.0012033171726597651,0.02680295961908996,0.031027942895889282,802816,786432,1589248,57.01951802146453,10.313052303973338,15.628251521886416
graph_compile,gqa,32,8,128,32,128,fp32,ragged,strided,identity,1234,pass,q_maxdiff=4.77e-07 k_maxdiff=4.77e-07 cases=5,ragged[0]|ragged[1]|uniform|permuted-requests|strided-qkv,0.011024000123143196,0.012608000077307224,0.010208000428974628,0.0009791918878576393,0.006267579738050699,0.011085998266935349,802816,786432,1589248,144.16255281634275,26.074509204191884,39.51293721218256
eager,gqa,32,8,128,32,128,fp32,ragged,strided,permuted,1234,pass,q_maxdiff=0.00e+00 k_maxdiff=0.00e+00 cases=5,ragged[0]|ragged[1]|uniform|permuted-requests|strided-qkv,0.07638400048017502,0.08409599959850311,0.07446400076150894,0.0033678745823092267,0.06564834038726985,0.07561204256489873,802816,786432,1589248,20.806032546206836,3.76316232288088,5.702642201960927
compile,gqa,32,8,128,32,128,fp32,ragged,strided,permuted,1234,pass,q_maxdiff=4.77e-07 k_maxdiff=4.77e-07 cases=5,ragged[0]|ragged[1]|uniform|permuted-requests|strided-qkv,0.03086400032043457,0.037696000188589096,0.029120000079274178,0.003158791596976649,0.023089679889380932,0.028678448870778084,802816,786432,1589248,51.49196421397727,9.313290231130429,14.113226418172763
graph_eager,gqa,32,8,128,32,128,fp32,ragged,strided,permuted,1234,pass,q_maxdiff=0.00e+00 k_maxdiff=0.00e+00 cases=5,ragged[0]|ragged[1]|uniform|permuted-requests|strided-qkv,0.027744000777602196,0.029184000566601753,0.026559999212622643,0.0009058544390116628,0.026686639757826924,0.03171950811520219,802816,786432,1589248,57.28258201618146,10.360632375340947,15.700353679506211
graph_compile,gqa,32,8,128,32,128,fp32,ragged,strided,permuted,1234,pass,q_maxdiff=4.77e-07 k_maxdiff=4.77e-07 cases=5,ragged[0]|ragged[1]|uniform|permuted-requests|strided-qkv,0.010768000036478043,0.01206399966031313,0.005824000108987093,0.001817034970263357,0.0064926000777632,0.012218020856380463,802816,786432,1589248,147.58989548813238,26.694408590652856,40.45232385003977
eager,gqa,32,8,128,32,2048,bf16,uniform,packed,identity,1234,pass,q_maxdiff=0.00e+00 k_maxdiff=0.00e+00 cases=4,uniform[0]|uniform[1]|permuted-requests|strided-qkv,0.09091199934482574,0.09839999675750732,0.088639996945858,0.003466030961641695,0.07822097046300769,0.08927751332521439,409600,393216,802816,8.830693481450666,1.59719701103531,2.4203694389146144
compile,gqa,32,8,128,32,2048,bf16,uniform,packed,identity,1234,pass,q_maxdiff=0.00e+00 k_maxdiff=9.54e-07 cases=4,uniform[0]|uniform[1]|permuted-requests|strided-qkv,0.030031999573111534,0.035679999738931656,0.028863999992609024,0.0024223711079176175,0.023070049937814474,0.02913398202508688,409600,393216,802816,26.73201955952287,4.83498853505596,7.32687226866672
graph_eager,gqa,32,8,128,32,2048,bf16,uniform,packed,identity,1234,pass,q_maxdiff=0.00e+00 k_maxdiff=0.00e+00 cases=4,uniform[0]|uniform[1]|permuted-requests|strided-qkv,0.033743999898433685,0.03558399900794029,0.032735999673604965,0.0010027947799367684,0.03272458096034825,0.03788596950471401,409600,393216,802816,23.791370389295928,4.303116822482559,6.520881505071822
graph_compile,gqa,32,8,128,32,2048,bf16,uniform,packed,identity,1234,pass,q_maxdiff=0.00e+00 k_maxdiff=9.54e-07 cases=4,uniform[0]|uniform[1]|permuted-requests|strided-qkv,0.011008000001311302,0.011680000461637974,0.01027199998497963,0.0006422874890522436,0.006435989635065198,0.010880525223910809,409600,393216,802816,72.93023254945189,13.190804288108884,19.989155597622624
eager,gqa,32,8,128,32,2048,bf16,uniform,packed,permuted,1234,pass,q_maxdiff=0.00e+00 k_maxdiff=0.00e+00 cases=4,uniform[0]|uniform[1]|permuted-requests|strided-qkv,0.09100800007581711,0.0997759997844696,0.08796799927949905,0.003360996490867193,0.07973970961757004,0.08983397856354713,409600,393216,802816,8.821378333016753,1.5955121912340964,2.417816287156402
compile,gqa,32,8,128,32,2048,bf16,uniform,packed,permuted,1234,pass,q_maxdiff=0.00e+00 k_maxdiff=9.54e-07 cases=4,uniform[0]|uniform[1]|permuted-requests|strided-qkv,0.030640000477433205,0.056384000927209854,0.028960000723600388,0.009280658347178571,0.023099599638953805,0.028333452064543962,409600,393216,802816,26.20156617136104,4.7390460626051505,7.181482422198548
graph_eager,gqa,32,8,128,32,2048,bf16,uniform,packed,permuted,1234,pass,q_maxdiff=0.00e+00 k_maxdiff=0.00e+00 cases=4,uniform[0]|uniform[1]|permuted-requests|strided-qkv,0.03372799977660179,0.03551999852061272,0.03267199918627739,0.0008590057939804027,0.032982269767671824,0.03712950274348259,409600,393216,802816,23.802656704147026,4.305158164805633,6.523974925945386
graph_compile,gqa,32,8,128,32,2048,bf16,uniform,packed,permuted,1234,pass,q_maxdiff=0.00e+00 k_maxdiff=9.54e-07 cases=4,uniform[0]|uniform[1]|permuted-requests|strided-qkv,0.010784000158309937,0.012384000234305859,0.006943999789655209,0.001216792163316543,0.006358249811455607,0.012212956789880991,409600,393216,802816,74.44510276470702,13.464797059457398,20.404360312929217
eager,gqa,32,8,128,32,2048,bf16,uniform,strided,identity,1234,pass,q_maxdiff=0.00e+00 k_maxdiff=0.00e+00 cases=4,uniform[0]|uniform[1]|permuted-requests|strided-qkv,0.09358399733901024,0.10134399682283401,0.09091199934482574,0.004259338614053873,0.07971968036144972,0.09210297139361501,409600,393216,802816,8.578560681606493,1.551594051863306,2.3512633687545885
compile,gqa,32,8,128,32,2048,bf16,uniform,strided,identity,1234,pass,q_maxdiff=0.00e+00 k_maxdiff=9.54e-07 cases=4,uniform[0]|uniform[1]|permuted-requests|strided-qkv,0.030592000111937523,0.03728000074625015,0.026496000587940216,0.0033119753591549297,0.022848231019452214,0.02850848250091076,409600,393216,802816,26.242677728244626,4.746481860927377,7.192750524310374
graph_eager,gqa,32,8,128,32,2048,bf16,uniform,strided,identity,1234,pass,q_maxdiff=0.00e+00 k_maxdiff=0.00e+00 cases=4,uniform[0]|uniform[1]|permuted-requests|strided-qkv,0.033952001482248306,0.035551998764276505,0.03283200040459633,0.0009822557821115966,0.03296504030004144,0.03946898505091667,409600,393216,802816,23.645616309829325,4.2767544557489305,6.480932352688815
graph_compile,gqa,32,8,128,32,2048,bf16,uniform,strided,identity,1234,pass,q_maxdiff=0.00e+00 k_maxdiff=9.54e-07 cases=4,uniform[0]|uniform[1]|permuted-requests|strided-qkv,0.010832000058144331,0.01206399966031313,0.00684799998998642,0.0012175575504598322,0.006226899567991495,0.011296477168798447,409600,393216,802816,74.11521378236894,13.405130432179412,20.313942361863095
eager,gqa,32,8,128,32,2048,bf16,uniform,strided,permuted,1234,pass,q_maxdiff=0.00e+00 k_maxdiff=0.00e+00 cases=4,uniform[0]|uniform[1]|permuted-requests|strided-qkv,0.09375999867916107,0.10550399869680405,0.0859839990735054,0.00414373666157151,0.07975555025041103,0.09176303865388036,409600,393216,802816,8.562457458507115,1.5486814810831755,2.346849700774873
compile,gqa,32,8,128,32,2048,bf16,uniform,strided,permuted,1234,pass,q_maxdiff=0.00e+00 k_maxdiff=9.54e-07 cases=4,uniform[0]|uniform[1]|permuted-requests|strided-qkv,0.03110400028526783,0.03699199855327606,0.029152000322937965,0.0033492559409333865,0.023199189454317093,0.028523558285087347,409600,393216,802816,25.810699351756618,4.668350446536444,7.0743512997285505
graph_eager,gqa,32,8,128,32,2048,bf16,uniform,strided,permuted,1234,pass,q_maxdiff=0.00e+00 k_maxdiff=0.00e+00 cases=4,uniform[0]|uniform[1]|permuted-requests|strided-qkv,0.03403199836611748,0.035711999982595444,0.03267199918627739,0.0008690268650931114,0.032954219495877624,0.03878801362589002,409600,393216,802816,23.590034042763996,4.266701357313368,6.465698031530109
graph_compile,gqa,32,8,128,32,2048,bf16,uniform,strided,permuted,1234,pass,q_maxdiff=0.00e+00 k_maxdiff=9.54e-07 cases=4,uniform[0]|uniform[1]|permuted-requests|strided-qkv,0.01071999967098236,0.012640000320971012,0.007648000027984381,0.00123574779151656,0.0063606491312384605,0.012213014997541904,409600,393216,802816,74.88955453731198,13.54518452214593,20.52617832073847
eager,gqa,32,8,128,32,2048,bf16,ragged,packed,identity,1234,pass,q_maxdiff=0.00e+00 k_maxdiff=0.00e+00 cases=5,ragged[0]|ragged[1]|uniform|permuted-requests|strided-qkv,0.0920800007879734,0.10019200295209885,0.09001599997282028,0.0032636343233052234,0.0791534106247127,0.08991453796625137,409600,393216,802816,8.718679334599397,1.5769371457234491,2.389667929646469
compile,gqa,32,8,128,32,2048,bf16,ragged,packed,identity,1234,pass,q_maxdiff=1.22e-04 k_maxdiff=9.54e-07 cases=5,ragged[0]|ragged[1]|uniform|permuted-requests|strided-qkv,0.03030399978160858,0.03606399893760681,0.02879999950528145,0.0033072487530759636,0.023279240122064948,0.02911500632762909,409600,393216,802816,26.492080444352002,4.79159103310593,7.261108316743843
graph_eager,gqa,32,8,128,32,2048,bf16,ragged,packed,identity,1234,pass,q_maxdiff=0.00e+00 k_maxdiff=0.00e+00 cases=5,ragged[0]|ragged[1]|uniform|permuted-requests|strided-qkv,0.03393600136041641,0.035711999982595444,0.03270399942994118,0.0009596433296269027,0.03297135001048446,0.03769603790715337,409600,393216,802816,23.656764728222214,4.2787708569038685,6.483987978073964
graph_compile,gqa,32,8,128,32,2048,bf16,ragged,packed,identity,1234,pass,q_maxdiff=1.22e-04 k_maxdiff=9.54e-07 cases=5,ragged[0]|ragged[1]|uniform|permuted-requests|strided-qkv,0.010879999957978725,0.011744000017642975,0.009056000038981438,0.001176976001405849,0.006214580498635769,0.011001015082001686,409600,393216,802816,73.78823557910623,13.345990274045523,20.2243222145858
eager,gqa,32,8,128,32,2048,bf16,ragged,packed,permuted,1234,pass,q_maxdiff=0.00e+00 k_maxdiff=0.00e+00 cases=5,ragged[0]|ragged[1]|uniform|permuted-requests|strided-qkv,0.09225600212812424,0.10143999755382538,0.09020800143480301,0.003852151069358124,0.0798864895477891,0.09105040226131678,409600,393216,802816,8.702046278626478,1.5739287447026082,2.385109041894655
compile,gqa,32,8,128,32,2048,bf16,ragged,packed,permuted,1234,pass,q_maxdiff=1.22e-04 k_maxdiff=9.54e-07 cases=5,ragged[0]|ragged[1]|uniform|permuted-requests|strided-qkv,0.030559999868273735,0.03577600046992302,0.028991999104619026,0.0032202687792880357,0.022950820857658982,0.028448470402508974,409600,393216,802816,26.27015718129809,4.751452036868153,7.200282257634423
graph_eager,gqa,32,8,128,32,2048,bf16,ragged,packed,permuted,1234,pass,q_maxdiff=0.00e+00 k_maxdiff=0.00e+00 cases=5,ragged[0]|ragged[1]|uniform|permuted-requests|strided-qkv,0.034015998244285583,0.03551999852061272,0.03254399821162224,0.000818627305797352,0.03287305939011276,0.03788142930716276,409600,393216,802816,23.601130098684276,4.268708287730257,6.468739305094676
graph_compile,gqa,32,8,128,32,2048,bf16,ragged,packed,permuted,1234,pass,q_maxdiff=1.22e-04 k_maxdiff=9.54e-07 cases=5,ragged[0]|ragged[1]|uniform|permuted-requests|strided-qkv,0.010863999836146832,0.012000000104308128,0.0063680000603199005,0.0014427585205130326,0.006356840021908283,0.01219799742102623,409600,393216,802816,73.89690833102381,13.365645785235932,20.25410789428769
eager,gqa,32,8,128,32,2048,bf16,ragged,strided,identity,1234,pass,q_maxdiff=0.00e+00 k_maxdiff=0.00e+00 cases=5,ragged[0]|ragged[1]|uniform|permuted-requests|strided-qkv,0.09379199892282486,0.1035199984908104,0.09238400310277939,0.0036059175176787247,0.08037721971049905,0.0909710070118308,409600,393216,802816,8.559536092845013,1.5481530971557464,2.3460489953508543
compile,gqa,32,8,128,32,2048,bf16,ragged,strided,identity,1234,pass,q_maxdiff=1.22e-04 k_maxdiff=3.91e-03 cases=5,ragged[0]|ragged[1]|uniform|permuted-requests|strided-qkv,0.030432000756263733,0.03705599904060364,0.02816000021994114,0.002875315868431803,0.022963950177654624,0.028548529371619225,409600,393216,802816,26.380651289736793,4.771436974642974,7.2305671456567415
graph_eager,gqa,32,8,128,32,2048,bf16,ragged,strided,identity,1234,pass,q_maxdiff=0.00e+00 k_maxdiff=0.00e+00 cases=5,ragged[0]|ragged[1]|uniform|permuted-requests|strided-qkv,0.034015998244285583,0.03526400029659271,0.03254399821162224,0.0010085574508322621,0.03289400017820299,0.03796652890741825,409600,393216,802816,23.601130098684276,4.268708287730257,6.468739305094676
graph_compile,gqa,32,8,128,32,2048,bf16,ragged,strided,identity,1234,pass,q_maxdiff=1.22e-04 k_maxdiff=3.91e-03 cases=5,ragged[0]|ragged[1]|uniform|permuted-requests|strided-qkv,0.011103999800980091,0.012191999703645706,0.007968000136315823,0.0015370308275011323,0.006215979810804129,0.01171202166005969,409600,393216,802816,72.2997131114087,13.076762988412817,19.81633904797259
eager,gqa,32,8,128,32,2048,bf16,ragged,strided,permuted,1234,pass,q_maxdiff=0.00e+00 k_maxdiff=0.00e+00 cases=5,ragged[0]|ragged[1]|uniform|permuted-requests|strided-qkv,0.0931360013782978,0.10060799866914749,0.09043200314044952,0.003304384938786246,0.07918778923340142,0.09030953515321016,409600,393216,802816,8.619824644813118,1.5590574157356374,2.362573243305619
compile,gqa,32,8,128,32,2048,bf16,ragged,strided,permuted,1234,pass,q_maxdiff=1.22e-04 k_maxdiff=3.91e-03 cases=5,ragged[0]|ragged[1]|uniform|permuted-requests|strided-qkv,0.030271999537944794,0.03759999945759773,0.026655999943614006,0.003676221653713134,0.022980369394645095,0.02857850631698966,409600,393216,802816,26.52008497138423,4.796656178551788,7.268783965493564
graph_eager,gqa,32,8,128,32,2048,bf16,ragged,strided,permuted,1234,pass,q_maxdiff=0.00e+00 k_maxdiff=0.00e+00 cases=5,ragged[0]|ragged[1]|uniform|permuted-requests|strided-qkv,0.0339680016040802,0.03551999852061272,0.03267199918627739,0.0009539120463096947,0.03310741041786969,0.03880297299474478,409600,393216,802816,23.63447839402971,4.274739954185529,6.477879605917431
graph_compile,gqa,32,8,128,32,2048,bf16,ragged,strided,permuted,1234,pass,q_maxdiff=1.22e-04 k_maxdiff=3.91e-03 cases=5,ragged[0]|ragged[1]|uniform|permuted-requests|strided-qkv,0.010591999627649784,0.014944000169634819,0.006591999903321266,0.0018164688095946677,0.006263169925659895,0.01221796264871955,409600,393216,802816,75.79456459801006,13.708872613793565,20.774228906734354
eager,gqa,32,8,128,32,2048,fp16,uniform,packed,identity,1234,pass,q_maxdiff=0.00e+00 k_maxdiff=0.00e+00 cases=4,uniform[0]|uniform[1]|permuted-requests|strided-qkv,0.09332800284028053,0.1019200012087822,0.09091199934482574,0.004133271392272488,0.07929318002425134,0.09255402255803347,409600,393216,802816,8.6020912862983,1.5558500043047028,2.3577127780331306
compile,gqa,32,8,128,32,2048,fp16,uniform,packed,identity,1234,pass,q_maxdiff=4.88e-04 k_maxdiff=4.88e-04 cases=4,uniform[0]|uniform[1]|permuted-requests|strided-qkv,0.03030399978160858,0.03680000081658363,0.02672000043094158,0.0027100855402204024,0.022984580136835575,0.028498528990894556,409600,393216,802816,26.492080444352002,4.79159103310593,7.261108316743843
graph_eager,gqa,32,8,128,32,2048,fp16,uniform,packed,identity,1234,pass,q_maxdiff=0.00e+00 k_maxdiff=0.00e+00 cases=4,uniform[0]|uniform[1]|permuted-requests|strided-qkv,0.033824000507593155,0.03558399900794029,0.032607998698949814,0.0008287275882716359,0.033066829200834036,0.03766606096178293,409600,393216,802816,23.73509898155825,4.292939079994479,6.505458300103937
graph_compile,gqa,32,8,128,32,2048,fp16,uniform,packed,identity,1234,pass,q_maxdiff=4.88e-04 k_maxdiff=4.88e-04 cases=4,uniform[0]|uniform[1]|permuted-requests|strided-qkv,0.010751999914646149,0.015135999768972397,0.007199999876320362,0.0016148125934043482,0.006221390794962645,0.012203061487525702,409600,393216,802816,74.66666725940175,13.504871165689407,20.465088038654738
eager,gqa,32,8,128,32,2048,fp16,uniform,packed,permuted,1234,pass,q_maxdiff=0.00e+00 k_maxdiff=0.00e+00 cases=4,uniform[0]|uniform[1]|permuted-requests|strided-qkv,0.09243199974298477,0.10012800246477127,0.09001599997282028,0.0036404550947115055,0.07919238996692002,0.0908559886738658,409600,393216,802816,8.685476915270684,1.5709318636895573,2.3805676113973924
compile,gqa,32,8,128,32,2048,fp16,uniform,packed,permuted,1234,pass,q_maxdiff=4.88e-04 k_maxdiff=4.88e-04 cases=4,uniform[0]|uniform[1]|permuted-requests|strided-qkv,0.03014400042593479,0.03638400137424469,0.025439999997615814,0.0033246841527509174,0.02279201988130808,0.028308480978012085,409600,393216,802816,26.632696014338116,4.817024003750718,7.299649075625902
graph_eager,gqa,32,8,128,32,2048,fp16,uniform,packed,permuted,1234,pass,q_maxdiff=0.00e+00 k_maxdiff=0.00e+00 cases=4,uniform[0]|uniform[1]|permuted-requests|strided-qkv,0.03392000123858452,0.03551999852061272,0.03267199918627739,0.00086980275154848,0.03284631064161658,0.03786594606935978,409600,393216,802816,23.667923664070642,4.28078916033846,6.487046486146412
graph_compile,gqa,32,8,128,32,2048,fp16,uniform,packed,permuted,1234,pass,q_maxdiff=4.88e-04 k_maxdiff=4.88e-04 cases=4,uniform[0]|uniform[1]|permuted-requests|strided-qkv,0.010991999879479408,0.015456000342965126,0.009279999881982803,0.0015972584277577238,0.006228199927136302,0.011551950592547655,409600,393216,802816,73.03639090269188,13.210005023005584,20.018252115852736
eager,gqa,32,8,128,32,2048,fp16,uniform,strided,identity,1234,pass,q_maxdiff=0.00e+00 k_maxdiff=0.00e+00 cases=4,uniform[0]|uniform[1]|permuted-requests|strided-qkv,0.09326400235295296,0.10358399897813797,0.09167999774217606,0.007959434273801596,0.08555495063774288,0.09299005614593625,409600,393216,802816,8.607994293036908,1.556917674101965,2.359330709528301
compile,gqa,32,8,128,32,2048,fp16,uniform,strided,identity,1234,pass,q_maxdiff=4.88e-04 k_maxdiff=4.88e-04 cases=4,uniform[0]|uniform[1]|permuted-requests|strided-qkv,0.03054399974644184,0.03702399879693985,0.029311999678611755,0.002964027105803757,0.02312575001269579,0.02879905514419079,409600,393216,802816,26.283918500016433,4.753941030192518,7.204054042413841
graph_eager,gqa,32,8,128,32,2048,fp16,uniform,strided,identity,1234,pass,q_maxdiff=0.00e+00 k_maxdiff=0.00e+00 cases=4,uniform[0]|uniform[1]|permuted-requests|strided-qkv,0.03379200026392937,0.03452799841761589,0.03283200040459633,0.0009212507785265671,0.033069930505007505,0.03878300776705146,409600,393216,802816,23.75757557201936,4.297004394137492,6.511618818839792
graph_compile,gqa,32,8,128,32,2048,fp16,uniform,strided,identity,1234,pass,q_maxdiff=4.88e-04 k_maxdiff=4.88e-04 cases=4,uniform[0]|uniform[1]|permuted-requests|strided-qkv,0.010879999957978725,0.013952000066637993,0.0072639998979866505,0.0012489373614999824,0.006368469912558794,0.012237986084073782,409600,393216,802816,73.78823557910623,13.345990274045523,20.2243222145858
eager,gqa,32,8,128,32,2048,fp16,uniform,strided,permuted,1234,pass,q_maxdiff=0.00e+00 k_maxdiff=0.00e+00 cases=4,uniform[0]|uniform[1]|permuted-requests|strided-qkv,0.09283199906349182,0.10016000270843506,0.09084799885749817,0.0034950912706587308,0.08106390945613384,0.08994899690151215,409600,393216,802816,8.64805248296893,1.5641629511984136,2.3703100985075882
compile,gqa,32,8,128,32,2048,fp16,uniform,strided,permuted,1234,pass,q_maxdiff=4.88e-04 k_maxdiff=4.88e-04 cases=4,uniform[0]|uniform[1]|permuted-requests|strided-qkv,0.03062400035560131,0.04668800160288811,0.029184000566601753,0.005351654968955347,0.022869970416650176,0.028168025892227888,409600,393216,802816,26.21525570395183,4.741522072058134,7.185234531405528
graph_eager,gqa,32,8,128,32,2048,fp16,uniform,strided,permuted,1234,pass,q_maxdiff=0.00e+00 k_maxdiff=0.00e+00 cases=4,uniform[0]|uniform[1]|permuted-requests|strided-qkv,0.033904001116752625,0.03561599925160408,0.032575998455286026,0.0009875420614433555,0.033064529998227954,0.0388480257242918,409600,393216,802816,23.679093132264942,4.282809368745904,6.490107880987396
graph_compile,gqa,32,8,128,32,2048,fp16,uniform,strided,permuted,1234,pass,q_maxdiff=4.88e-04 k_maxdiff=4.88e-04 cases=4,uniform[0]|uniform[1]|permuted-requests|strided-qkv,0.010816000401973724,0.011744000017642975,0.008576000109314919,0.0010034203108758692,0.006238420028239489,0.011025520507246256,409600,393216,802816,74.2248493124594,13.424960079911108,20.343991925581683
eager,gqa,32,8,128,32,2048,fp16,ragged,packed,identity,1234,pass,q_maxdiff=0.00e+00 k_maxdiff=0.00e+00 cases=5,ragged[0]|ragged[1]|uniform|permuted-requests|strided-qkv,0.09326400235295296,0.10172799974679947,0.09068799763917923,0.0035542954950661433,0.07932804990559816,0.08999946294352412,409600,393216,802816,8.607994293036908,1.556917674101965,2.359330709528301
compile,gqa,32,8,128,32,2048,fp16,ragged,packed,identity,1234,pass,q_maxdiff=9.77e-04 k_maxdiff=4.88e-04 cases=5,ragged[0]|ragged[1]|uniform|permuted-requests|strided-qkv,0.030704000033438206,0.0382080003619194,0.027264000847935677,0.0033079865430427524,0.023547749733552337,0.028759532142430544,409600,393216,802816,26.146951508783637,4.729167973640726,7.166513307881915
graph_eager,gqa,32,8,128,32,2048,fp16,ragged,packed,identity,1234,pass,q_maxdiff=0.00e+00 k_maxdiff=0.00e+00 cases=5,ragged[0]|ragged[1]|uniform|permuted-requests|strided-qkv,0.0339680016040802,0.03564799949526787,0.032607998698949814,0.0008687303693730146,0.032964940182864666,0.03768602618947625,409600,393216,802816,23.63447839402971,4.274739954185529,6.477879605917431
graph_compile,gqa,32,8,128,32,2048,fp16,ragged,packed,identity,1234,pass,q_maxdiff=9.77e-04 k_maxdiff=4.88e-04 cases=5,ragged[0]|ragged[1]|uniform|permuted-requests|strided-qkv,0.010768000036478043,0.015296000055968761,0.0063680000603199005,0.0019648503344142864,0.008342670043930411,0.012222968507558107,409600,393216,802816,74.5557204012215,13.484804339608141,20.434679058267513
eager,gqa,32,8,128,32,2048,fp16,ragged,packed,permuted,1234,pass,q_maxdiff=0.00e+00 k_maxdiff=0.00e+00 cases=5,ragged[0]|ragged[1]|uniform|permuted-requests|strided-qkv,0.09220800176262856,0.1048320010304451,0.08988799899816513,0.00909104154163066,0.07875847048126161,0.08954352233558893,409600,393216,802816,8.706576269451023,1.5747480787470047,2.38635064895228
compile,gqa,32,8,128,32,2048,fp16,ragged,packed,permuted,1234,pass,q_maxdiff=9.77e-04 k_maxdiff=4.88e-04 cases=5,ragged[0]|ragged[1]|uniform|permuted-requests|strided-qkv,0.03139200061559677,0.03734400123357773,0.029055999591946602,0.0025524147291027146,0.022913450375199318,0.02904451685026288,409600,393216,802816,25.573903677904795,4.625521495073382,7.0094489210578335
graph_eager,gqa,32,8,128,32,2048,fp16,ragged,packed,permuted,1234,pass,q_maxdiff=0.00e+00 k_maxdiff=0.00e+00 cases=5,ragged[0]|ragged[1]|uniform|permuted-requests|strided-qkv,0.03399999998509884,0.03590400144457817,0.032735999673604965,0.000942709142727387,0.03287998028099537,0.03771047340705991,409600,393216,802816,23.612235304466168,4.270716873071717,6.471783086508198
graph_compile,gqa,32,8,128,32,2048,fp16,ragged,packed,permuted,1234,pass,q_maxdiff=9.77e-04 k_maxdiff=4.88e-04 cases=5,ragged[0]|ragged[1]|uniform|permuted-requests|strided-qkv,0.010944000445306301,0.01158399973064661,0.009472000412642956,0.0007017027338988369,0.006321569671854377,0.01153204357251525,409600,393216,802816,73.3567221613477,13.267942956186142,20.106050428681534
eager,gqa,32,8,128,32,2048,fp16,ragged,strided,identity,1234,pass,q_maxdiff=0.00e+00 k_maxdiff=0.00e+00 cases=5,ragged[0]|ragged[1]|uniform|permuted-requests|strided-qkv,0.09292799979448318,0.10220800340175629,0.0907519981265068,0.004157497622200454,0.07960527087561786,0.08999899728223681,409600,393216,802816,8.639118476406296,1.562547068073449,2.3678614123996753
compile,gqa,32,8,128,32,2048,fp16,ragged,strided,identity,1234,pass,q_maxdiff=9.77e-04 k_maxdiff=4.88e-04 cases=5,ragged[0]|ragged[1]|uniform|permuted-requests|strided-qkv,0.030672000721096992,0.038015998899936676,0.02940800040960312,0.002841297903009822,0.022898419992998242,0.028789043426513672,409600,393216,802816,26.174229953242097,4.734101793396362,7.173989947564525
graph_eager,gqa,32,8,128,32,2048,fp16,ragged,strided,identity,1234,pass,q_maxdiff=0.00e+00 k_maxdiff=0.00e+00 cases=5,ragged[0]|ragged[1]|uniform|permuted-requests|strided-qkv,0.033743999898433685,0.03494400158524513,0.032575998455286026,0.0008845490575734631,0.03297816030681133,0.03849697532132268,409600,393216,802816,23.791370389295928,4.303116822482559,6.520881505071822
graph_compile,gqa,32,8,128,32,2048,fp16,ragged,strided,identity,1234,pass,q_maxdiff=9.77e-04 k_maxdiff=4.88e-04 cases=5,ragged[0]|ragged[1]|uniform|permuted-requests|strided-qkv,0.01065600011497736,0.013024000450968742,0.009312000125646591,0.0011089231173861231,0.006212670123204589,0.012208009138703346,409600,393216,802816,75.33933852643409,13.626536416484287,20.649457814435202
eager,gqa,32,8,128,32,2048,fp16,ragged,strided,permuted,1234,pass,q_maxdiff=0.00e+00 k_maxdiff=0.00e+00 cases=5,ragged[0]|ragged[1]|uniform|permuted-requests|strided-qkv,0.09337600320577621,0.10156799852848053,0.09145600348711014,0.003696028607533466,0.080124840606004,0.09007402695715427,409600,393216,802816,8.597669341563101,1.555050212427784,2.3565007848957706
compile,gqa,32,8,128,32,2048,fp16,ragged,strided,permuted,1234,pass,q_maxdiff=9.77e-04 k_maxdiff=4.88e-04 cases=5,ragged[0]|ragged[1]|uniform|permuted-requests|strided-qkv,0.030640000477433205,0.03759999945759773,0.028543999418616295,0.002750623216801341,0.023171030916273594,0.028944399673491716,409600,393216,802816,26.20156617136104,4.7390460626051505,7.181482422198548
graph_eager,gqa,32,8,128,32,2048,fp16,ragged,strided,permuted,1234,pass,q_maxdiff=0.00e+00 k_maxdiff=0.00e+00 cases=5,ragged[0]|ragged[1]|uniform|permuted-requests|strided-qkv,0.03379200026392937,0.03551999852061272,0.032896000891923904,0.0011324470920106098,0.03302735975012183,0.03851205110549927,409600,393216,802816,23.75757557201936,4.297004394137492,6.511618818839792
graph_compile,gqa,32,8,128,32,2048,fp16,ragged,strided,permuted,1234,pass,q_maxdiff=9.77e-04 k_maxdiff=4.88e-04 cases=5,ragged[0]|ragged[1]|uniform|permuted-requests|strided-qkv,0.010928000323474407,0.011935999616980553,0.009440000168979168,0.0009772975431741882,0.006310060853138566,0.010935007594525814,409600,393216,802816,73.46412666876236,13.287369081504018,20.135488500322698
eager,gqa,32,8,128,32,2048,fp32,uniform,packed,identity,1234,pass,q_maxdiff=0.00e+00 k_maxdiff=0.00e+00 cases=4,uniform[0]|uniform[1]|permuted-requests|strided-qkv,0.07583999633789062,0.08432000130414963,0.07443200051784515,0.003600575821412854,0.06398240919224918,0.07351802196353674,802816,786432,1589248,20.955275273477188,3.7901556771871614,5.743547543860088
compile,gqa,32,8,128,32,2048,fp32,uniform,packed,identity,1234,pass,q_maxdiff=4.77e-07 k_maxdiff=4.77e-07 cases=4,uniform[0]|uniform[1]|permuted-requests|strided-qkv,0.03017600066959858,0.057631999254226685,0.0289280004799366,0.009099153570084274,0.02322774031199515,0.028984504751861095,802816,786432,1589248,52.66595853442964,9.52562918543087,14.435001823541658
graph_eager,gqa,32,8,128,32,2048,fp32,uniform,packed,identity,1234,pass,q_maxdiff=0.00e+00 k_maxdiff=0.00e+00 cases=4,uniform[0]|uniform[1]|permuted-requests|strided-qkv,0.027744000777602196,0.029440000653266907,0.02643200010061264,0.0008003374622541485,0.026748660020530224,0.03167451359331608,802816,786432,1589248,57.28258201618146,10.360632375340947,15.700353679506211
graph_compile,gqa,32,8,128,32,2048,fp32,uniform,packed,identity,1234,pass,q_maxdiff=4.77e-07 k_maxdiff=4.77e-07 cases=4,uniform[0]|uniform[1]|permuted-requests|strided-qkv,0.010816000401973724,0.01158399973064661,0.007872000336647034,0.0011745843541991479,0.006323980633169413,0.010975985787808895,802816,786432,1589248,146.93490578180737,26.575941382681172,40.27280034247802
eager,gqa,32,8,128,32,2048,fp32,uniform,packed,permuted,1234,pass,q_maxdiff=0.00e+00 k_maxdiff=0.00e+00 cases=4,uniform[0]|uniform[1]|permuted-requests|strided-qkv,0.07627199962735176,0.08432000130414963,0.07491199672222137,0.004129987832630987,0.06471980013884604,0.07376901339739561,802816,786432,1589248,20.836584956008977,3.7686883008483427,5.711016189703298
compile,gqa,32,8,128,32,2048,fp32,uniform,packed,permuted,1234,pass,q_maxdiff=4.77e-07 k_maxdiff=4.77e-07 cases=4,uniform[0]|uniform[1]|permuted-requests|strided-qkv,0.030447999946773052,0.03612799942493439,0.028960000723600388,0.0025904245529331377,0.023341949563473463,0.02858403604477644,802816,786432,1589248,52.19548091100256,9.44053445810564,14.306050494427128
graph_eager,gqa,32,8,128,32,2048,fp32,uniform,packed,permuted,1234,pass,q_maxdiff=0.00e+00 k_maxdiff=0.00e+00 cases=4,uniform[0]|uniform[1]|permuted-requests|strided-qkv,0.027583999559283257,0.028351999819278717,0.02672000043094158,0.0007962954217238889,0.026678419671952724,0.030762457754462957,802816,786432,1589248,57.61485010846248,10.420729309400361,15.79142371129621
graph_compile,gqa,32,8,128,32,2048,fp32,uniform,packed,permuted,1234,pass,q_maxdiff=4.77e-07 k_maxdiff=4.77e-07 cases=4,uniform[0]|uniform[1]|permuted-requests|strided-qkv,0.01065600011497736,0.011872000060975552,0.007104000076651573,0.0014014977469954356,0.006372169591486454,0.01219799742102623,802816,786432,1589248,149.14113953192057,26.97498025304033,40.87749812245337
eager,gqa,32,8,128,32,2048,fp32,uniform,strided,identity,1234,pass,q_maxdiff=0.00e+00 k_maxdiff=0.00e+00 cases=4,uniform[0]|uniform[1]|permuted-requests|strided-qkv,0.07614399865269661,0.08441600203514099,0.0748480036854744,0.0034126198066695922,0.06456139963120222,0.0758029636926949,802816,786432,1589248,20.871612052432152,3.7750236100547885,5.720616626395461
compile,gqa,32,8,128,32,2048,fp32,uniform,strided,identity,1234,pass,q_maxdiff=4.77e-07 k_maxdiff=4.77e-07 cases=4,uniform[0]|uniform[1]|permuted-requests|strided-qkv,0.03014400042593479,0.03993599861860275,0.028896000236272812,0.0042110767222145575,0.02292797900736332,0.028694048523902893,802816,786432,1589248,52.72186762022035,9.535741395179993,14.45032572113699
graph_eager,gqa,32,8,128,32,2048,fp32,uniform,strided,identity,1234,pass,q_maxdiff=0.00e+00 k_maxdiff=0.00e+00 cases=4,uniform[0]|uniform[1]|permuted-requests|strided-qkv,0.027728000655770302,0.030400000512599945,0.026399999856948853,0.001396409618379617,0.026725010247901082,0.031730043701827526,802816,786432,1589248,57.315636267098526,10.36661085833072,15.70941338686826
graph_compile,gqa,32,8,128,32,2048,fp32,uniform,strided,identity,1234,pass,q_maxdiff=4.77e-07 k_maxdiff=4.77e-07 cases=4,uniform[0]|uniform[1]|permuted-requests|strided-qkv,0.010975999757647514,0.011711999773979187,0.009472000412642956,0.000615137174260495,0.0064821692649275064,0.010990479495376348,802816,786432,1589248,144.7930061125132,26.188538540886217,39.68573563327137
eager,gqa,32,8,128,32,2048,fp32,uniform,strided,permuted,1234,pass,q_maxdiff=0.00e+00 k_maxdiff=0.00e+00 cases=4,uniform[0]|uniform[1]|permuted-requests|strided-qkv,0.07596799731254578,0.08691199868917465,0.07260800153017044,0.009546490925714884,0.06601132918149233,0.07284199818968773,802816,786432,1589248,20.91996704166825,3.7837695193583754,5.73387005189505
compile,gqa,32,8,128,32,2048,fp32,uniform,strided,permuted,1234,pass,q_maxdiff=4.77e-07 k_maxdiff=4.77e-07 cases=4,uniform[0]|uniform[1]|permuted-requests|strided-qkv,0.030352000147104263,0.03791999816894531,0.029152000322937965,0.0031085805485834366,0.022970360005274415,0.029239978175610304,802816,786432,1589248,52.36056906620773,9.470393756087716,14.351298846260956
graph_eager,gqa,32,8,128,32,2048,fp32,uniform,strided,permuted,1234,pass,q_maxdiff=0.00e+00 k_maxdiff=0.00e+00 cases=4,uniform[0]|uniform[1]|permuted-requests|strided-qkv,0.02768000029027462,0.02864000014960766,0.026528000831604004,0.000763171588025822,0.02680285950191319,0.030843017157167196,802816,786432,1589248,57.415028299634194,10.38458777686154,15.736655351333027
graph_compile,gqa,32,8,128,32,2048,fp32,uniform,strided,permuted,1234,pass,q_maxdiff=4.77e-07 k_maxdiff=4.77e-07 cases=4,uniform[0]|uniform[1]|permuted-requests|strided-qkv,0.010912000201642513,0.011935999616980553,0.00684799998998642,0.0016115157593815607,0.006320370594039559,0.012197007890790701,802816,786432,1589248,145.6422260476847,26.342135938985994,39.91849492701468
eager,gqa,32,8,128,32,2048,fp32,ragged,packed,identity,1234,pass,q_maxdiff=0.00e+00 k_maxdiff=0.00e+00 cases=5,ragged[0]|ragged[1]|uniform|permuted-requests|strided-qkv,0.07627199962735176,0.08342400193214417,0.07468800246715546,0.0029245290461085913,0.06402719998732209,0.0742439879104495,802816,786432,1589248,20.836584956008977,3.7686883008483427,5.711016189703298
compile,gqa,32,8,128,32,2048,fp32,ragged,packed,identity,1234,pass,q_maxdiff=4.77e-07 k_maxdiff=2.38e-07 cases=5,ragged[0]|ragged[1]|uniform|permuted-requests|strided-qkv,0.030991999432444572,0.03872000053524971,0.0297279991209507,0.0035289443611677958,0.023144290316849947,0.029085087589919567,802816,786432,1589248,51.279298822400754,9.274825695078967,14.054937812009744
graph_eager,gqa,32,8,128,32,2048,fp32,ragged,packed,identity,1234,pass,q_maxdiff=0.00e+00 k_maxdiff=0.00e+00 cases=5,ragged[0]|ragged[1]|uniform|permuted-requests|strided-qkv,0.027904000133275986,0.030271999537944794,0.026335999369621277,0.001111417450186244,0.02670407062396407,0.03078801091760397,802816,786432,1589248,56.95412816834083,10.301225319130008,15.610329078711578
graph_compile,gqa,32,8,128,32,2048,fp32,ragged,packed,identity,1234,pass,q_maxdiff=4.77e-07 k_maxdiff=2.38e-07 cases=5,ragged[0]|ragged[1]|uniform|permuted-requests|strided-qkv,0.011103999800980091,0.013311999849975109,0.010048000141978264,0.0008294777813773823,0.006328789750114083,0.0111259869299829,802816,786432,1589248,143.123921873605,25.8866532627764,39.2282630133335
eager,gqa,32,8,128,32,2048,fp32,ragged,packed,permuted,1234,pass,q_maxdiff=0.00e+00 k_maxdiff=0.00e+00 cases=5,ragged[0]|ragged[1]|uniform|permuted-requests|strided-qkv,0.0761599987745285,0.0835840031504631,0.07385600358247757,0.003208823992467453,0.06451160996221006,0.07416447624564171,802816,786432,1589248,20.867227226525632,3.7742305318161984,5.7194148070093185
compile,gqa,32,8,128,32,2048,fp32,ragged,packed,permuted,1234,pass,q_maxdiff=4.77e-07 k_maxdiff=2.38e-07 cases=5,ragged[0]|ragged[1]|uniform|permuted-requests|strided-qkv,0.031247999519109726,0.03846399858593941,0.02937600016593933,0.0030330250069807753,0.02314849989488721,0.028729031328111887,802816,786432,1589248,50.859191770919445,9.198841433101098,13.939792351394022
graph_eager,gqa,32,8,128,32,2048,fp32,ragged,packed,permuted,1234,pass,q_maxdiff=0.00e+00 k_maxdiff=0.00e+00 cases=5,ragged[0]|ragged[1]|uniform|permuted-requests|strided-qkv,0.027728000655770302,0.028960000723600388,0.026528000831604004,0.0008398080619574082,0.026763679925352335,0.031679519452154636,802816,786432,1589248,57.315636267098526,10.36661085833072,15.70941338686826
graph_compile,gqa,32,8,128,32,2048,fp32,ragged,packed,permuted,1234,pass,q_maxdiff=4.77e-07 k_maxdiff=2.38e-07 cases=5,ragged[0]|ragged[1]|uniform|permuted-requests|strided-qkv,0.010751999914646149,0.014976000413298607,0.007424000184983015,0.001419853177339079,0.00641264021396637,0.0122225028462708,802816,786432,1589248,147.80952498289733,26.734132715752498,40.512521219377746
eager,gqa,32,8,128,32,2048,fp32,ragged,strided,identity,1234,pass,q_maxdiff=0.00e+00 k_maxdiff=0.00e+00 cases=5,ragged[0]|ragged[1]|uniform|permuted-requests|strided-qkv,0.07659200206398964,0.08560000360012054,0.07478400319814682,0.0036411355602207905,0.06434849929064512,0.07410900434479117,802816,786432,1589248,20.74952941786592,3.752942669363314,5.687155485620168
compile,gqa,32,8,128,32,2048,fp32,ragged,strided,identity,1234,pass,q_maxdiff=4.77e-07 k_maxdiff=4.77e-07 cases=5,ragged[0]|ragged[1]|uniform|permuted-requests|strided-qkv,0.030688000842928886,0.03622400015592575,0.028991999104619026,0.0025577803465922757,0.02369701978750527,0.029586022719740868,802816,786432,1589248,51.78727699253807,9.366703101617736,14.194167515907715
graph_eager,gqa,32,8,128,32,2048,fp32,ragged,strided,identity,1234,pass,q_maxdiff=0.00e+00 k_maxdiff=0.00e+00 cases=5,ragged[0]|ragged[1]|uniform|permuted-requests|strided-qkv,0.027615999802947044,0.0307839997112751,0.026528000831604004,0.0014830605617502713,0.02671779948286712,0.0312034972012043,802816,786432,1589248,57.54808847552219,10.408654212375643,15.773125282480835
graph_compile,gqa,32,8,128,32,2048,fp32,ragged,strided,identity,1234,pass,q_maxdiff=4.77e-07 k_maxdiff=4.77e-07 cases=5,ragged[0]|ragged[1]|uniform|permuted-requests|strided-qkv,0.010816000401973724,0.013791999779641628,0.00902399979531765,0.0011515612568488802,0.0063757807947695255,0.011080468539148569,802816,786432,1589248,146.93490578180737,26.575941382681172,40.27280034247802
eager,gqa,32,8,128,32,2048,fp32,ragged,strided,permuted,1234,pass,q_maxdiff=0.00e+00 k_maxdiff=0.00e+00 cases=5,ragged[0]|ragged[1]|uniform|permuted-requests|strided-qkv,0.0769599974155426,0.08393599838018417,0.07487999647855759,0.003307935465379922,0.06470105960033834,0.07421447662636638,802816,786432,1589248,20.65031254378707,3.7349974315339325,5.659961529635906
compile,gqa,32,8,128,32,2048,fp32,ragged,strided,permuted,1234,pass,q_maxdiff=4.77e-07 k_maxdiff=4.77e-07 cases=5,ragged[0]|ragged[1]|uniform|permuted-requests|strided-qkv,0.03017600066959858,0.03484800085425377,0.029152000322937965,0.0024166866966204774,0.022964839590713382,0.028544047381728888,802816,786432,1589248,52.66595853442964,9.52562918543087,14.435001823541658
graph_eager,gqa,32,8,128,32,2048,fp32,ragged,strided,permuted,1234,pass,q_maxdiff=0.00e+00 k_maxdiff=0.00e+00 cases=5,ragged[0]|ragged[1]|uniform|permuted-requests|strided-qkv,0.027615999802947044,0.029023999348282814,0.026399999856948853,0.0010074704906546268,0.026749360840767622,0.03171002026647329,802816,786432,1589248,57.54808847552219,10.408654212375643,15.773125282480835
graph_compile,gqa,32,8,128,32,2048,fp32,ragged,strided,permuted,1234,pass,q_maxdiff=4.77e-07 k_maxdiff=4.77e-07 cases=5,ragged[0]|ragged[1]|uniform|permuted-requests|strided-qkv,0.010944000445306301,0.011807999573647976,0.009759999811649323,0.0009295330908307014,0.0062266003806144,0.012232980225235224,802816,786432,1589248,145.21636836021892,26.26511156632767,39.80177329759405
eager,gqa,32,8,128,128,128,bf16,uniform,packed,identity,1234,pass,q_maxdiff=0.00e+00 k_maxdiff=0.00e+00 cases=4,uniform[0]|uniform[1]|permuted-requests|strided-qkv,0.09145600348711014,0.09894400089979172,0.08883199840784073,0.003415120834003405,0.07828018045984209,0.08963298751041293,1638400,1572864,3211264,35.11266486133518,6.350785867928941,9.623889802963207
compile,gqa,32,8,128,128,128,bf16,uniform,packed,identity,1234,pass,q_maxdiff=1.56e-02 k_maxdiff=3.91e-03 cases=4,uniform[0]|uniform[1]|permuted-requests|strided-qkv,0.030832000076770782,0.03670400008559227,0.029888000339269638,0.0027101733659501697,0.022826490458101034,0.028427981305867434,1638400,1572864,3211264,104.15360638310996,18.838138720711612,28.5470451864228
graph_eager,gqa,32,8,128,128,128,bf16,uniform,packed,identity,1234,pass,q_maxdiff=0.00e+00 k_maxdiff=0.00e+00 cases=4,uniform[0]|uniform[1]|permuted-requests|strided-qkv,0.046160001307725906,0.047968000173568726,0.045471999794244766,0.0009843347730163663,0.04523618961684406,0.04962796811014414,1638400,1572864,3211264,69.56810894765991,12.582700997150669,19.067644593676643
graph_compile,gqa,32,8,128,128,128,bf16,uniform,packed,identity,1234,pass,q_maxdiff=1.56e-02 k_maxdiff=3.91e-03 cases=4,uniform[0]|uniform[1]|permuted-requests|strided-qkv,0.010751999914646149,0.013183999806642532,0.009535999968647957,0.001070431834880575,0.006524760974571109,0.013225013390183449,1638400,1572864,3211264,298.666669037607,54.01948466275763,81.86035215461895
eager,gqa,32,8,128,128,128,bf16,ragged,packed,identity,1234,pass,q_maxdiff=0.00e+00 k_maxdiff=0.00e+00 cases=5,ragged[0]|ragged[1]|uniform|permuted-requests|strided-qkv,0.09059199690818787,0.1082879975438118,0.08828800171613693,0.012301627991253712,0.07796067977324128,0.08826598059386015,1638400,1572864,3211264,35.4475462468778,6.411355465227676,9.71567610184577
compile,gqa,32,8,128,128,128,bf16,ragged,packed,identity,1234,pass,q_maxdiff=1.56e-02 k_maxdiff=3.91e-03 cases=5,ragged[0]|ragged[1]|uniform|permuted-requests|strided-qkv,0.03041600063443184,0.05923200026154518,0.02844800055027008,0.010190608150150793,0.022639340022578835,0.02822797978296876,1638400,1572864,3211264,105.5781145784417,19.095787821154104,28.9374829372865
graph_eager,gqa,32,8,128,128,128,bf16,ragged,packed,identity,1234,pass,q_maxdiff=0.00e+00 k_maxdiff=0.00e+00 cases=5,ragged[0]|ragged[1]|uniform|permuted-requests|strided-qkv,0.04612800106406212,0.047775998711586,0.04508800059556961,0.0005906816542476731,0.04498461959883571,0.0495180138386786,1638400,1572864,3211264,69.61637022901182,12.591429957620866,19.08087233515724
graph_compile,gqa,32,8,128,128,128,bf16,ragged,packed,identity,1234,pass,q_maxdiff=1.56e-02 k_maxdiff=3.91e-03 cases=5,ragged[0]|ragged[1]|uniform|permuted-requests|strided-qkv,0.011071999557316303,0.01206399966031313,0.010143999941647053,0.000861024493741726,0.006431379588320851,0.012257951311767101,1638400,1572864,3211264,290.0346936771704,52.458229561560884,79.49444857029111
eager,gqa,32,8,128,128,128,fp16,uniform,packed,identity,1234,pass,q_maxdiff=0.00e+00 k_maxdiff=0.00e+00 cases=4,uniform[0]|uniform[1]|permuted-requests|strided-qkv,0.0923680029809475,0.10326399654150009,0.0872960016131401,0.0047582154937220065,0.07913799025118351,0.09084603516384959,1638400,1572864,3211264,34.76597843803528,6.288081107512983,9.528867908521475
compile,gqa,32,8,128,128,128,fp16,uniform,packed,identity,1234,pass,q_maxdiff=9.77e-04 k_maxdiff=9.77e-04 cases=4,uniform[0]|uniform[1]|permuted-requests|strided-qkv,0.02985600009560585,0.034912001341581345,0.02828799933195114,0.0022919893839960476,0.022991999285295606,0.02803694223985076,1638400,1572864,3211264,107.55841337475839,19.453962105549518,29.480255109890198
graph_eager,gqa,32,8,128,128,128,fp16,uniform,packed,identity,1234,pass,q_maxdiff=0.00e+00 k_maxdiff=0.00e+00 cases=4,uniform[0]|uniform[1]|permuted-requests|strided-qkv,0.04601600021123886,0.047807998955249786,0.043616000562906265,0.00112625182611234,0.04469456966035068,0.05007407162338495,1638400,1572864,3211264,69.78581330968629,12.622076925785072,19.127314311086028
graph_compile,gqa,32,8,128,128,128,fp16,uniform,packed,identity,1234,pass,q_maxdiff=9.77e-04 k_maxdiff=9.77e-04 cases=4,uniform[0]|uniform[1]|permuted-requests|strided-qkv,0.011087999679148197,0.012799999676644802,0.010143999941647053,0.000865519267549336,0.008212629472836852,0.013224547728896141,1638400,1572864,3211264,289.6161699967416,52.38253168201919,79.37973708951105
eager,gqa,32,8,128,128,128,fp16,ragged,packed,identity,1234,pass,q_maxdiff=0.00e+00 k_maxdiff=0.00e+00 cases=5,ragged[0]|ragged[1]|uniform|permuted-requests|strided-qkv,0.09214400127530098,0.09987200051546097,0.09001599997282028,0.00451809224607416,0.07887039100751281,0.09030004730448127,1638400,1572864,3211264,34.85049439524147,6.30336740801906,9.552032549028151
compile,gqa,32,8,128,128,128,fp16,ragged,packed,identity,1234,pass,q_maxdiff=1.95e-03 k_maxdiff=1.95e-03 cases=5,ragged[0]|ragged[1]|uniform|permuted-requests|strided-qkv,0.03129599988460541,0.037248000502586365,0.02812799997627735,0.003319313169738792,0.023337550228461623,0.029004469979554415,1638400,1572864,3211264,102.60940733130658,18.558841277632574,28.123801847670673
graph_eager,gqa,32,8,128,128,128,fp16,ragged,packed,identity,1234,pass,q_maxdiff=0.00e+00 k_maxdiff=0.00e+00 cases=5,ragged[0]|ragged[1]|uniform|permuted-requests|strided-qkv,0.04609600082039833,0.04678399860858917,0.04364800080657005,0.0008449824776677167,0.0447875598911196,0.05009898450225592,1638400,1572864,3211264,69.66469851716413,12.600171037531233,19.094118442263618
graph_compile,gqa,32,8,128,128,128,fp16,ragged,packed,identity,1234,pass,q_maxdiff=1.95e-03 k_maxdiff=1.95e-03 cases=5,ragged[0]|ragged[1]|uniform|permuted-requests|strided-qkv,0.01071999967098236,0.013439999893307686,0.00800000037997961,0.0013285256975881148,0.008398679783567786,0.013300043065100908,1638400,1572864,3211264,299.5582181492479,54.18073808858372,82.10471328295388
eager,gqa,32,8,128,128,128,fp32,uniform,packed,identity,1234,pass,q_maxdiff=0.00e+00 k_maxdiff=0.00e+00 cases=4,uniform[0]|uniform[1]|permuted-requests|strided-qkv,0.076688002794981,0.08409599959850311,0.07420799881219864,0.002923383265541732,0.06429550005123019,0.0743395066820085,3211264,3145728,6356992,82.89421771740346,14.992978416526041,22.720144419844402
compile,gqa,32,8,128,128,128,fp32,uniform,packed,identity,1234,pass,q_maxdiff=4.77e-07 k_maxdiff=4.77e-07 cases=4,uniform[0]|uniform[1]|permuted-requests|strided-qkv,0.031488001346588135,0.038943998515605927,0.029791999608278275,0.002900747390420513,0.02380763995461166,0.029320537578314543,3211264,3145728,6356992,201.88617022810212,36.514911126178006,55.33417251838985
graph_eager,gqa,32,8,128,128,128,fp32,uniform,packed,identity,1234,pass,q_maxdiff=0.00e+00 k_maxdiff=0.00e+00 cases=4,uniform[0]|uniform[1]|permuted-requests|strided-qkv,0.036079999059438705,0.03852799907326698,0.0350399985909462,0.001057189880058041,0.035109269665554166,0.041482970118522644,3211264,3145728,6356992,176.19157887247727,31.867560994596264,48.291644794696545
graph_compile,gqa,32,8,128,128,128,fp32,uniform,packed,identity,1234,pass,q_maxdiff=4.77e-07 k_maxdiff=4.77e-07 cases=4,uniform[0]|uniform[1]|permuted-requests|strided-qkv,0.010928000323474407,0.012927999719977379,0.009920000098645687,0.0009600546755903313,0.008254910353571177,0.014281424228101969,3211264,3145728,6356992,581.715941785302,105.21426946170529,159.44019465561647
eager,gqa,32,8,128,128,128,fp32,ragged,packed,identity,1234,pass,q_maxdiff=0.00e+00 k_maxdiff=0.00e+00 cases=5,ragged[0]|ragged[1]|uniform|permuted-requests|strided-qkv,0.07662400230765343,0.08502399921417236,0.07407999783754349,0.0033596705321050123,0.06439919932745397,0.07549702422693372,3211264,3145728,6356992,82.96345542583393,15.005501358375215,22.73912150628247
compile,gqa,32,8,128,128,128,fp32,ragged,packed,identity,1234,pass,q_maxdiff=4.77e-07 k_maxdiff=4.77e-07 cases=5,ragged[0]|ragged[1]|uniform|permuted-requests|strided-qkv,0.03129599988460541,0.03903999924659729,0.029440000653266907,0.003070138026802416,0.023779470939189196,0.028799986466765404,3211264,3145728,6356992,203.12474512523957,36.738930692456314,55.67364855559297
graph_eager,gqa,32,8,128,128,128,fp32,ragged,packed,identity,1234,pass,q_maxdiff=0.00e+00 k_maxdiff=0.00e+00 cases=5,ragged[0]|ragged[1]|uniform|permuted-requests|strided-qkv,0.03577600046992302,0.037567999213933945,0.034752000123262405,0.0007582833589164154,0.03516236902214587,0.040435988921672106,3211264,3145728,6356992,177.6887275408088,32.13834849086228,48.701992282122426
graph_compile,gqa,32,8,128,128,128,fp32,ragged,packed,identity,1234,pass,q_maxdiff=4.77e-07 k_maxdiff=4.77e-07 cases=5,ragged[0]|ragged[1]|uniform|permuted-requests|strided-qkv,0.011119999922811985,0.013088000006973743,0.010208000428974628,0.00138090358645452,0.008283361094072461,0.013180018868297338,3211264,3145728,6356992,571.6719464142286,103.39762398315612,156.6872761569945
eager,gqa,32,8,128,128,2048,bf16,uniform,packed,identity,1234,pass,q_maxdiff=0.00e+00 k_maxdiff=0.00e+00 cases=4,uniform[0]|uniform[1]|permuted-requests|strided-qkv,0.09190399944782257,0.09916800260543823,0.08915200084447861,0.003779485293140318,0.07862051948904991,0.08889706805348396,1638400,1572864,3211264,34.94150438820846,6.3198282770376215,9.576977113809598
compile,gqa,32,8,128,128,2048,bf16,uniform,packed,identity,1234,pass,q_maxdiff=7.81e-03 k_maxdiff=7.81e-03 cases=4,uniform[0]|uniform[1]|permuted-requests|strided-qkv,0.03081599995493889,0.03606399893760681,0.029279999434947968,0.0022455701610449015,0.023036079946905375,0.02869399031624198,1638400,1572864,3211264,104.20768447221295,18.847919760270873,28.561867233463012
graph_eager,gqa,32,8,128,128,2048,bf16,uniform,packed,identity,1234,pass,q_maxdiff=0.00e+00 k_maxdiff=0.00e+00 cases=4,uniform[0]|uniform[1]|permuted-requests|strided-qkv,0.04598399996757507,0.047839999198913574,0.04307200014591217,0.0014179190648120163,0.044600400142371655,0.05010899621993303,1638400,1572864,3211264,69.83437722391211,12.630860623102683,19.140625000000004
graph_compile,gqa,32,8,128,128,2048,bf16,uniform,packed,identity,1234,pass,q_maxdiff=7.81e-03 k_maxdiff=7.81e-03 cases=4,uniform[0]|uniform[1]|permuted-requests|strided-qkv,0.011168000288307667,0.012128000147640705,0.009727999567985535,0.0008325428252134239,0.006543300114572048,0.012207543477416039,1638400,1572864,3211264,287.5415398549041,52.007295799525146,78.81111001589535
eager,gqa,32,8,128,128,2048,bf16,ragged,packed,identity,1234,pass,q_maxdiff=0.00e+00 k_maxdiff=0.00e+00 cases=5,ragged[0]|ragged[1]|uniform|permuted-requests|strided-qkv,0.09206400066614151,0.10169599950313568,0.08835200220346451,0.0046680342791834434,0.07786920061334968,0.08982350118458271,1638400,1572864,3211264,34.880778336423205,6.3088448283869445,9.560332953280676
compile,gqa,32,8,128,128,2048,bf16,ragged,packed,identity,1234,pass,q_maxdiff=1.56e-02 k_maxdiff=7.81e-03 cases=5,ragged[0]|ragged[1]|uniform|permuted-requests|strided-qkv,0.031247999519109726,0.0379519984126091,0.029632000252604485,0.0030431014716522085,0.023234550608322024,0.028523500077426434,1638400,1572864,3211264,102.76702667113618,18.58734969987438,28.167003101785856
graph_eager,gqa,32,8,128,128,2048,bf16,ragged,packed,identity,1234,pass,q_maxdiff=0.00e+00 k_maxdiff=0.00e+00 cases=5,ragged[0]|ragged[1]|uniform|permuted-requests|strided-qkv,0.04601600021123886,0.047200001776218414,0.04419200122356415,0.0008405209827492182,0.04505415097810328,0.05007407162338495,1638400,1572864,3211264,69.78581330968629,12.622076925785072,19.127314311086028
graph_compile,gqa,32,8,128,128,2048,bf16,ragged,packed,identity,1234,pass,q_maxdiff=1.56e-02 k_maxdiff=7.81e-03 cases=5,ragged[0]|ragged[1]|uniform|permuted-requests|strided-qkv,0.010688000358641148,0.011935999616980553,0.008671999908983707,0.0015297326539574344,0.006532269762828946,0.013169017620384693,1638400,1572864,3211264,300.4550797384399,54.34295237589635,82.35053048700206
eager,gqa,32,8,128,128,2048,fp16,uniform,packed,identity,1234,pass,q_maxdiff=0.00e+00 k_maxdiff=0.00e+00 cases=4,uniform[0]|uniform[1]|permuted-requests|strided-qkv,0.09198400005698204,0.10131199657917023,0.08956799656152725,0.003985574341311338,0.07828729110769928,0.08935801452025771,1638400,1572864,3211264,34.911114954891,6.31433177643281,9.568647795639738
compile,gqa,32,8,128,128,2048,fp16,uniform,packed,identity,1234,pass,q_maxdiff=9.77e-04 k_maxdiff=9.77e-04 cases=4,uniform[0]|uniform[1]|permuted-requests|strided-qkv,0.030511999502778053,0.03702399879693985,0.029279999434947968,0.0026360763121810247,0.023118729004636407,0.029020069632679224,1638400,1572864,3211264,105.2459377402527,19.03570739211361,28.846437916965417
graph_eager,gqa,32,8,128,128,2048,fp16,uniform,packed,identity,1234,pass,q_maxdiff=0.00e+00 k_maxdiff=0.00e+00 cases=4,uniform[0]|uniform[1]|permuted-requests|strided-qkv,0.045951999723911285,0.04678399860858917,0.043136000633239746,0.00123136793013186,0.044305649353191257,0.049212947487831116,1638400,1572864,3211264,69.88300877641691,12.639656554075243,19.153954227619195
graph_compile,gqa,32,8,128,128,2048,fp16,uniform,packed,identity,1234,pass,q_maxdiff=9.77e-04 k_maxdiff=9.77e-04 cases=4,uniform[0]|uniform[1]|permuted-requests|strided-qkv,0.010879999957978725,0.014976000413298607,0.00800000037997961,0.0018562641246254216,0.006288810400292277,0.013039505574852228,1638400,1572864,3211264,295.1529423164249,53.38396109618209,80.8972888583432
eager,gqa,32,8,128,128,2048,fp16,ragged,packed,identity,1234,pass,q_maxdiff=0.00e+00 k_maxdiff=0.00e+00 cases=5,ragged[0]|ragged[1]|uniform|permuted-requests|strided-qkv,0.09267199784517288,0.10096000134944916,0.09052799642086029,0.003941295189783425,0.07850549998693168,0.08856598287820816,1638400,1572864,3211264,34.651934507390884,6.2674541176242995,9.497610063935971
compile,gqa,32,8,128,128,2048,fp16,ragged,packed,identity,1234,pass,q_maxdiff=9.77e-04 k_maxdiff=1.95e-03 cases=5,ragged[0]|ragged[1]|uniform|permuted-requests|strided-qkv,0.031120000407099724,0.03702399879693985,0.029888000339269638,0.003182255613454726,0.02337020938284695,0.029445509426295757,1638400,1572864,3211264,103.18971587376271,18.663800992454075,28.282856293876087
graph_eager,gqa,32,8,128,128,2048,fp16,ragged,packed,identity,1234,pass,q_maxdiff=0.00e+00 k_maxdiff=0.00e+00 cases=5,ragged[0]|ragged[1]|uniform|permuted-requests|strided-qkv,0.04583999887108803,0.04761600121855736,0.04287999868392944,0.0014044188437080027,0.04403403960168362,0.05006400169804692,1638400,1572864,3211264,70.05375390673039,12.670539022406677,19.20075307712318
graph_compile,gqa,32,8,128,128,2048,fp16,ragged,packed,identity,1234,pass,q_maxdiff=9.77e-04 k_maxdiff=1.95e-03 cases=5,ragged[0]|ragged[1]|uniform|permuted-requests|strided-qkv,0.010816000401973724,0.013887999579310417,0.008608000352978706,0.0013767772213986779,0.0064404006116092205,0.012268021237105131,1638400,1572864,3211264,296.8993972498376,53.69984031964443,81.37596770232673
eager,gqa,32,8,128,128,2048,fp32,uniform,packed,identity,1234,pass,q_maxdiff=0.00e+00 k_maxdiff=0.00e+00 cases=4,uniform[0]|uniform[1]|permuted-requests|strided-qkv,0.07662400230765343,0.08432000130414963,0.07372800260782242,0.004158658239728808,0.06408129935152829,0.07349299266934395,3211264,3145728,6356992,82.96345542583393,15.005501358375215,22.73912150628247
compile,gqa,32,8,128,128,2048,fp32,uniform,packed,identity,1234,pass,q_maxdiff=4.77e-07 k_maxdiff=4.77e-07 cases=4,uniform[0]|uniform[1]|permuted-requests|strided-qkv,0.030287999659776688,0.03667199984192848,0.026464000344276428,0.0030000861924929455,0.022972759325057268,0.02943497383967042,3211264,3145728,6356992,209.8848412377085,37.96162122382023,57.526496247466135
graph_eager,gqa,32,8,128,128,2048,fp32,uniform,packed,identity,1234,pass,q_maxdiff=0.00e+00 k_maxdiff=0.00e+00 cases=4,uniform[0]|uniform[1]|permuted-requests|strided-qkv,0.036399999633431435,0.03923200070858002,0.03500799834728241,0.001371527644544865,0.03536754986271262,0.04189851460978389,3211264,3145728,6356992,174.64263912138742,31.587406106884313,47.86710209664764
graph_compile,gqa,32,8,128,128,2048,fp32,uniform,packed,identity,1234,pass,q_maxdiff=4.77e-07 k_maxdiff=4.77e-07 cases=4,uniform[0]|uniform[1]|permuted-requests|strided-qkv,0.010991999879479408,0.013632000423967838,0.009056000038981438,0.0012291843045105129,0.00826754025183618,0.012934557162225246,3211264,3145728,6356992,578.3289728621315,104.60167242706461,158.51187389695636
eager,gqa,32,8,128,128,2048,fp32,ragged,packed,identity,1234,pass,q_maxdiff=0.00e+00 k_maxdiff=0.00e+00 cases=5,ragged[0]|ragged[1]|uniform|permuted-requests|strided-qkv,0.07568000257015228,0.08383999764919281,0.06921599805355072,0.003344109816464233,0.06550126010552049,0.07506151450797915,3211264,3145728,6356992,83.99830581542763,15.192673515646861,23.022759508448754
compile,gqa,32,8,128,128,2048,fp32,ragged,packed,identity,1234,pass,q_maxdiff=4.77e-07 k_maxdiff=4.77e-07 cases=5,ragged[0]|ragged[1]|uniform|permuted-requests|strided-qkv,0.030991999432444572,0.03548799827694893,0.028511999174952507,0.002543012848514891,0.02532899030484259,0.02882897388190031,3211264,3145728,6356992,205.11719528960302,37.09930278031587,56.219751248038975
graph_eager,gqa,32,8,128,128,2048,fp32,ragged,packed,identity,1234,pass,q_maxdiff=0.00e+00 k_maxdiff=0.00e+00 cases=5,ragged[0]|ragged[1]|uniform|permuted-requests|strided-qkv,0.03590400144457817,0.03782400116324425,0.03471999987959862,0.0010617871431462655,0.035048649879172444,0.041293038520962,3211264,3145728,6356992,177.05525134330017,32.02377240560374,48.52836532610245
graph_compile,gqa,32,8,128,128,2048,fp32,ragged,packed,identity,1234,pass,q_maxdiff=4.77e-07 k_maxdiff=4.77e-07 cases=5,ragged[0]|ragged[1]|uniform|permuted-requests|strided-qkv,0.011008000001311302,0.014368000440299511,0.009312000125646591,0.0013440989034172388,0.008297080639749765,0.014277058653533459,3211264,3145728,6356992,577.4883720242314,104.4496339548214,158.28147697709343
eager,mqa,71,1,64,1,128,bf16,uniform,packed,identity,1234,pass,q_maxdiff=0.00e+00 k_maxdiff=0.00e+00 cases=4,uniform[0]|uniform[1]|permuted-requests|strided-qkv,0.09057599678635597,0.10531199723482132,0.08844800293445587,0.004613229758711284,0.07834539981558919,0.08723395876586437,9600,9344,18944,0.2091503342180569,0.03782877181410668,0.05732517815769579
compile,mqa,71,1,64,1,128,bf16,uniform,packed,identity,1234,pass,q_maxdiff=0.00e+00 k_maxdiff=0.00e+00 cases=4,uniform[0]|uniform[1]|permuted-requests|strided-qkv,0.03024000022560358,0.037567999213933945,0.029023999348282814,0.0028147127040475156,0.02478486974723637,0.028919545002281666,9600,9344,18944,0.6264550217813989,0.11330617356825536,0.17170255006124432
graph_eager,mqa,71,1,64,1,128,bf16,uniform,packed,identity,1234,pass,q_maxdiff=0.00e+00 k_maxdiff=0.00e+00 cases=4,uniform[0]|uniform[1]|permuted-requests|strided-qkv,0.02574400044977665,0.027648000046610832,0.024607999250292778,0.0010284142187989684,0.02494337037205696,0.031579460483044386,9600,9344,18944,0.7358607702387744,0.1330942609696873,0.20168913385152562
graph_compile,mqa,71,1,64,1,128,bf16,uniform,packed,identity,1234,pass,q_maxdiff=0.00e+00 k_maxdiff=0.00e+00 cases=4,uniform[0]|uniform[1]|permuted-requests|strided-qkv,0.010960000101476908,0.012480000033974648,0.008895999751985073,0.001074914280765766,0.005989549681544304,0.011226045899093151,9600,9344,18944,1.7284671372810676,0.3126257922027392,0.47374864092282765
eager,mqa,71,1,64,1,128,bf16,uniform,packed,permuted,1234,pass,q_maxdiff=0.00e+00 k_maxdiff=0.00e+00 cases=4,uniform[0]|uniform[1]|permuted-requests|strided-qkv,0.08977599814534187,0.10559999942779541,0.08767999708652496,0.011670952572843753,0.07694205967709422,0.08660298772156239,9600,9344,18944,0.21101408384600545,0.038165865989250515,0.057836005835131404
compile,mqa,71,1,64,1,128,bf16,uniform,packed,permuted,1234,pass,q_maxdiff=0.00e+00 k_maxdiff=0.00e+00 cases=4,uniform[0]|uniform[1]|permuted-requests|strided-qkv,0.030400000512599945,0.036959998309612274,0.028575999662280083,0.0033376477000280525,0.022670800099149346,0.028337992262095213,9600,9344,18944,0.6231578842292534,0.11270982422668656,0.170798850823594
graph_eager,mqa,71,1,64,1,128,bf16,uniform,packed,permuted,1234,pass,q_maxdiff=0.00e+00 k_maxdiff=0.00e+00 cases=4,uniform[0]|uniform[1]|permuted-requests|strided-qkv,0.025536000728607178,0.02707199938595295,0.024512000381946564,0.0009457121858535604,0.02483305986970663,0.03168947296217084,9600,9344,18944,0.7418546154244753,0.13417836060867025,0.20333196289315517
graph_compile,mqa,71,1,64,1,128,bf16,uniform,packed,permuted,1234,pass,q_maxdiff=0.00e+00 k_maxdiff=0.00e+00 cases=4,uniform[0]|uniform[1]|permuted-requests|strided-qkv,0.010944000445306301,0.012703999876976013,0.007135999854654074,0.0010438105784985176,0.006029519718140364,0.011216034181416035,9600,9344,18944,1.7309940816134346,0.3130828376140863,0.4744412409829189
eager,mqa,71,1,64,1,128,bf16,uniform,strided,identity,1234,pass,q_maxdiff=0.00e+00 k_maxdiff=0.00e+00 cases=4,uniform[0]|uniform[1]|permuted-requests|strided-qkv,0.09081599861383438,0.09808000177145004,0.08879999816417694,0.004020869397609577,0.07814152049832046,0.08917244849726558,9600,9344,18944,0.20859760713036063,0.03772880072415309,0.05717368340205396
compile,mqa,71,1,64,1,128,bf16,uniform,strided,identity,1234,pass,q_maxdiff=0.00e+00 k_maxdiff=0.00e+00 cases=4,uniform[0]|uniform[1]|permuted-requests|strided-qkv,0.030400000512599945,0.035551998764276505,0.02908799983561039,0.0023758286357446422,0.02299500978551805,0.028373498935252428,9600,9344,18944,0.6231578842292534,0.11270982422668656,0.170798850823594
graph_eager,mqa,71,1,64,1,128,bf16,uniform,strided,identity,1234,pass,q_maxdiff=0.00e+00 k_maxdiff=0.00e+00 cases=4,uniform[0]|uniform[1]|permuted-requests|strided-qkv,0.025536000728607178,0.027103999629616737,0.024447999894618988,0.0008992248212730445,0.0249181198887527,0.03164447844028473,9600,9344,18944,0.7418546154244753,0.13417836060867025,0.20333196289315517
graph_compile,mqa,71,1,64,1,128,bf16,uniform,strided,identity,1234,pass,q_maxdiff=0.00e+00 k_maxdiff=0.00e+00 cases=4,uniform[0]|uniform[1]|permuted-requests|strided-qkv,0.011024000123143196,0.015615999698638916,0.006688000168651342,0.0019097925163012346,0.005955990636721253,0.01124147092923522,9600,9344,18944,1.7184324916896527,0.3108108378076997,0.47099828506789776
eager,mqa,71,1,64,1,128,bf16,uniform,strided,permuted,1234,pass,q_maxdiff=0.00e+00 k_maxdiff=0.00e+00 cases=4,uniform[0]|uniform[1]|permuted-requests|strided-qkv,0.08979199826717377,0.09676799923181534,0.08793599903583527,0.0027856531376316204,0.07734251907095313,0.08790998253971338,9600,9344,18944,0.2109764830450996,0.038159065177180033,0.057825699982076664
compile,mqa,71,1,64,1,128,bf16,uniform,strided,permuted,1234,pass,q_maxdiff=0.00e+00 k_maxdiff=0.00e+00 cases=4,uniform[0]|uniform[1]|permuted-requests|strided-qkv,0.03136000037193298,0.03519999980926514,0.030112000182271004,0.0020827211489906827,0.02320408937521279,0.02936495002359152,9600,9344,18944,0.604081625488588,0.10925952403154018,0.16557031540203054
graph_eager,mqa,71,1,64,1,128,bf16,uniform,strided,permuted,1234,pass,q_maxdiff=0.00e+00 k_maxdiff=0.00e+00 cases=4,uniform[0]|uniform[1]|permuted-requests|strided-qkv,0.025536000728607178,0.02703999914228916,0.024447999894618988,0.0009562851127780795,0.024872429203242064,0.03164948429912329,9600,9344,18944,0.7418546154244753,0.13417836060867025,0.20333196289315517
graph_compile,mqa,71,1,64,1,128,bf16,uniform,strided,permuted,1234,pass,q_maxdiff=0.00e+00 k_maxdiff=0.00e+00 cases=4,uniform[0]|uniform[1]|permuted-requests|strided-qkv,0.011008000001311302,0.015039999969303608,0.006816000211983919,0.0019735762505784064,0.005937659880146384,0.01126597635447979,9600,9344,18944,1.7209302323531377,0.3112626011862429,0.47168288081124815
eager,mqa,71,1,64,1,128,bf16,ragged,packed,identity,1234,pass,q_maxdiff=0.00e+00 k_maxdiff=0.00e+00 cases=5,ragged[0]|ragged[1]|uniform|permuted-requests|strided-qkv,0.091024000197649,0.10060799866914749,0.08476799726486206,0.0039401768460267045,0.07805374916642904,0.08879200322553515,9600,9344,18944,0.20812093468607298,0.037642585546957964,0.05704303415927931
compile,mqa,71,1,64,1,128,bf16,ragged,packed,identity,1234,pass,q_maxdiff=0.00e+00 k_maxdiff=0.00e+00 cases=5,ragged[0]|ragged[1]|uniform|permuted-requests|strided-qkv,0.04336000047624111,0.05075199902057648,0.03235200047492981,0.006999511676423819,0.029429399874061346,0.03994046710431576,9600,9344,18944,0.4369003642050296,0.07902164844633215,0.11974827249907027
graph_eager,mqa,71,1,64,1,128,bf16,ragged,packed,identity,1234,pass,q_maxdiff=0.00e+00 k_maxdiff=0.00e+00 cases=5,ragged[0]|ragged[1]|uniform|permuted-requests|strided-qkv,0.025536000728607178,0.0272000003606081,0.024383999407291412,0.0008685214355229249,0.024901280412450433,0.031328992918133736,9600,9344,18944,0.7418546154244753,0.13417836060867025,0.20333196289315517
graph_compile,mqa,71,1,64,1,128,bf16,ragged,packed,identity,1234,pass,q_maxdiff=0.00e+00 k_maxdiff=0.00e+00 cases=5,ragged[0]|ragged[1]|uniform|permuted-requests|strided-qkv,0.010960000101476908,0.015168000012636185,0.007104000076651573,0.0018002706042581165,0.005979930283501744,0.011241005267947912,9600,9344,18944,1.7284671372810676,0.3126257922027392,0.47374864092282765
eager,mqa,71,1,64,1,128,bf16,ragged,packed,permuted,1234,pass,q_maxdiff=0.00e+00 k_maxdiff=0.00e+00 cases=5,ragged[0]|ragged[1]|uniform|permuted-requests|strided-qkv,0.09028800204396248,0.09878399968147278,0.08860799670219421,0.004664561225342978,0.07704414892941713,0.08750456618145108,9600,9344,18944,0.209817468225467,0.037949435547349565,0.057508030248144625
compile,mqa,71,1,64,1,128,bf16,ragged,packed,permuted,1234,pass,q_maxdiff=0.00e+00 k_maxdiff=0.00e+00 cases=5,ragged[0]|ragged[1]|uniform|permuted-requests|strided-qkv,0.043215999379754066,0.052352000027894974,0.0318400003015995,0.007355256708274674,0.02923182095400989,0.036558485589921474,9600,9344,18944,0.4383561706749498,0.07928495842841757,0.12014728866877095
graph_eager,mqa,71,1,64,1,128,bf16,ragged,packed,permuted,1234,pass,q_maxdiff=0.00e+00 k_maxdiff=0.00e+00 cases=5,ragged[0]|ragged[1]|uniform|permuted-requests|strided-qkv,0.025567999109625816,0.02723200060427189,0.0244159996509552,0.0009425487341562529,0.024747500428929925,0.03161997301504016,9600,9344,18944,0.7409261834989653,0.13401043623223377,0.20307749270195927
graph_compile,mqa,71,1,64,1,128,bf16,ragged,packed,permuted,1234,pass,q_maxdiff=0.00e+00 k_maxdiff=0.00e+00 cases=5,ragged[0]|ragged[1]|uniform|permuted-requests|strided-qkv,0.010879999957978725,0.012575999833643436,0.005247999913990498,0.0015690221999329799,0.006248739082366228,0.01201301347464323,9600,9344,18944,1.7411764773130933,0.31492451539520677,0.47723209307377196
eager,mqa,71,1,64,1,128,bf16,ragged,strided,identity,1234,pass,q_maxdiff=0.00e+00 k_maxdiff=0.00e+00 cases=5,ragged[0]|ragged[1]|uniform|permuted-requests|strided-qkv,0.09148799628019333,0.10159999877214432,0.08921600133180618,0.004493661432524999,0.0775148393586278,0.0872539822012186,9600,9344,18944,0.20706541590419852,0.03745167512219429,0.05675373124018064
compile,mqa,71,1,64,1,128,bf16,ragged,strided,identity,1234,pass,q_maxdiff=0.00e+00 k_maxdiff=0.00e+00 cases=5,ragged[0]|ragged[1]|uniform|permuted-requests|strided-qkv,0.043408000841736794,0.05190400034189224,0.03139200061559677,0.007351688799886924,0.02917903009802103,0.036604003980755806,9600,9344,18944,0.4364172418137567,0.07893426667490887,0.11961585541613694
graph_eager,mqa,71,1,64,1,128,bf16,ragged,strided,identity,1234,pass,q_maxdiff=0.00e+00 k_maxdiff=0.00e+00 cases=5,ragged[0]|ragged[1]|uniform|permuted-requests|strided-qkv,0.025536000728607178,0.026335999369621277,0.024351999163627625,0.0009772483831585724,0.024792490294203162,0.031609495636075735,9600,9344,18944,0.7418546154244753,0.13417836060867025,0.20333196289315517
graph_compile,mqa,71,1,64,1,128,bf16,ragged,strided,identity,1234,pass,q_maxdiff=0.00e+00 k_maxdiff=0.00e+00 cases=5,ragged[0]|ragged[1]|uniform|permuted-requests|strided-qkv,0.010847999714314938,0.011392000131309032,0.008352000266313553,0.0012667110096539643,0.0059077993500977755,0.01125154085457325,9600,9344,18944,1.7463127303554078,0.315853503364763,0.4786398681166113
eager,mqa,71,1,64,1,128,bf16,ragged,strided,permuted,1234,pass,q_maxdiff=0.00e+00 k_maxdiff=0.00e+00 cases=5,ragged[0]|ragged[1]|uniform|permuted-requests|strided-qkv,0.08990399911999702,0.10118400305509567,0.08854400366544724,0.004149610952089517,0.07812649011611938,0.08811044972389936,9600,9344,18944,0.2107136521781972,0.03811152727136254,0.05775366172152666
compile,mqa,71,1,64,1,128,bf16,ragged,strided,permuted,1234,pass,q_maxdiff=0.00e+00 k_maxdiff=0.00e+00 cases=5,ragged[0]|ragged[1]|uniform|permuted-requests|strided-qkv,0.04380800016224384,0.0514880008995533,0.03203200176358223,0.006824594148715008,0.029557039961218834,0.03879750147461891,9600,9344,18944,0.4324324308309099,0.07821353865907267,0.11852367451969964
graph_eager,mqa,71,1,64,1,128,bf16,ragged,strided,permuted,1234,pass,q_maxdiff=0.00e+00 k_maxdiff=0.00e+00 cases=5,ragged[0]|ragged[1]|uniform|permuted-requests|strided-qkv,0.02558399923145771,0.026976000517606735,0.024383999407291412,0.0007863358174897058,0.024893570225685835,0.03164447844028473,9600,9344,18944,0.740462811486749,0.13392662668834415,0.20295048892138726
graph_compile,mqa,71,1,64,1,128,bf16,ragged,strided,permuted,1234,pass,q_maxdiff=0.00e+00 k_maxdiff=0.00e+00 cases=5,ragged[0]|ragged[1]|uniform|permuted-requests|strided-qkv,0.01089600007981062,0.012703999876976013,0.0081599997356534,0.0011045336629303913,0.0061513506807386875,0.011241005267947912,9600,9344,18944,1.738619664210691,0.3144620676550026,0.47653130640202646
eager,mqa,71,1,64,1,128,fp16,uniform,packed,identity,1234,pass,q_maxdiff=0.00e+00 k_maxdiff=0.00e+00 cases=4,uniform[0]|uniform[1]|permuted-requests|strided-qkv,0.09003200009465218,0.09894400089979172,0.088639996945858,0.003631676870132216,0.07830642978660762,0.08847599383443594,9600,9344,18944,0.21041407477434526,0.03805734306317877,0.057671551749711225
compile,mqa,71,1,64,1,128,fp16,uniform,packed,identity,1234,pass,q_maxdiff=0.00e+00 k_maxdiff=0.00e+00 cases=4,uniform[0]|uniform[1]|permuted-requests|strided-qkv,0.030112000182271004,0.04009599983692169,0.028863999992609024,0.004184176084627978,0.022936089662835002,0.028108013793826103,9600,9344,18944,0.6291179558093132,0.11378781527384768,0.17243242299280379
graph_eager,mqa,71,1,64,1,128,fp16,uniform,packed,identity,1234,pass,q_maxdiff=0.00e+00 k_maxdiff=0.00e+00 cases=4,uniform[0]|uniform[1]|permuted-requests|strided-qkv,0.025696000084280968,0.02703999914228916,0.02454400062561035,0.0007845397921823556,0.024962410097941756,0.0315540237352252,9600,9344,18944,0.7372353649542766,0.133342882278489,0.20206589101643951
graph_compile,mqa,71,1,64,1,128,fp16,uniform,packed,identity,1234,pass,q_maxdiff=0.00e+00 k_maxdiff=0.00e+00 cases=4,uniform[0]|uniform[1]|permuted-requests|strided-qkv,0.010847999714314938,0.01756799966096878,0.009440000168979168,0.0034982948860341105,0.006007490446791053,0.011201482266187668,9600,9344,18944,1.7463127303554078,0.315853503364763,0.4786398681166113
eager,mqa,71,1,64,1,128,fp16,uniform,packed,permuted,1234,pass,q_maxdiff=0.00e+00 k_maxdiff=0.00e+00 cases=4,uniform[0]|uniform[1]|permuted-requests|strided-qkv,0.08926400169730186,0.09689600020647049,0.08486399799585342,0.0058162559680477776,0.077596390619874,0.08786498801782727,9600,9344,18944,0.21222440894191516,0.03838477604763139,0.05816773899736205
compile,mqa,71,1,64,1,128,fp16,uniform,packed,permuted,1234,pass,q_maxdiff=0.00e+00 k_maxdiff=0.00e+00 cases=4,uniform[0]|uniform[1]|permuted-requests|strided-qkv,0.030671999789774418,0.03641600161790848,0.028255999088287354,0.0025271025883480533,0.023096600780263543,0.02855301136150956,9600,9344,18944,0.6176317204565072,0.11171031356777147,0.16928420670894007
graph_eager,mqa,71,1,64,1,128,fp16,uniform,packed,permuted,1234,pass,q_maxdiff=0.00e+00 k_maxdiff=0.00e+00 cases=4,uniform[0]|uniform[1]|permuted-requests|strided-qkv,0.025536000728607178,0.02691200003027916,0.024383999407291412,0.0008698077656522489,0.024841170525178313,0.03146403469145298,9600,9344,18944,0.7418546154244753,0.13417836060867025,0.20333196289315517
graph_compile,mqa,71,1,64,1,128,fp16,uniform,packed,permuted,1234,pass,q_maxdiff=0.00e+00 k_maxdiff=0.00e+00 cases=4,uniform[0]|uniform[1]|permuted-requests|strided-qkv,0.01089600007981062,0.013024000450968742,0.009184000082314014,0.0010340750396342824,0.00601920997723937,0.011160969734191895,9600,9344,18944,1.738619664210691,0.3144620676550026,0.47653130640202646
eager,mqa,71,1,64,1,128,fp16,uniform,strided,identity,1234,pass,q_maxdiff=0.00e+00 k_maxdiff=0.00e+00 cases=4,uniform[0]|uniform[1]|permuted-requests|strided-qkv,0.09041600301861763,0.10025600343942642,0.08883199840784073,0.003331083034411184,0.07789856055751443,0.08780998177826405,9600,9344,18944,0.20952043186535493,0.03789571093472018,0.057426616740839466
compile,mqa,71,1,64,1,128,fp16,uniform,strided,identity,1234,pass,q_maxdiff=0.00e+00 k_maxdiff=0.00e+00 cases=4,uniform[0]|uniform[1]|permuted-requests|strided-qkv,0.030447999946773052,0.03750399872660637,0.028736000880599022,0.0036318274036776315,0.02331651048734784,0.02834346378222108,9600,9344,18944,0.6221755134365641,0.1125321439915943,0.1705295967441378
graph_eager,mqa,71,1,64,1,128,fp16,uniform,strided,identity,1234,pass,q_maxdiff=0.00e+00 k_maxdiff=0.00e+00 cases=4,uniform[0]|uniform[1]|permuted-requests|strided-qkv,0.025567999109625816,0.02739199995994568,0.024383999407291412,0.001008448098656123,0.024855100782588124,0.03165390808135271,9600,9344,18944,0.7409261834989653,0.13401043623223377,0.20307749270195927
graph_compile,mqa,71,1,64,1,128,fp16,uniform,strided,identity,1234,pass,q_maxdiff=0.00e+00 k_maxdiff=0.00e+00 cases=4,uniform[0]|uniform[1]|permuted-requests|strided-qkv,0.010912000201642513,0.012000000104308128,0.0060800001956522465,0.001686280198948679,0.0059332395903766155,0.011225987691432238,9600,9344,18944,1.7360703491508809,0.31400097607683053,0.4758325748387704
eager,mqa,71,1,64,1,128,fp16,uniform,strided,permuted,1234,pass,q_maxdiff=0.00e+00 k_maxdiff=0.00e+00 cases=4,uniform[0]|uniform[1]|permuted-requests|strided-qkv,0.09068799763917923,0.1029760017991066,0.08614400029182434,0.02301166649539931,0.07693534949794412,0.08688803063705564,9600,9344,18944,0.20889203084373506,0.03778205279047918,0.057254380819469715
compile,mqa,71,1,64,1,128,fp16,uniform,strided,permuted,1234,pass,q_maxdiff=0.00e+00 k_maxdiff=0.00e+00 cases=4,uniform[0]|uniform[1]|permuted-requests|strided-qkv,0.03009600006043911,0.03657599911093712,0.02876799926161766,0.004286117602168379,0.022942600771784782,0.029029964935034513,9600,9344,18944,0.6294524176620301,0.11384830899074397,0.17252409430361298
graph_eager,mqa,71,1,64,1,128,fp16,uniform,strided,permuted,1234,pass,q_maxdiff=0.00e+00 k_maxdiff=0.00e+00 cases=4,uniform[0]|uniform[1]|permuted-requests|strided-qkv,0.025536000728607178,0.026688000187277794,0.0244159996509552,0.0009372151355569805,0.024874230148270726,0.03167946124449372,9600,9344,18944,0.7418546154244753,0.13417836060867025,0.20333196289315517
graph_compile,mqa,71,1,64,1,128,fp16,uniform,strided,permuted,1234,pass,q_maxdiff=0.00e+00 k_maxdiff=0.00e+00 cases=4,uniform[0]|uniform[1]|permuted-requests|strided-qkv,0.010912000201642513,0.014655999839305878,0.006943999789655209,0.0016404550884130656,0.005901289405301213,0.011306488886475563,9600,9344,18944,1.7360703491508809,0.31400097607683053,0.4758325748387704
eager,mqa,71,1,64,1,128,fp16,ragged,packed,identity,1234,pass,q_maxdiff=0.00e+00 k_maxdiff=0.00e+00 cases=5,ragged[0]|ragged[1]|uniform|permuted-requests|strided-qkv,0.09052799642086029,0.10131199657917023,0.08832000195980072,0.011635001970222584,0.0783817796036601,0.08760497439652681,9600,9344,18944,0.20926123132042224,0.03784882964091298,0.05735557350071083
compile,mqa,71,1,64,1,128,fp16,ragged,packed,identity,1234,pass,q_maxdiff=0.00e+00 k_maxdiff=0.00e+00 cases=5,ragged[0]|ragged[1]|uniform|permuted-requests|strided-qkv,0.0429919995367527,0.059487998485565186,0.0315839983522892,0.009732049826695762,0.02872738055884838,0.04042050568386912,9600,9344,18944,0.4406401238399085,0.07969805431676193,0.12077328825215476
graph_eager,mqa,71,1,64,1,128,fp16,ragged,packed,identity,1234,pass,q_maxdiff=0.00e+00 k_maxdiff=0.00e+00 cases=5,ragged[0]|ragged[1]|uniform|permuted-requests|strided-qkv,0.025567999109625816,0.027103999629616737,0.0244159996509552,0.0009512195561310032,0.024882949655875564,0.03146397648379207,9600,9344,18944,0.7409261834989653,0.13401043623223377,0.20307749270195927
graph_compile,mqa,71,1,64,1,128,fp16,ragged,packed,identity,1234,pass,q_maxdiff=0.00e+00 k_maxdiff=0.00e+00 cases=5,ragged[0]|ragged[1]|uniform|permuted-requests|strided-qkv,0.010912000201642513,0.014208000153303146,0.006016000173985958,0.0015636092677045884,0.005993159720674157,0.01154700294137001,9600,9344,18944,1.7360703491508809,0.31400097607683053,0.4758325748387704
eager,mqa,71,1,64,1,128,fp16,ragged,packed,permuted,1234,pass,q_maxdiff=0.00e+00 k_maxdiff=0.00e+00 cases=5,ragged[0]|ragged[1]|uniform|permuted-requests|strided-qkv,0.09105600044131279,0.10662399977445602,0.08895999938249588,0.013050785040321814,0.0778059905860573,0.08792500011622906,9600,9344,18944,0.20804779375533572,0.0376293566339396,0.057022987254258535
compile,mqa,71,1,64,1,128,fp16,ragged,packed,permuted,1234,pass,q_maxdiff=0.00e+00 k_maxdiff=0.00e+00 cases=5,ragged[0]|ragged[1]|uniform|permuted-requests|strided-qkv,0.041360000148415565,0.05049600079655647,0.03200000151991844,0.006938166780741889,0.03191887051798403,0.03945454955101013,9600,9344,18944,0.458027077660098,0.0828428119432098,0.12553880884808571
graph_eager,mqa,71,1,64,1,128,fp16,ragged,packed,permuted,1234,pass,q_maxdiff=0.00e+00 k_maxdiff=0.00e+00 cases=5,ragged[0]|ragged[1]|uniform|permuted-requests|strided-qkv,0.025536000728607178,0.026496000587940216,0.024383999407291412,0.0009196353682255168,0.024749699514359236,0.03135896986350417,9600,9344,18944,0.7418546154244753,0.13417836060867025,0.20333196289315517
graph_compile,mqa,71,1,64,1,128,fp16,ragged,packed,permuted,1234,pass,q_maxdiff=0.00e+00 k_maxdiff=0.00e+00 cases=5,ragged[0]|ragged[1]|uniform|permuted-requests|strided-qkv,0.010928000323474407,0.01583999954164028,0.007872000336647034,0.0018455838338172507,0.007091419538483024,0.011336931493133307,9600,9344,18944,1.733528499199112,0.3135412347038576,0.4751358893571045
eager,mqa,71,1,64,1,128,fp16,ragged,strided,identity,1234,pass,q_maxdiff=0.00e+00 k_maxdiff=0.00e+00 cases=5,ragged[0]|ragged[1]|uniform|permuted-requests|strided-qkv,0.09041600301861763,0.1082879975438118,0.08857599645853043,0.01111302112820065,0.07967970916070044,0.08850602898746729,9600,9344,18944,0.20952043186535493,0.03789571093472018,0.057426616740839466
compile,mqa,71,1,64,1,128,fp16,ragged,strided,identity,1234,pass,q_maxdiff=0.00e+00 k_maxdiff=0.00e+00 cases=5,ragged[0]|ragged[1]|uniform|permuted-requests|strided-qkv,0.04339199885725975,0.05286400020122528,0.03190400078892708,0.007676483447172171,0.02876564976759255,0.03914401168003678,9600,9344,18944,0.43657818258885195,0.07896337584119074,0.11965996702915283
graph_eager,mqa,71,1,64,1,128,fp16,ragged,strided,identity,1234,pass,q_maxdiff=0.00e+00 k_maxdiff=0.00e+00 cases=5,ragged[0]|ragged[1]|uniform|permuted-requests|strided-qkv,0.025599999353289604,0.02707199938595295,0.024383999407291412,0.000884732474357523,0.024795581120997667,0.03143900539726019,9600,9344,18944,0.7400000186939728,0.13384292190718475,0.2028236438967538
graph_compile,mqa,71,1,64,1,128,fp16,ragged,strided,identity,1234,pass,q_maxdiff=0.00e+00 k_maxdiff=0.00e+00 cases=5,ragged[0]|ragged[1]|uniform|permuted-requests|strided-qkv,0.010944000445306301,0.014271999709308147,0.0060800001956522465,0.0015980307570438476,0.00603234046138823,0.011300959158688784,9600,9344,18944,1.7309940816134346,0.3130828376140863,0.4744412409829189
eager,mqa,71,1,64,1,128,fp16,ragged,strided,permuted,1234,pass,q_maxdiff=0.00e+00 k_maxdiff=0.00e+00 cases=5,ragged[0]|ragged[1]|uniform|permuted-requests|strided-qkv,0.09035200253129005,0.12246400117874146,0.08851200342178345,0.01130679208179906,0.07736717001534998,0.08865701965987682,9600,9344,18944,0.20966884484313947,0.037922554213225344,0.057467294660022435
compile,mqa,71,1,64,1,128,fp16,ragged,strided,permuted,1234,pass,q_maxdiff=0.00e+00 k_maxdiff=0.00e+00 cases=5,ragged[0]|ragged[1]|uniform|permuted-requests|strided-qkv,0.042527999728918076,0.05075199902057648,0.03190400078892708,0.006986429991215422,0.03173984005115926,0.040641461964696646,9600,9344,18944,0.4454477078807567,0.08056759631552718,0.1220909797236032
graph_eager,mqa,71,1,64,1,128,fp16,ragged,strided,permuted,1234,pass,q_maxdiff=0.00e+00 k_maxdiff=0.00e+00 cases=5,ragged[0]|ragged[1]|uniform|permuted-requests|strided-qkv,0.025551999919116497,0.026623999699950218,0.024320000782608986,0.0007904433375365549,0.024909600615501404,0.031409552320837975,9600,9344,18944,0.7413901087964242,0.13409434584816612,0.20320464813026934
graph_compile,mqa,71,1,64,1,128,fp16,ragged,strided,permuted,1234,pass,q_maxdiff=0.00e+00 k_maxdiff=0.00e+00 cases=5,ragged[0]|ragged[1]|uniform|permuted-requests|strided-qkv,0.010912000201642513,0.014175999909639359,0.00863999966531992,0.0010438074281892214,0.006115690339356661,0.011241005267947912,9600,9344,18944,1.7360703491508809,0.31400097607683053,0.4758325748387704
eager,mqa,71,1,64,1,128,fp32,uniform,packed,identity,1234,pass,q_maxdiff=0.00e+00 k_maxdiff=0.00e+00 cases=4,uniform[0]|uniform[1]|permuted-requests|strided-qkv,0.07521599903702736,0.0865280032157898,0.07363200187683105,0.003413369014445303,0.06390888011083007,0.07348350482061505,18944,18688,37632,0.5003190874520527,0.09049211737684032,0.13713045657379855
compile,mqa,71,1,64,1,128,fp32,uniform,packed,identity,1234,pass,q_maxdiff=2.38e-07 k_maxdiff=2.38e-07 cases=4,uniform[0]|uniform[1]|permuted-requests|strided-qkv,0.029791999608278275,0.04553600028157234,0.02768000029027462,0.0068586886171991945,0.0228537293151021,0.028077978640794754,18944,18688,37632,1.2631579113455422,0.22846586677530986,0.3462138971945978
graph_eager,mqa,71,1,64,1,128,fp32,uniform,packed,identity,1234,pass,q_maxdiff=0.00e+00 k_maxdiff=0.00e+00 cases=4,uniform[0]|uniform[1]|permuted-requests|strided-qkv,0.021487999707460403,0.022463999688625336,0.020287999883294106,0.0010604367719850957,0.02063196967355907,0.02656003925949335,18944,18688,37632,1.7513030767091167,0.3167561013653523,0.4800076521790394
graph_compile,mqa,71,1,64,1,128,fp32,uniform,packed,identity,1234,pass,q_maxdiff=2.38e-07 k_maxdiff=2.38e-07 cases=4,uniform[0]|uniform[1]|permuted-requests|strided-qkv,0.010944000445306301,0.01244799979031086,0.005119999870657921,0.002609832981386944,0.005937360692769289,0.011211028322577477,18944,18688,37632,3.4385963513131736,0.6219348260712254,0.9424711138444468
eager,mqa,71,1,64,1,128,fp32,uniform,packed,permuted,1234,pass,q_maxdiff=0.00e+00 k_maxdiff=0.00e+00 cases=4,uniform[0]|uniform[1]|permuted-requests|strided-qkv,0.07460800185799599,0.08128000050783157,0.07184000313282013,0.002764106512852876,0.06331276032142341,0.07337302668020129,18944,18688,37632,0.5043962988263149,0.09122955774140623,0.1382479631237641
compile,mqa,71,1,64,1,128,fp32,uniform,packed,permuted,1234,pass,q_maxdiff=2.38e-07 k_maxdiff=2.38e-07 cases=4,uniform[0]|uniform[1]|permuted-requests|strided-qkv,0.030287999659776688,0.03420799970626831,0.027456000447273254,0.0029381330120088894,0.022681719856336713,0.028093054424971342,18944,18688,37632,1.2424722802006747,0.22472448131046935,0.3405442553309247
graph_eager,mqa,71,1,64,1,128,fp32,uniform,packed,permuted,1234,pass,q_maxdiff=0.00e+00 k_maxdiff=0.00e+00 cases=4,uniform[0]|uniform[1]|permuted-requests|strided-qkv,0.02143999934196472,0.022784000262618065,0.02038400061428547,0.0008525148178427427,0.020758199971169233,0.026554451324045658,18944,18688,37632,1.7552239344682496,0.31746526223779525,0.4810823043923079
graph_compile,mqa,71,1,64,1,128,fp32,uniform,packed,permuted,1234,pass,q_maxdiff=2.38e-07 k_maxdiff=2.38e-07 cases=4,uniform[0]|uniform[1]|permuted-requests|strided-qkv,0.010944000445306301,0.013024000450968742,0.006111999973654747,0.0014796712877481741,0.005964100128039718,0.011225987691432238,18944,18688,37632,3.4385963513131736,0.6219348260712254,0.9424711138444468
eager,mqa,71,1,64,1,128,fp32,uniform,strided,identity,1234,pass,q_maxdiff=0.00e+00 k_maxdiff=0.00e+00 cases=4,uniform[0]|uniform[1]|permuted-requests|strided-qkv,0.07571200281381607,0.08336000144481659,0.07443200051784515,0.003019209862088024,0.06324472953565419,0.07332797395065427,18944,18688,37632,0.4970414016459335,0.08989928624940476,0.13623208878737736
compile,mqa,71,1,64,1,128,fp32,uniform,strided,identity,1234,pass,q_maxdiff=2.38e-07 k_maxdiff=2.38e-07 cases=4,uniform[0]|uniform[1]|permuted-requests|strided-qkv,0.030400000512599945,0.03731200098991394,0.028831999748945236,0.0028745593065532178,0.023136870004236698,0.028823968023061752,18944,18688,37632,1.2378947159689222,0.22389654272058,0.3392896090684907
graph_eager,mqa,71,1,64,1,128,fp32,uniform,strided,identity,1234,pass,q_maxdiff=0.00e+00 k_maxdiff=0.00e+00 cases=4,uniform[0]|uniform[1]|permuted-requests|strided-qkv,0.021455999463796616,0.02239999920129776,0.020320000126957893,0.0008021180925303426,0.020480380626395345,0.026058522053062916,18944,18688,37632,1.753915032646121,0.3172285227243659,0.48072355272965833
graph_compile,mqa,71,1,64,1,128,fp32,uniform,strided,identity,1234,pass,q_maxdiff=2.38e-07 k_maxdiff=2.38e-07 cases=4,uniform[0]|uniform[1]|permuted-requests|strided-qkv,0.010912000201642513,0.013472000136971474,0.006527999881654978,0.001399879522000889,0.006086040521040559,0.011972966603934765,18944,18688,37632,3.448680288178101,0.6237586957201904,0.9452349797472871
eager,mqa,71,1,64,1,128,fp32,uniform,strided,permuted,1234,pass,q_maxdiff=0.00e+00 k_maxdiff=0.00e+00 cases=4,uniform[0]|uniform[1]|permuted-requests|strided-qkv,0.07495999708771706,0.08691199868917465,0.07356800138950348,0.004302827106775081,0.06371391005814075,0.07347296923398972,18944,18688,37632,0.5020277676366983,0.09080116432648974,0.13759878188805416
compile,mqa,71,1,64,1,128,fp32,uniform,strided,permuted,1234,pass,q_maxdiff=2.38e-07 k_maxdiff=2.38e-07 cases=4,uniform[0]|uniform[1]|permuted-requests|strided-qkv,0.02985600009560585,0.04016000032424927,0.02800000086426735,0.0298452690518827,0.022419029846787453,0.028659007512032986,18944,18688,37632,1.26045015673545,0.22797611842440846,0.3454717395690258
graph_eager,mqa,71,1,64,1,128,fp32,uniform,strided,permuted,1234,pass,q_maxdiff=0.00e+00 k_maxdiff=0.00e+00 cases=4,uniform[0]|uniform[1]|permuted-requests|strided-qkv,0.021407999098300934,0.02223999984562397,0.020320000126957893,0.0007771985143732469,0.02036676974967122,0.026545021682977676,18944,18688,37632,1.7578476076723442,0.31793980288495005,0.48180141648177505
graph_compile,mqa,71,1,64,1,128,fp32,uniform,strided,permuted,1234,pass,q_maxdiff=2.38e-07 k_maxdiff=2.38e-07 cases=4,uniform[0]|uniform[1]|permuted-requests|strided-qkv,0.010960000101476908,0.014976000413298607,0.0060800001956522465,0.00207115239462947,0.006009190110489726,0.011266500223428011,18944,18688,37632,3.4335766105448235,0.6210269115378739,0.9410952731845362
eager,mqa,71,1,64,1,128,fp32,ragged,packed,identity,1234,pass,q_maxdiff=0.00e+00 k_maxdiff=0.00e+00 cases=5,ragged[0]|ragged[1]|uniform|permuted-requests|strided-qkv,0.07555200159549713,0.08326400071382523,0.0729919970035553,0.0030075870269483653,0.0634003197774291,0.07390399696305394,18944,18688,37632,0.49809401743557313,0.0900896716134209,0.13652059603695116
compile,mqa,71,1,64,1,128,fp32,ragged,packed,identity,1234,pass,q_maxdiff=4.77e-07 k_maxdiff=2.38e-07 cases=5,ragged[0]|ragged[1]|uniform|permuted-requests|strided-qkv,0.044304000213742256,0.0506879985332489,0.03232000023126602,0.006880818777834307,0.02949701971374452,0.03762607229873538,18944,18688,37632,0.8494041129118465,0.1536307101082885,0.23280977428314975
graph_eager,mqa,71,1,64,1,128,fp32,ragged,packed,identity,1234,pass,q_maxdiff=0.00e+00 k_maxdiff=0.00e+00 cases=5,ragged[0]|ragged[1]|uniform|permuted-requests|strided-qkv,0.02143999934196472,0.02236800082027912,0.02035200037062168,0.0009234304686679061,0.02063506981357932,0.026519992388784885,18944,18688,37632,1.7552239344682496,0.31746526223779525,0.4810823043923079
graph_compile,mqa,71,1,64,1,128,fp32,ragged,packed,identity,1234,pass,q_maxdiff=4.77e-07 k_maxdiff=2.38e-07 cases=5,ragged[0]|ragged[1]|uniform|permuted-requests|strided-qkv,0.010816000401973724,0.01568000018596649,0.005888000130653381,0.0016984368660067437,0.005971419159322977,0.011210970114916563,18944,18688,37632,3.4792898115215345,0.6292950037458331,0.9536246215116413
eager,mqa,71,1,64,1,128,fp32,ragged,packed,permuted,1234,pass,q_maxdiff=0.00e+00 k_maxdiff=0.00e+00 cases=5,ragged[0]|ragged[1]|uniform|permuted-requests|strided-qkv,0.075119998306036,0.08345600217580795,0.06992000341415405,0.00400951598938499,0.06396929966285825,0.07383950287476182,18944,18688,37632,0.5009584777503412,0.09060776313846215,0.13730570450203505
compile,mqa,71,1,64,1,128,fp32,ragged,packed,permuted,1234,pass,q_maxdiff=4.77e-07 k_maxdiff=2.38e-07 cases=5,ragged[0]|ragged[1]|uniform|permuted-requests|strided-qkv,0.044096000492572784,0.0525440014898777,0.032127998769283295,0.008324739442573661,0.02908705035224557,0.04130695015192032,18944,18688,37632,0.853410730670199,0.1543553822896346,0.23390793211142216
graph_eager,mqa,71,1,64,1,128,fp32,ragged,packed,permuted,1234,pass,q_maxdiff=0.00e+00 k_maxdiff=0.00e+00 cases=5,ragged[0]|ragged[1]|uniform|permuted-requests|strided-qkv,0.02143999934196472,0.022624000906944275,0.02035200037062168,0.0008281176089281446,0.02070349990390241,0.026554916985332966,18944,18688,37632,1.7552239344682496,0.31746526223779525,0.4810823043923079
graph_compile,mqa,71,1,64,1,128,fp32,ragged,packed,permuted,1234,pass,q_maxdiff=4.77e-07 k_maxdiff=2.38e-07 cases=5,ragged[0]|ragged[1]|uniform|permuted-requests|strided-qkv,0.010912000201642513,0.011711999773979187,0.009151999838650227,0.00093062053920397,0.0058670202270150185,0.01127604627981782,18944,18688,37632,3.448680288178101,0.6237586957201904,0.9452349797472871
eager,mqa,71,1,64,1,128,fp32,ragged,strided,identity,1234,pass,q_maxdiff=0.00e+00 k_maxdiff=0.00e+00 cases=5,ragged[0]|ragged[1]|uniform|permuted-requests|strided-qkv,0.07500799745321274,0.08185599744319916,0.07385600358247757,0.002984038357993654,0.06341514992527664,0.0730769825167954,18944,18688,37632,0.5017065016763509,0.09074305733492762,0.13751072738657905
compile,mqa,71,1,64,1,128,fp32,ragged,strided,identity,1234,pass,q_maxdiff=4.77e-07 k_maxdiff=2.38e-07 cases=5,ragged[0]|ragged[1]|uniform|permuted-requests|strided-qkv,0.04388799890875816,0.052480001002550125,0.03187200054526329,0.007142165372854713,0.02908234018832445,0.03673898754641414,18944,18688,37632,0.8574553621876405,0.15508692997430584,0.23501650897880513
graph_eager,mqa,71,1,64,1,128,fp32,ragged,strided,identity,1234,pass,q_maxdiff=0.00e+00 k_maxdiff=0.00e+00 cases=5,ragged[0]|ragged[1]|uniform|permuted-requests|strided-qkv,0.021407999098300934,0.022463999688625336,0.020320000126957893,0.0007390030182791146,0.020639679860323668,0.026540015824139118,18944,18688,37632,1.7578476076723442,0.31793980288495005,0.48180141648177505
graph_compile,mqa,71,1,64,1,128,fp32,ragged,strided,identity,1234,pass,q_maxdiff=4.77e-07 k_maxdiff=2.38e-07 cases=5,ragged[0]|ragged[1]|uniform|permuted-requests|strided-qkv,0.010975999757647514,0.012959999963641167,0.010015999898314476,0.0010320270518018942,0.005991059588268399,0.011130468919873238,18944,18688,37632,3.4285715042750393,0.6201216439288457,0.9397234436357751
eager,mqa,71,1,64,1,128,fp32,ragged,strided,permuted,1234,pass,q_maxdiff=0.00e+00 k_maxdiff=0.00e+00 cases=5,ragged[0]|ragged[1]|uniform|permuted-requests|strided-qkv,0.07494399696588516,0.08191999793052673,0.07184000313282013,0.00301861273646022,0.06350682000629604,0.07366901263594627,18944,18688,37632,0.5021349477414482,0.09082054986436494,0.13762815845406692
compile,mqa,71,1,64,1,128,fp32,ragged,strided,permuted,1234,pass,q_maxdiff=4.77e-07 k_maxdiff=2.38e-07 cases=5,ragged[0]|ragged[1]|uniform|permuted-requests|strided-qkv,0.04179200157523155,0.0506879985332489,0.031936001032590866,0.006946012502309927,0.028888280503451824,0.041617953684180975,18944,18688,37632,0.9004593841301676,0.162865016197475,0.24680330926563918
graph_eager,mqa,71,1,64,1,128,fp32,ragged,strided,permuted,1234,pass,q_maxdiff=0.00e+00 k_maxdiff=0.00e+00 cases=5,ragged[0]|ragged[1]|uniform|permuted-requests|strided-qkv,0.02143999934196472,0.022463999688625336,0.020320000126957893,0.0008885936439111577,0.020704299677163363,0.026519526727497578,18944,18688,37632,1.7552239344682496,0.31746526223779525,0.4810823043923079
graph_compile,mqa,71,1,64,1,128,fp32,ragged,strided,permuted,1234,pass,q_maxdiff=4.77e-07 k_maxdiff=2.38e-07 cases=5,ragged[0]|ragged[1]|uniform|permuted-requests|strided-qkv,0.010944000445306301,0.012191999703645706,0.008671999908983707,0.002516055092074194,0.005888870218768716,0.011175987310707569,18944,18688,37632,3.4385963513131736,0.6219348260712254,0.9424711138444468
eager,mqa,71,1,64,1,2048,bf16,uniform,packed,identity,1234,pass,q_maxdiff=0.00e+00 k_maxdiff=0.00e+00 cases=4,uniform[0]|uniform[1]|permuted-requests|strided-qkv,0.0896959975361824,0.09763199836015701,0.08799999952316284,0.0033403106967951793,0.07745382958091795,0.08740904740989208,9600,9344,18944,0.2112022890693444,0.038199906443809335,0.057887590251663415
compile,mqa,71,1,64,1,2048,bf16,uniform,packed,identity,1234,pass,q_maxdiff=0.00e+00 k_maxdiff=0.00e+00 cases=4,uniform[0]|uniform[1]|permuted-requests|strided-qkv,0.0302559994161129,0.036320000886917114,0.028863999992609024,0.003223544177689216,0.023328729439526796,0.02817797940224409,9600,9344,18944,0.626123756133844,0.11324625794517945,0.17161175478551785
graph_eager,mqa,71,1,64,1,2048,bf16,uniform,packed,identity,1234,pass,q_maxdiff=0.00e+00 k_maxdiff=0.00e+00 cases=4,uniform[0]|uniform[1]|permuted-requests|strided-qkv,0.025536000728607178,0.02691200003027916,0.024383999407291412,0.0008831448181419013,0.024852100759744644,0.03168953116983175,9600,9344,18944,0.7418546154244753,0.13417836060867025,0.20333196289315517
graph_compile,mqa,71,1,64,1,2048,bf16,uniform,packed,identity,1234,pass,q_maxdiff=0.00e+00 k_maxdiff=0.00e+00 cases=4,uniform[0]|uniform[1]|permuted-requests|strided-qkv,0.01080000028014183,0.014495999552309513,0.0060800001956522465,0.0015747086207977263,0.006018109852448106,0.011245952919125557,9600,9344,18944,1.7540740285750454,0.3172572801286375,0.4807671312875698
eager,mqa,71,1,64,1,2048,bf16,uniform,packed,permuted,1234,pass,q_maxdiff=0.00e+00 k_maxdiff=0.00e+00 cases=4,uniform[0]|uniform[1]|permuted-requests|strided-qkv,0.09014400094747543,0.0979200005531311,0.08844800293445587,0.0037061426974742307,0.07822357001714408,0.08809048449620605,9600,9344,18944,0.2101526424485882,0.038010058109832316,0.057599896809707264
compile,mqa,71,1,64,1,2048,bf16,uniform,packed,permuted,1234,pass,q_maxdiff=0.00e+00 k_maxdiff=0.00e+00 cases=4,uniform[0]|uniform[1]|permuted-requests|strided-qkv,0.030368000268936157,0.036320000886917114,0.028960000723600388,0.0027404930667284727,0.02318236045539379,0.027917558327317238,9600,9344,18944,0.6238145360983178,0.11282859206805297,0.17097882990668956
graph_eager,mqa,71,1,64,1,2048,bf16,uniform,packed,permuted,1234,pass,q_maxdiff=0.00e+00 k_maxdiff=0.00e+00 cases=4,uniform[0]|uniform[1]|permuted-requests|strided-qkv,0.025536000728607178,0.026688000187277794,0.02454400062561035,0.0008138326010791,0.024895480601117015,0.031008035875856876,9600,9344,18944,0.7418546154244753,0.13417836060867025,0.20333196289315517
graph_compile,mqa,71,1,64,1,2048,bf16,uniform,packed,permuted,1234,pass,q_maxdiff=0.00e+00 k_maxdiff=0.00e+00 cases=4,uniform[0]|uniform[1]|permuted-requests|strided-qkv,0.010816000401973724,0.014976000413298607,0.0081599997356534,0.0014245139307883712,0.005900179967284203,0.011586991604417562,9600,9344,18944,1.751479224847575,0.31678796106933094,0.4800559319174248
eager,mqa,71,1,64,1,2048,bf16,uniform,strided,identity,1234,pass,q_maxdiff=0.00e+00 k_maxdiff=0.00e+00 cases=4,uniform[0]|uniform[1]|permuted-requests|strided-qkv,0.0894400030374527,0.09731200337409973,0.08764799684286118,0.0032544540012798807,0.07748799049295485,0.08751451969146729,9600,9344,18944,0.2118067906601844,0.03830924192647373,0.05805327567368806
compile,mqa,71,1,64,1,2048,bf16,uniform,strided,identity,1234,pass,q_maxdiff=0.00e+00 k_maxdiff=0.00e+00 cases=4,uniform[0]|uniform[1]|permuted-requests|strided-qkv,0.03081599995493889,0.03606399893760681,0.027264000847935677,0.002604705299158633,0.022938300389796495,0.02874404890462756,9600,9344,18944,0.6147455876071236,0.1111883021572102,0.16849315810556945
graph_eager,mqa,71,1,64,1,2048,bf16,uniform,strided,identity,1234,pass,q_maxdiff=0.00e+00 k_maxdiff=0.00e+00 cases=4,uniform[0]|uniform[1]|permuted-requests|strided-qkv,0.025536000728607178,0.027135999873280525,0.024447999894618988,0.0011188866766919058,0.02472825930453837,0.03124395152553916,9600,9344,18944,0.7418546154244753,0.13417836060867025,0.20333196289315517
graph_compile,mqa,71,1,64,1,2048,bf16,uniform,strided,identity,1234,pass,q_maxdiff=0.00e+00 k_maxdiff=0.00e+00 cases=4,uniform[0]|uniform[1]|permuted-requests|strided-qkv,0.010847999714314938,0.015519999898970127,0.007071999832987785,0.0014775485487860094,0.006001570727676153,0.011225987691432238,9600,9344,18944,1.7463127303554078,0.315853503364763,0.4786398681166113
eager,mqa,71,1,64,1,2048,bf16,uniform,strided,permuted,1234,pass,q_maxdiff=0.00e+00 k_maxdiff=0.00e+00 cases=4,uniform[0]|uniform[1]|permuted-requests|strided-qkv,0.08983999863266945,0.09747199714183807,0.08841600269079208,0.002990074740179737,0.07744630915112793,0.08753454312682152,9600,9344,18944,0.21086376100089563,0.03813867727531722,0.05779480444805588
compile,mqa,71,1,64,1,2048,bf16,uniform,strided,permuted,1234,pass,q_maxdiff=0.00e+00 k_maxdiff=0.00e+00 cases=4,uniform[0]|uniform[1]|permuted-requests|strided-qkv,0.03086400032043457,0.0382080003619194,0.029120000079274178,0.0030654580381136456,0.02287518000230193,0.028172973543405533,9600,9344,18944,0.613789521880528,0.11101537968808824,0.16823111387641504
graph_eager,mqa,71,1,64,1,2048,bf16,uniform,strided,permuted,1234,pass,q_maxdiff=0.00e+00 k_maxdiff=0.00e+00 cases=4,uniform[0]|uniform[1]|permuted-requests|strided-qkv,0.025551999919116497,0.027264000847935677,0.0244159996509552,0.001949286156216368,0.024866019375622272,0.031608971767127514,9600,9344,18944,0.7413901087964242,0.13409434584816612,0.20320464813026934
graph_compile,mqa,71,1,64,1,2048,bf16,uniform,strided,permuted,1234,pass,q_maxdiff=0.00e+00 k_maxdiff=0.00e+00 cases=4,uniform[0]|uniform[1]|permuted-requests|strided-qkv,0.010975999757647514,0.014368000440299511,0.006047999951988459,0.001703860485602154,0.006078720325604081,0.011706550139933825,9600,9344,18944,1.7259475599751897,0.3121700792566978,0.4730580600615466
eager,mqa,71,1,64,1,2048,bf16,ragged,packed,identity,1234,pass,q_maxdiff=0.00e+00 k_maxdiff=0.00e+00 cases=5,ragged[0]|ragged[1]|uniform|permuted-requests|strided-qkv,0.0899519994854927,0.0974079966545105,0.08816000074148178,0.0031622488135716817,0.07809403003193438,0.08826603880152106,9600,9344,18944,0.21060121073857013,0.0380911901221153,0.05772284309729147
compile,mqa,71,1,64,1,2048,bf16,ragged,packed,identity,1234,pass,q_maxdiff=0.00e+00 k_maxdiff=0.00e+00 cases=5,ragged[0]|ragged[1]|uniform|permuted-requests|strided-qkv,0.04358400031924248,0.05071999877691269,0.03126399964094162,0.007273705406677849,0.02893976983614266,0.03643351374194026,9600,9344,18944,0.43465491605267276,0.07861551691375065,0.11913282660050661
graph_eager,mqa,71,1,64,1,2048,bf16,ragged,packed,identity,1234,pass,q_maxdiff=0.00e+00 k_maxdiff=0.00e+00 cases=5,ragged[0]|ragged[1]|uniform|permuted-requests|strided-qkv,0.025551999919116497,0.026976000517606735,0.0244159996509552,0.0008546101676209118,0.024872829671949148,0.03161898348480463,9600,9344,18944,0.7413901087964242,0.13409434584816612,0.20320464813026934
graph_compile,mqa,71,1,64,1,2048,bf16,ragged,packed,identity,1234,pass,q_maxdiff=0.00e+00 k_maxdiff=0.00e+00 cases=5,ragged[0]|ragged[1]|uniform|permuted-requests|strided-qkv,0.011008000001311302,0.014399999752640724,0.006047999951988459,0.001894533369956781,0.006002080626785755,0.011225987691432238,9600,9344,18944,1.7209302323531377,0.3112626011862429,0.47168288081124815
eager,mqa,71,1,64,1,2048,bf16,ragged,packed,permuted,1234,pass,q_maxdiff=0.00e+00 k_maxdiff=0.00e+00 cases=5,ragged[0]|ragged[1]|uniform|permuted-requests|strided-qkv,0.08974399790167809,0.09852799773216248,0.08806400001049042,0.003898021997552758,0.077172399032861,0.08779997006058693,9600,9344,18944,0.21108932567005434,0.0381794748883396,0.0578566285655929
compile,mqa,71,1,64,1,2048,bf16,ragged,packed,permuted,1234,pass,q_maxdiff=0.00e+00 k_maxdiff=0.00e+00 cases=5,ragged[0]|ragged[1]|uniform|permuted-requests|strided-qkv,0.04327999986708164,0.051711998879909515,0.032127998769283295,0.007370313441929867,0.029256469570100307,0.03707449650391936,9600,9344,18944,0.4377079495882491,0.07916771545261467,0.11996962034507631
graph_eager,mqa,71,1,64,1,2048,bf16,ragged,packed,permuted,1234,pass,q_maxdiff=0.00e+00 k_maxdiff=0.00e+00 cases=5,ragged[0]|ragged[1]|uniform|permuted-requests|strided-qkv,0.025536000728607178,0.026623999699950218,0.024512000381946564,0.0010296085062176602,0.024834159994497895,0.031679985113441944,9600,9344,18944,0.7418546154244753,0.13417836060867025,0.20333196289315517
graph_compile,mqa,71,1,64,1,2048,bf16,ragged,packed,permuted,1234,pass,q_maxdiff=0.00e+00 k_maxdiff=0.00e+00 cases=5,ragged[0]|ragged[1]|uniform|permuted-requests|strided-qkv,0.010975999757647514,0.012000000104308128,0.009216000325977802,0.0009913545855581721,0.005968610057607293,0.01164199784398079,9600,9344,18944,1.7259475599751897,0.3121700792566978,0.4730580600615466
eager,mqa,71,1,64,1,2048,bf16,ragged,strided,identity,1234,pass,q_maxdiff=0.00e+00 k_maxdiff=0.00e+00 cases=5,ragged[0]|ragged[1]|uniform|permuted-requests|strided-qkv,0.09092799946665764,0.09916800260543823,0.0891840010881424,0.003281004060415355,0.07859667995944619,0.08882646216079593,9600,9344,18944,0.2083406663636823,0.03768232815374695,0.05710325953550419
compile,mqa,71,1,64,1,2048,bf16,ragged,strided,identity,1234,pass,q_maxdiff=0.00e+00 k_maxdiff=0.00e+00 cases=5,ragged[0]|ragged[1]|uniform|permuted-requests|strided-qkv,0.04275200143456459,0.049056001007556915,0.031231999397277832,0.00666461357918644,0.028708940371870995,0.03636849578469992,9600,9344,18944,0.4431137575861876,0.0801454575059058,0.12145127662703585
graph_eager,mqa,71,1,64,1,2048,bf16,ragged,strided,identity,1234,pass,q_maxdiff=0.00e+00 k_maxdiff=0.00e+00 cases=5,ragged[0]|ragged[1]|uniform|permuted-requests|strided-qkv,0.025536000728607178,0.026623999699950218,0.02454400062561035,0.0008253002953483638,0.02497522975318134,0.03163504879921675,9600,9344,18944,0.7418546154244753,0.13417836060867025,0.20333196289315517
graph_compile,mqa,71,1,64,1,2048,bf16,ragged,strided,identity,1234,pass,q_maxdiff=0.00e+00 k_maxdiff=0.00e+00 cases=5,ragged[0]|ragged[1]|uniform|permuted-requests|strided-qkv,0.010879999957978725,0.014816000126302242,0.0060800001956522465,0.0016657951581992984,0.006014200625941157,0.011476513464003801,9600,9344,18944,1.7411764773130933,0.31492451539520677,0.47723209307377196
eager,mqa,71,1,64,1,2048,bf16,ragged,strided,permuted,1234,pass,q_maxdiff=0.00e+00 k_maxdiff=0.00e+00 cases=5,ragged[0]|ragged[1]|uniform|permuted-requests|strided-qkv,0.09073599800467491,0.0990080013871193,0.08947200328111649,0.0038081327934091224,0.07782491971738636,0.08801498916000128,9600,9344,18944,0.20878152460530566,0.037762065658767385,0.057224092606786785
compile,mqa,71,1,64,1,2048,bf16,ragged,strided,permuted,1234,pass,q_maxdiff=0.00e+00 k_maxdiff=0.00e+00 cases=5,ragged[0]|ragged[1]|uniform|permuted-requests|strided-qkv,0.04334400035440922,0.05180799961090088,0.0323840007185936,0.006996067089658353,0.02952757989987731,0.03996002487838268,9600,9344,18944,0.4370616427902668,0.07905081871193202,0.11979247670111619
graph_eager,mqa,71,1,64,1,2048,bf16,ragged,strided,permuted,1234,pass,q_maxdiff=0.00e+00 k_maxdiff=0.00e+00 cases=5,ragged[0]|ragged[1]|uniform|permuted-requests|strided-qkv,0.025536000728607178,0.026367999613285065,0.024383999407291412,0.000979066511594959,0.02490198938176036,0.0312990159727633,9600,9344,18944,0.7418546154244753,0.13417836060867025,0.20333196289315517
graph_compile,mqa,71,1,64,1,2048,bf16,ragged,strided,permuted,1234,pass,q_maxdiff=0.00e+00 k_maxdiff=0.00e+00 cases=5,ragged[0]|ragged[1]|uniform|permuted-requests|strided-qkv,0.010879999957978725,0.01196799986064434,0.008960000239312649,0.0010982050653961628,0.006199150811880827,0.01133698970079422,9600,9344,18944,1.7411764773130933,0.31492451539520677,0.47723209307377196
eager,mqa,71,1,64,1,2048,fp16,uniform,packed,identity,1234,pass,q_maxdiff=0.00e+00 k_maxdiff=0.00e+00 cases=4,uniform[0]|uniform[1]|permuted-requests|strided-qkv,0.09055999666452408,0.10009600222110748,0.08822400122880936,0.004289594865656444,0.07792009972035885,0.08778995834290981,9600,9344,18944,0.20918728685666033,0.0378354553938336,0.057335306358538785
compile,mqa,71,1,64,1,2048,fp16,uniform,packed,identity,1234,pass,q_maxdiff=0.00e+00 k_maxdiff=0.00e+00 cases=4,uniform[0]|uniform[1]|permuted-requests|strided-qkv,0.02964800037443638,0.03526400029659271,0.02595200017094612,0.004540596208836342,0.022726099705323577,0.028237991500645876,9600,9344,18944,0.6389638343479728,0.11556862759691118,0.17513104044162528
graph_eager,mqa,71,1,64,1,2048,fp16,uniform,packed,identity,1234,pass,q_maxdiff=0.00e+00 k_maxdiff=0.00e+00 cases=4,uniform[0]|uniform[1]|permuted-requests|strided-qkv,0.025728000327944756,0.028351999819278717,0.024383999407291412,0.0011996410823347742,0.02474079024977982,0.03166450187563896,9600,9344,18944,0.7363183985746363,0.13317703166167644,0.20181456337082987
graph_compile,mqa,71,1,64,1,2048,fp16,uniform,packed,identity,1234,pass,q_maxdiff=0.00e+00 k_maxdiff=0.00e+00 cases=4,uniform[0]|uniform[1]|permuted-requests|strided-qkv,0.010912000201642513,0.012608000077307224,0.006432000081986189,0.0011395201290351148,0.006247840356081724,0.011200900189578533,9600,9344,18944,1.7360703491508809,0.31400097607683053,0.4758325748387704
eager,mqa,71,1,64,1,2048,fp16,uniform,packed,permuted,1234,pass,q_maxdiff=0.00e+00 k_maxdiff=0.00e+00 cases=4,uniform[0]|uniform[1]|permuted-requests|strided-qkv,0.0905120000243187,0.09958399832248688,0.08895999938249588,0.0037567438091444306,0.07713622995652258,0.08812046144157648,9600,9344,18944,0.20929821454514475,0.03785551875271482,0.057365710084780794
compile,mqa,71,1,64,1,2048,fp16,uniform,packed,permuted,1234,pass,q_maxdiff=0.00e+00 k_maxdiff=0.00e+00 cases=4,uniform[0]|uniform[1]|permuted-requests|strided-qkv,0.03073599934577942,0.03545600175857544,0.02921600081026554,0.0025762140754019424,0.022800640435889363,0.028333044610917568,9600,9344,18944,0.6163456664245842,0.11147770650694075,0.16893171730567885
graph_eager,mqa,71,1,64,1,2048,fp16,uniform,packed,permuted,1234,pass,q_maxdiff=0.00e+00 k_maxdiff=0.00e+00 cases=4,uniform[0]|uniform[1]|permuted-requests|strided-qkv,0.025567999109625816,0.02735999971628189,0.024480000138282776,0.001230252999217312,0.024790180614218116,0.03160402411594987,9600,9344,18944,0.7409261834989653,0.13401043623223377,0.20307749270195927
graph_compile,mqa,71,1,64,1,2048,fp16,uniform,packed,permuted,1234,pass,q_maxdiff=0.00e+00 k_maxdiff=0.00e+00 cases=4,uniform[0]|uniform[1]|permuted-requests|strided-qkv,0.01089600007981062,0.012160000391304493,0.007199999876320362,0.0014497709286078492,0.006020410219207406,0.011416443157941103,9600,9344,18944,1.738619664210691,0.3144620676550026,0.47653130640202646
eager,mqa,71,1,64,1,2048,fp16,uniform,strided,identity,1234,pass,q_maxdiff=0.00e+00 k_maxdiff=0.00e+00 cases=4,uniform[0]|uniform[1]|permuted-requests|strided-qkv,0.09040000289678574,0.09855999797582626,0.08879999816417694,0.0035945649595057264,0.07753057987429202,0.0877449638210237,9600,9344,18944,0.20955751540881393,0.037902418191052396,0.05743678082087048
compile,mqa,71,1,64,1,2048,fp16,uniform,strided,identity,1234,pass,q_maxdiff=0.00e+00 k_maxdiff=0.00e+00 cases=4,uniform[0]|uniform[1]|permuted-requests|strided-qkv,0.030592000111937523,0.037408001720905304,0.029472000896930695,0.0026752729870224046,0.023238759022206068,0.028935028240084648,9600,9344,18944,0.6192468596588336,0.11200244187137305,0.16972689374967082
graph_eager,mqa,71,1,64,1,2048,fp16,uniform,strided,identity,1234,pass,q_maxdiff=0.00e+00 k_maxdiff=0.00e+00 cases=4,uniform[0]|uniform[1]|permuted-requests|strided-qkv,0.025551999919116497,0.027008000761270523,0.024383999407291412,0.0008835282157150291,0.024838759563863277,0.03164901863783598,9600,9344,18944,0.7413901087964242,0.13409434584816612,0.20320464813026934
graph_compile,mqa,71,1,64,1,2048,fp16,uniform,strided,identity,1234,pass,q_maxdiff=0.00e+00 k_maxdiff=0.00e+00 cases=4,uniform[0]|uniform[1]|permuted-requests|strided-qkv,0.010912000201642513,0.015039999969303608,0.006943999789655209,0.00179454480131134,0.005910610780119896,0.01120101660490036,9600,9344,18944,1.7360703491508809,0.31400097607683053,0.4758325748387704
eager,mqa,71,1,64,1,2048,fp16,uniform,strided,permuted,1234,pass,q_maxdiff=0.00e+00 k_maxdiff=0.00e+00 cases=4,uniform[0]|uniform[1]|permuted-requests|strided-qkv,0.0902240015566349,0.09862399846315384,0.08873599767684937,0.0048919076955037735,0.07727127987891436,0.08725450607016683,9600,9344,18944,0.20996630246008963,0.037976355018077244,0.05754882362792861
compile,mqa,71,1,64,1,2048,fp16,uniform,strided,permuted,1234,pass,q_maxdiff=0.00e+00 k_maxdiff=0.00e+00 cases=4,uniform[0]|uniform[1]|permuted-requests|strided-qkv,0.030848000198602676,0.03638400137424469,0.029503999277949333,0.003074805777336313,0.022910849656909704,0.028548995032906532,9600,9344,18944,0.6141078798637362,0.11107296071728907,0.16831837134207273
graph_eager,mqa,71,1,64,1,2048,fp16,uniform,strided,permuted,1234,pass,q_maxdiff=0.00e+00 k_maxdiff=0.00e+00 cases=4,uniform[0]|uniform[1]|permuted-requests|strided-qkv,0.025536000728607178,0.026559999212622643,0.024351999163627625,0.00118384982409312,0.024830750189721584,0.031609495636075735,9600,9344,18944,0.7418546154244753,0.13417836060867025,0.20333196289315517
graph_compile,mqa,71,1,64,1,2048,fp16,uniform,strided,permuted,1234,pass,q_maxdiff=0.00e+00 k_maxdiff=0.00e+00 cases=4,uniform[0]|uniform[1]|permuted-requests|strided-qkv,0.010960000101476908,0.01616000011563301,0.0060800001956522465,0.0019987644865731478,0.006053579272702336,0.011290947441011667,9600,9344,18944,1.7284671372810676,0.3126257922027392,0.47374864092282765
eager,mqa,71,1,64,1,2048,fp16,ragged,packed,identity,1234,pass,q_maxdiff=0.00e+00 k_maxdiff=0.00e+00 cases=5,ragged[0]|ragged[1]|uniform|permuted-requests|strided-qkv,0.09067199751734734,0.09907200187444687,0.088639996945858,0.004122536513783617,0.07806136971339583,0.08875702042132616,9600,9344,18944,0.20892889225668201,0.03778871987033028,0.05726448401663758
compile,mqa,71,1,64,1,2048,fp16,ragged,packed,identity,1234,pass,q_maxdiff=1.53e-05 k_maxdiff=0.00e+00 cases=5,ragged[0]|ragged[1]|uniform|permuted-requests|strided-qkv,0.04294399917125702,0.05087999999523163,0.03190400078892708,0.007182375983859838,0.029100269312039018,0.03910803934559226,9600,9344,18944,0.4411326463670265,0.07978713627955826,0.12090828178070576
graph_eager,mqa,71,1,64,1,2048,fp16,ragged,packed,identity,1234,pass,q_maxdiff=0.00e+00 k_maxdiff=0.00e+00 cases=5,ragged[0]|ragged[1]|uniform|permuted-requests|strided-qkv,0.025536000728607178,0.02707199938595295,0.024351999163627625,0.002010160471413625,0.024699699133634567,0.03168446710333228,9600,9344,18944,0.7418546154244753,0.13417836060867025,0.20333196289315517
graph_compile,mqa,71,1,64,1,2048,fp16,ragged,packed,identity,1234,pass,q_maxdiff=1.53e-05 k_maxdiff=0.00e+00 cases=5,ragged[0]|ragged[1]|uniform|permuted-requests|strided-qkv,0.010991999879479408,0.012191999703645706,0.00723200011998415,0.0012441253132673986,0.006235309410840273,0.011235999409109354,9600,9344,18944,1.7234352445150507,0.311715679752045,0.47236946957050463
eager,mqa,71,1,64,1,2048,fp16,ragged,packed,permuted,1234,pass,q_maxdiff=0.00e+00 k_maxdiff=0.00e+00 cases=5,ragged[0]|ragged[1]|uniform|permuted-requests|strided-qkv,0.09056000038981438,0.10886400192975998,0.088639996945858,0.00641220011088142,0.07719843997620046,0.08833600440993905,9600,9344,18944,0.20918727825149946,0.03783545383742841,0.05733530399998468
compile,mqa,71,1,64,1,2048,fp16,ragged,packed,permuted,1234,pass,q_maxdiff=1.53e-05 k_maxdiff=0.00e+00 cases=5,ragged[0]|ragged[1]|uniform|permuted-requests|strided-qkv,0.042767999693751335,0.052032001316547394,0.03139200061559677,0.007532604634697147,0.028759430861100554,0.03820151323452592,9600,9344,18944,0.44294800167537024,0.08011547743176158,0.12140584525273843
graph_eager,mqa,71,1,64,1,2048,fp16,ragged,packed,permuted,1234,pass,q_maxdiff=0.00e+00 k_maxdiff=0.00e+00 cases=5,ragged[0]|ragged[1]|uniform|permuted-requests|strided-qkv,0.025536000728607178,0.02735999971628189,0.0244159996509552,0.0009389703356959141,0.024833360221236944,0.03164901863783598,9600,9344,18944,0.7418546154244753,0.13417836060867025,0.20333196289315517
graph_compile,mqa,71,1,64,1,2048,fp16,ragged,packed,permuted,1234,pass,q_maxdiff=1.53e-05 k_maxdiff=0.00e+00 cases=5,ragged[0]|ragged[1]|uniform|permuted-requests|strided-qkv,0.010944000445306301,0.014655999839305878,0.0060800001956522465,0.001657508691444811,0.006033930694684386,0.01120101660490036,9600,9344,18944,1.7309940816134346,0.3130828376140863,0.4744412409829189
eager,mqa,71,1,64,1,2048,fp16,ragged,strided,identity,1234,pass,q_maxdiff=0.00e+00 k_maxdiff=0.00e+00 cases=5,ragged[0]|ragged[1]|uniform|permuted-requests|strided-qkv,0.09025600180029869,0.09942399710416794,0.08828800171613693,0.0036914914785547174,0.07694758009165525,0.08809048449620605,9600,9344,18944,0.20989185895820733,0.037962890510567476,0.057528419706395134
compile,mqa,71,1,64,1,2048,fp16,ragged,strided,identity,1234,pass,q_maxdiff=1.53e-05 k_maxdiff=0.00e+00 cases=5,ragged[0]|ragged[1]|uniform|permuted-requests|strided-qkv,0.04142399877309799,0.04956800118088722,0.0315839983522892,0.006971364188795632,0.028605249244719744,0.040140526834875345,9600,9344,18944,0.4573194418956678,0.08271482270541963,0.12534485579312946
graph_eager,mqa,71,1,64,1,2048,fp16,ragged,strided,identity,1234,pass,q_maxdiff=0.00e+00 k_maxdiff=0.00e+00 cases=5,ragged[0]|ragged[1]|uniform|permuted-requests|strided-qkv,0.025551999919116497,0.026655999943614006,0.0244159996509552,0.0007804695821282595,0.024790380848571658,0.03142899367958307,9600,9344,18944,0.7413901087964242,0.13409434584816612,0.20320464813026934
graph_compile,mqa,71,1,64,1,2048,fp16,ragged,strided,identity,1234,pass,q_maxdiff=1.53e-05 k_maxdiff=0.00e+00 cases=5,ragged[0]|ragged[1]|uniform|permuted-requests|strided-qkv,0.010912000201642513,0.015359999611973763,0.008511999621987343,0.0014553952375896027,0.00604465021751821,0.011235999409109354,9600,9344,18944,1.7360703491508809,0.31400097607683053,0.4758325748387704
eager,mqa,71,1,64,1,2048,fp16,ragged,strided,permuted,1234,pass,q_maxdiff=0.00e+00 k_maxdiff=0.00e+00 cases=5,ragged[0]|ragged[1]|uniform|permuted-requests|strided-qkv,0.09044800326228142,0.1016319990158081,0.08806400001049042,0.00407471791568894,0.0779896299354732,0.08798553608357906,9600,9344,18944,0.20944630413859028,0.0378823035410798,0.05740629936884436
compile,mqa,71,1,64,1,2048,fp16,ragged,strided,permuted,1234,pass,q_maxdiff=1.53e-05 k_maxdiff=0.00e+00 cases=5,ragged[0]|ragged[1]|uniform|permuted-requests|strided-qkv,0.04294399917125702,0.05167999863624573,0.031488001346588135,0.007290225840305142,0.029547910671681166,0.038322003092616796,9600,9344,18944,0.4411326463670265,0.07978713627955826,0.12090828178070576
graph_eager,mqa,71,1,64,1,2048,fp16,ragged,strided,permuted,1234,pass,q_maxdiff=0.00e+00 k_maxdiff=0.00e+00 cases=5,ragged[0]|ragged[1]|uniform|permuted-requests|strided-qkv,0.025567999109625816,0.02735999971628189,0.024447999894618988,0.0011743553182956576,0.024996070424094796,0.031639530789107084,9600,9344,18944,0.7409261834989653,0.13401043623223377,0.20307749270195927
graph_compile,mqa,71,1,64,1,2048,fp16,ragged,strided,permuted,1234,pass,q_maxdiff=1.53e-05 k_maxdiff=0.00e+00 cases=5,ragged[0]|ragged[1]|uniform|permuted-requests|strided-qkv,0.010991999879479408,0.013952000066637993,0.006976000033318996,0.0012372270980166174,0.006077919388189912,0.011211028322577477,9600,9344,18944,1.7234352445150507,0.311715679752045,0.47236946957050463
eager,mqa,71,1,64,1,2048,fp32,uniform,packed,identity,1234,pass,q_maxdiff=0.00e+00 k_maxdiff=0.00e+00 cases=4,uniform[0]|uniform[1]|permuted-requests|strided-qkv,0.07548800110816956,0.08278399705886841,0.07369600236415863,0.0030521552561265284,0.06373023963533342,0.07360795279964805,18944,18688,37632,0.49851631315652023,0.09016605173743793,0.13663634138122244
compile,mqa,71,1,64,1,2048,fp32,uniform,packed,identity,1234,pass,q_maxdiff=2.38e-07 k_maxdiff=1.19e-07 cases=4,uniform[0]|uniform[1]|permuted-requests|strided-qkv,0.03041600063443184,0.05423999950289726,0.028351999819278717,0.008724794826827677,0.02297505969181657,0.02907455200329423,18944,18688,37632,1.2372435302161136,0.22377876352914963,0.33911112817132616
graph_eager,mqa,71,1,64,1,2048,fp32,uniform,packed,identity,1234,pass,q_maxdiff=0.00e+00 k_maxdiff=0.00e+00 cases=4,uniform[0]|uniform[1]|permuted-requests|strided-qkv,0.02175999991595745,0.02425600029528141,0.02038400061428547,0.0012514663915507863,0.02064427942968905,0.026554451324045658,18944,18688,37632,1.729411771385302,0.3127966470479419,0.4740075519043546
graph_compile,mqa,71,1,64,1,2048,fp32,uniform,packed,identity,1234,pass,q_maxdiff=2.38e-07 k_maxdiff=1.19e-07 cases=4,uniform[0]|uniform[1]|permuted-requests|strided-qkv,0.010944000445306301,0.012608000077307224,0.007104000076651573,0.0012808529499993343,0.0059239298570901155,0.011291471309959888,18944,18688,37632,3.4385963513131736,0.6219348260712254,0.9424711138444468
eager,mqa,71,1,64,1,2048,fp32,uniform,packed,permuted,1234,pass,q_maxdiff=0.00e+00 k_maxdiff=0.00e+00 cases=4,uniform[0]|uniform[1]|permuted-requests|strided-qkv,0.07436800003051758,0.08243200182914734,0.07264000177383423,0.0031297353193733483,0.06321188062429428,0.07218547398224473,18944,18688,37632,0.5060240961778906,0.09152397550938438,0.138694119585969
compile,mqa,71,1,64,1,2048,fp32,uniform,packed,permuted,1234,pass,q_maxdiff=2.38e-07 k_maxdiff=1.19e-07 cases=4,uniform[0]|uniform[1]|permuted-requests|strided-qkv,0.03057599999010563,0.03433600068092346,0.028863999992609024,0.002222189149906269,0.022846730425953865,0.02843851689249277,18944,18688,37632,1.2307692311675067,0.2226077647722904,0.3373366134530248
graph_eager,mqa,71,1,64,1,2048,fp32,uniform,packed,permuted,1234,pass,q_maxdiff=0.00e+00 k_maxdiff=0.00e+00 cases=4,uniform[0]|uniform[1]|permuted-requests|strided-qkv,0.02143999934196472,0.022495999932289124,0.02035200037062168,0.0008755929735880338,0.020479580853134394,0.026494963094592094,18944,18688,37632,1.7552239344682496,0.31746526223779525,0.4810823043923079
graph_compile,mqa,71,1,64,1,2048,fp32,uniform,packed,permuted,1234,pass,q_maxdiff=2.38e-07 k_maxdiff=1.19e-07 cases=4,uniform[0]|uniform[1]|permuted-requests|strided-qkv,0.011008000001311302,0.015200000256299973,0.005632000043988228,0.0017377796226066497,0.0060411496087908745,0.011196010746061802,18944,18688,37632,3.4186046507555576,0.618318951005104,0.9369916686385605
eager,mqa,71,1,64,1,2048,fp32,uniform,strided,identity,1234,pass,q_maxdiff=0.00e+00 k_maxdiff=0.00e+00 cases=4,uniform[0]|uniform[1]|permuted-requests|strided-qkv,0.07550400123000145,0.0931520015001297,0.07356800138950348,0.008623382325236517,0.06342977983877063,0.07206056034192443,18944,18688,37632,0.4984106721094796,0.0901469445670973,0.13660738664937844
compile,mqa,71,1,64,1,2048,fp32,uniform,strided,identity,1234,pass,q_maxdiff=2.38e-07 k_maxdiff=1.19e-07 cases=4,uniform[0]|uniform[1]|permuted-requests|strided-qkv,0.03139200061559677,0.056352000683546066,0.029311999678611755,0.009733755295378758,0.023050609743222594,0.028633454348891973,18944,18688,37632,1.1987767349017873,0.2168213200815648,0.3285679181745859
graph_eager,mqa,71,1,64,1,2048,fp32,uniform,strided,identity,1234,pass,q_maxdiff=0.00e+00 k_maxdiff=0.00e+00 cases=4,uniform[0]|uniform[1]|permuted-requests|strided-qkv,0.02143999934196472,0.022272000089287758,0.020287999883294106,0.0009877589638994618,0.020707310177385807,0.026530004106462002,18944,18688,37632,1.7552239344682496,0.31746526223779525,0.4810823043923079
graph_compile,mqa,71,1,64,1,2048,fp32,uniform,strided,identity,1234,pass,q_maxdiff=2.38e-07 k_maxdiff=1.19e-07 cases=4,uniform[0]|uniform[1]|permuted-requests|strided-qkv,0.010816000401973724,0.01500799972563982,0.0054720002226531506,0.0019258443571486719,0.005932250060141087,0.011191004887223244,18944,18688,37632,3.4792898115215345,0.6292950037458331,0.9536246215116413
eager,mqa,71,1,64,1,2048,fp32,uniform,strided,permuted,1234,pass,q_maxdiff=0.00e+00 k_maxdiff=0.00e+00 cases=4,uniform[0]|uniform[1]|permuted-requests|strided-qkv,0.0748480036854744,0.0899839997291565,0.07344000041484833,0.01020608153768793,0.06347496993839741,0.07278198609128594,18944,18688,37632,0.5027789406132573,0.09093702808797695,0.13780466788326176
compile,mqa,71,1,64,1,2048,fp32,uniform,strided,permuted,1234,pass,q_maxdiff=2.38e-07 k_maxdiff=1.19e-07 cases=4,uniform[0]|uniform[1]|permuted-requests|strided-qkv,0.030608000233769417,0.03587200120091438,0.02879999950528145,0.0028775286091286428,0.022808359935879707,0.02850394230335951,18944,18688,37632,1.2294824788481638,0.22237503141304582,0.33698393265895893
graph_eager,mqa,71,1,64,1,2048,fp32,uniform,strided,permuted,1234,pass,q_maxdiff=0.00e+00 k_maxdiff=0.00e+00 cases=4,uniform[0]|uniform[1]|permuted-requests|strided-qkv,0.02143999934196472,0.02252800017595291,0.02038400061428547,0.000739263727401886,0.02066642977297306,0.02653500996530056,18944,18688,37632,1.7552239344682496,0.31746526223779525,0.4810823043923079
graph_compile,mqa,71,1,64,1,2048,fp32,uniform,strided,permuted,1234,pass,q_maxdiff=2.38e-07 k_maxdiff=1.19e-07 cases=4,uniform[0]|uniform[1]|permuted-requests|strided-qkv,0.010960000101476908,0.012319999746978283,0.00886400043964386,0.0011127013783904138,0.005952480714768171,0.011230993550270796,18944,18688,37632,3.4335766105448235,0.6210269115378739,0.9410952731845362
eager,mqa,71,1,64,1,2048,fp32,ragged,packed,identity,1234,pass,q_maxdiff=0.00e+00 k_maxdiff=0.00e+00 cases=5,ragged[0]|ragged[1]|uniform|permuted-requests|strided-qkv,0.07523199915885925,0.08259200304746628,0.07398399710655212,0.0026462341735464467,0.06407358916476369,0.07642904529348016,18944,18688,37632,0.5002126810499423,0.09047287177763992,0.13710129206884616
compile,mqa,71,1,64,1,2048,fp32,ragged,packed,identity,1234,pass,q_maxdiff=2.38e-07 k_maxdiff=2.38e-07 cases=5,ragged[0]|ragged[1]|uniform|permuted-requests|strided-qkv,0.042688000947237015,0.050144001841545105,0.03190400078892708,0.006856708469947533,0.02890091040171683,0.03895850386470556,18944,18688,37632,0.8815592008282069,0.15944656255718945,0.2416230336564766
graph_eager,mqa,71,1,64,1,2048,fp32,ragged,packed,identity,1234,pass,q_maxdiff=0.00e+00 k_maxdiff=0.00e+00 cases=5,ragged[0]|ragged[1]|uniform|permuted-requests|strided-qkv,0.021423999220132828,0.022624000906944275,0.020255999639630318,0.00089351635546421,0.020622649462893605,0.026539491955190897,18944,18688,37632,1.7565347913491327,0.3177023553603728,0.4814415919091881
graph_compile,mqa,71,1,64,1,2048,fp32,ragged,packed,identity,1234,pass,q_maxdiff=2.38e-07 k_maxdiff=2.38e-07 cases=5,ragged[0]|ragged[1]|uniform|permuted-requests|strided-qkv,0.010912000201642513,0.01228800043463707,0.008576000109314919,0.0009202476187736562,0.005994269158691168,0.011251482646912336,18944,18688,37632,3.448680288178101,0.6237586957201904,0.9452349797472871
eager,mqa,71,1,64,1,2048,fp32,ragged,packed,permuted,1234,pass,q_maxdiff=0.00e+00 k_maxdiff=0.00e+00 cases=5,ragged[0]|ragged[1]|uniform|permuted-requests|strided-qkv,0.07545600086450577,0.08627200126647949,0.0737600028514862,0.009720880969966608,0.06432986934669316,0.07333257235586643,18944,18688,37632,0.498727729654991,0.09020429038768102,0.13669428768327177
compile,mqa,71,1,64,1,2048,fp32,ragged,packed,permuted,1234,pass,q_maxdiff=2.38e-07 k_maxdiff=2.38e-07 cases=5,ragged[0]|ragged[1]|uniform|permuted-requests|strided-qkv,0.04251200146973133,0.05471999943256378,0.03254399821162224,0.007385999974918955,0.029614949598908424,0.0399955315515399,18944,18688,37632,0.8852088515943927,0.16010667054387465,0.24262335183032585
graph_eager,mqa,71,1,64,1,2048,fp32,ragged,packed,permuted,1234,pass,q_maxdiff=0.00e+00 k_maxdiff=0.00e+00 cases=5,ragged[0]|ragged[1]|uniform|permuted-requests|strided-qkv,0.02143999934196472,0.022784000262618065,0.02035200037062168,0.0008589823086564189,0.020540800178423524,0.026550027541816235,18944,18688,37632,1.7552239344682496,0.31746526223779525,0.4810823043923079
graph_compile,mqa,71,1,64,1,2048,fp32,ragged,packed,permuted,1234,pass,q_maxdiff=2.38e-07 k_maxdiff=2.38e-07 cases=5,ragged[0]|ragged[1]|uniform|permuted-requests|strided-qkv,0.010928000323474407,0.012415999546647072,0.00598399993032217,0.0012627822936384957,0.005955089582130313,0.011302006896585226,18944,18688,37632,3.443630937598236,0.6228454256955009,0.9438510234526266
eager,mqa,71,1,64,1,2048,fp32,ragged,strided,identity,1234,pass,q_maxdiff=0.00e+00 k_maxdiff=0.00e+00 cases=5,ragged[0]|ragged[1]|uniform|permuted-requests|strided-qkv,0.07494399696588516,0.0814720019698143,0.07347200065851212,0.003419758962240023,0.06369067006744444,0.07316697156056762,18944,18688,37632,0.5021349477414482,0.09082054986436494,0.13762815845406692
compile,mqa,71,1,64,1,2048,fp32,ragged,strided,identity,1234,pass,q_maxdiff=2.38e-07 k_maxdiff=1.19e-07 cases=5,ragged[0]|ragged[1]|uniform|permuted-requests|strided-qkv,0.04190399870276451,0.05206400156021118,0.0315839983522892,0.007186222532133345,0.02984929014928639,0.03910355735570192,18944,18688,37632,0.8980527196684293,0.16242972566305347,0.24614367623396968
graph_eager,mqa,71,1,64,1,2048,fp32,ragged,strided,identity,1234,pass,q_maxdiff=0.00e+00 k_maxdiff=0.00e+00 cases=5,ragged[0]|ragged[1]|uniform|permuted-requests|strided-qkv,0.02143999934196472,0.022272000089287758,0.020287999883294106,0.0009247653778216296,0.02057346049696207,0.026519526727497578,18944,18688,37632,1.7552239344682496,0.31746526223779525,0.4810823043923079
graph_compile,mqa,71,1,64,1,2048,fp32,ragged,strided,identity,1234,pass,q_maxdiff=2.38e-07 k_maxdiff=1.19e-07 cases=5,ragged[0]|ragged[1]|uniform|permuted-requests|strided-qkv,0.010879999957978725,0.014112000353634357,0.007040000054985285,0.0013290990944728092,0.006035739788785577,0.011276511941105127,18944,18688,37632,3.458823542770604,0.6255932940958838,0.9480151038087092
eager,mqa,71,1,64,1,2048,fp32,ragged,strided,permuted,1234,pass,q_maxdiff=0.00e+00 k_maxdiff=0.00e+00 cases=5,ragged[0]|ragged[1]|uniform|permuted-requests|strided-qkv,0.0751039981842041,0.08278399705886841,0.07385600358247757,0.003212003350069211,0.0634684506803751,0.07283198647201061,18944,18688,37632,0.5010652017180461,0.09062706617537339,0.13733495604727047
compile,mqa,71,1,64,1,2048,fp32,ragged,strided,permuted,1234,pass,q_maxdiff=2.38e-07 k_maxdiff=1.19e-07 cases=5,ragged[0]|ragged[1]|uniform|permuted-requests|strided-qkv,0.0427360013127327,0.05097600072622299,0.03222399950027466,0.006893305265250477,0.02985720057040453,0.03985001239925623,18944,18688,37632,0.8805690482040485,0.15926747483150894,0.2413516466859733
graph_eager,mqa,71,1,64,1,2048,fp32,ragged,strided,permuted,1234,pass,q_maxdiff=0.00e+00 k_maxdiff=0.00e+00 cases=5,ragged[0]|ragged[1]|uniform|permuted-requests|strided-qkv,0.02143999934196472,0.023360000923275948,0.020479999482631683,0.0009547639254432364,0.020609729690477252,0.026435009203851223,18944,18688,37632,1.7552239344682496,0.31746526223779525,0.4810823043923079
graph_compile,mqa,71,1,64,1,2048,fp32,ragged,strided,permuted,1234,pass,q_maxdiff=2.38e-07 k_maxdiff=1.19e-07 cases=5,ragged[0]|ragged[1]|uniform|permuted-requests|strided-qkv,0.010847999714314938,0.013311999849975109,0.008704000152647495,0.0012765707477785655,0.005949670448899269,0.011251016985625029,18944,18688,37632,3.4690266400303367,0.6274387161435157,0.9508116299073225
eager,mqa,71,1,64,8,128,bf16,uniform,packed,identity,1234,pass,q_maxdiff=0.00e+00 k_maxdiff=0.00e+00 cases=4,uniform[0]|uniform[1]|permuted-requests|strided-qkv,0.09040000289678574,0.09923200309276581,0.08025600016117096,0.004613715145781864,0.07830763002857566,0.0889015500433743,76800,74752,151552,1.6764601232705114,0.30321934552841917,0.45949424656696386
compile,mqa,71,1,64,8,128,bf16,uniform,packed,identity,1234,pass,q_maxdiff=0.00e+00 k_maxdiff=0.00e+00 cases=4,uniform[0]|uniform[1]|permuted-requests|strided-qkv,0.031055999919772148,0.03807999938726425,0.027871999889612198,0.0032083305482784406,0.023460380034521222,0.029114482458680868,76800,74752,151552,4.879958796738428,0.8826323346516701,1.337528378671334
graph_eager,mqa,71,1,64,8,128,bf16,uniform,packed,identity,1234,pass,q_maxdiff=0.00e+00 k_maxdiff=0.00e+00 cases=4,uniform[0]|uniform[1]|permuted-requests|strided-qkv,0.03167999908328056,0.03359999880194664,0.03062400035560131,0.000870487627309741,0.03084335010498762,0.036763958632946014,76800,74752,151552,4.783838522267605,0.8652471751047811,1.311183157282102
graph_compile,mqa,71,1,64,8,128,bf16,uniform,packed,identity,1234,pass,q_maxdiff=0.00e+00 k_maxdiff=0.00e+00 cases=4,uniform[0]|uniform[1]|permuted-requests|strided-qkv,0.010863999836146832,0.013663999736309052,0.007040000054985285,0.0017322614589003332,0.0061247998382896185,0.012137985322624445,76800,74752,151552,13.94992657269327,2.5231066023149467,3.8234795514726763
eager,mqa,71,1,64,8,128,bf16,ragged,packed,identity,1234,pass,q_maxdiff=0.00e+00 k_maxdiff=0.00e+00 cases=5,ragged[0]|ragged[1]|uniform|permuted-requests|strided-qkv,0.09228800237178802,0.10016000270843506,0.09046400338411331,0.0034289474749174525,0.07919750991277397,0.08981354767456651,76800,74752,151552,1.642163619377774,0.297016177722685,0.4500940550578864
compile,mqa,71,1,64,8,128,bf16,ragged,packed,identity,1234,pass,q_maxdiff=1.22e-04 k_maxdiff=0.00e+00 cases=5,ragged[0]|ragged[1]|uniform|permuted-requests|strided-qkv,0.0302559994161129,0.037151999771595,0.029023999348282814,0.003106379432869603,0.02319107996299863,0.029405520763248205,76800,74752,151552,5.008990049070752,0.9059700635614356,1.3728940382841428
graph_eager,mqa,71,1,64,8,128,bf16,ragged,packed,identity,1234,pass,q_maxdiff=0.00e+00 k_maxdiff=0.00e+00 cases=5,ragged[0]|ragged[1]|uniform|permuted-requests|strided-qkv,0.031727999448776245,0.03328000009059906,0.030559999868273735,0.0008878422031939194,0.03087069955654442,0.036788987927138805,76800,74752,151552,4.776601192416037,0.863938167875498,1.3091995065044053
graph_compile,mqa,71,1,64,8,128,bf16,ragged,packed,identity,1234,pass,q_maxdiff=1.22e-04 k_maxdiff=0.00e+00 cases=5,ragged[0]|ragged[1]|uniform|permuted-requests|strided-qkv,0.010944000445306301,0.012415999546647072,0.008960000239312649,0.0011290786202927863,0.006134019931778312,0.011410913430154324,76800,74752,151552,13.847952652907477,2.5046627009126903,3.795529927863351
eager,mqa,71,1,64,8,128,fp16,uniform,packed,identity,1234,pass,q_maxdiff=0.00e+00 k_maxdiff=0.00e+00 cases=4,uniform[0]|uniform[1]|permuted-requests|strided-qkv,0.09087999910116196,0.0995199978351593,0.08399999886751175,0.0039427258093157795,0.07753037963993847,0.08958351099863648,76800,74752,151552,1.667605650296076,0.3016178475488134,0.45706735950197447
compile,mqa,71,1,64,8,128,fp16,uniform,packed,identity,1234,pass,q_maxdiff=9.54e-07 k_maxdiff=0.00e+00 cases=4,uniform[0]|uniform[1]|permuted-requests|strided-qkv,0.030287999659776688,0.037248000502586365,0.026528000831604004,0.0029351982976825253,0.023202699376270175,0.028292997740209103,76800,74752,151552,5.003697890331969,0.9050128771142711,1.3714435316728397
graph_eager,mqa,71,1,64,8,128,fp16,uniform,packed,identity,1234,pass,q_maxdiff=0.00e+00 k_maxdiff=0.00e+00 cases=4,uniform[0]|uniform[1]|permuted-requests|strided-qkv,0.03175999969244003,0.03372799977660179,0.030368000268936157,0.0009868210664419653,0.03083684016019106,0.036514014936983585,76800,74752,151552,4.771788459307654,0.8630676945710213,1.307880403745641
graph_compile,mqa,71,1,64,8,128,fp16,uniform,packed,identity,1234,pass,q_maxdiff=9.54e-07 k_maxdiff=0.00e+00 cases=4,uniform[0]|uniform[1]|permuted-requests|strided-qkv,0.010960000101476908,0.01548799965530634,0.006047999951988459,0.001663299696270041,0.006036449922248721,0.01217803219333291,76800,74752,151552,13.82773709824854,2.501006337621914,3.789989127382621
eager,mqa,71,1,64,8,128,fp16,ragged,packed,identity,1234,pass,q_maxdiff=0.00e+00 k_maxdiff=0.00e+00 cases=5,ragged[0]|ragged[1]|uniform|permuted-requests|strided-qkv,0.09190399944782257,0.0997759997844696,0.08851200342178345,0.0037078844769901777,0.07865028106607497,0.08878653170540929,76800,74752,151552,1.649025079545552,0.2982572018499897,0.45197468521805495
compile,mqa,71,1,64,8,128,fp16,ragged,packed,identity,1234,pass,q_maxdiff=9.77e-04 k_maxdiff=0.00e+00 cases=5,ragged[0]|ragged[1]|uniform|permuted-requests|strided-qkv,0.030847999267280102,0.03551999852061272,0.02921600081026554,0.002589071521775647,0.023582909489050508,0.029060058295726776,76800,74752,151552,4.912863187232645,0.8885837125652728,1.3465470113897726
graph_eager,mqa,71,1,64,8,128,fp16,ragged,packed,identity,1234,pass,q_maxdiff=0.00e+00 k_maxdiff=0.00e+00 cases=5,ragged[0]|ragged[1]|uniform|permuted-requests|strided-qkv,0.03177599981427193,0.033215999603271484,0.030719999223947525,0.0011020223064475807,0.030932320514693856,0.03640854265540838,76800,74752,151552,4.7693857277759575,0.8626331153809715,1.3072218486750284
graph_compile,mqa,71,1,64,8,128,fp16,ragged,packed,identity,1234,pass,q_maxdiff=9.77e-04 k_maxdiff=0.00e+00 cases=5,ragged[0]|ragged[1]|uniform|permuted-requests|strided-qkv,0.010944000445306301,0.014431999996304512,0.007135999854654074,0.0014735188341974085,0.0059663993306458,0.012113014236092567,76800,74752,151552,13.847952652907477,2.5046627009126903,3.795529927863351
eager,mqa,71,1,64,8,128,fp32,uniform,packed,identity,1234,pass,q_maxdiff=0.00e+00 k_maxdiff=0.00e+00 cases=4,uniform[0]|uniform[1]|permuted-requests|strided-qkv,0.07553600147366524,0.08656000345945358,0.07440000027418137,0.0037400576554775717,0.06389815942384303,0.0741640105843544,151552,149504,301056,3.9855961942195166,0.7208700360818522,1.092396111880288
compile,mqa,71,1,64,8,128,fp32,uniform,packed,identity,1234,pass,q_maxdiff=4.77e-07 k_maxdiff=2.38e-07 cases=4,uniform[0]|uniform[1]|permuted-requests|strided-qkv,0.030751999467611313,0.036031998693943024,0.027264000847935677,0.0024375224996653093,0.023243569303303957,0.028893991839140654,151552,149504,301056,9.789802458766262,1.7706699092899498,2.6832477804808272
graph_eager,mqa,71,1,64,8,128,fp32,uniform,packed,identity,1234,pass,q_maxdiff=0.00e+00 k_maxdiff=0.00e+00 cases=4,uniform[0]|uniform[1]|permuted-requests|strided-qkv,0.02571200020611286,0.02739199995994568,0.02454400062561035,0.0010321182822619229,0.024549630470573902,0.030377006623893976,151552,149504,301056,11.70877401939449,2.117752009618232,3.2092110164653067
graph_compile,mqa,71,1,64,8,128,fp32,uniform,packed,identity,1234,pass,q_maxdiff=4.77e-07 k_maxdiff=2.38e-07 cases=4,uniform[0]|uniform[1]|permuted-requests|strided-qkv,0.010960000101476908,0.012128000147640705,0.008927999995648861,0.001075689085582541,0.005985649768263102,0.012118020094931126,151552,149504,301056,27.46861288435859,4.968215292302991,7.52876218547629
eager,mqa,71,1,64,8,128,fp32,ragged,packed,identity,1234,pass,q_maxdiff=0.00e+00 k_maxdiff=0.00e+00 cases=5,ragged[0]|ragged[1]|uniform|permuted-requests|strided-qkv,0.07627199962735176,0.08409599959850311,0.0745600014925003,0.003260197998987086,0.06455339025706053,0.07428450044244528,151552,149504,301056,3.947136583161494,0.7139138920421473,1.0818548709876092
compile,mqa,71,1,64,8,128,fp32,ragged,packed,identity,1234,pass,q_maxdiff=4.77e-07 k_maxdiff=2.38e-07 cases=5,ragged[0]|ragged[1]|uniform|permuted-requests|strided-qkv,0.031007999554276466,0.03855999931693077,0.029440000653266907,0.0030766563435164693,0.023346260422840714,0.02875895006582141,151552,149504,301056,9.708978467734783,1.756051370308092,2.661095056208988
graph_eager,mqa,71,1,64,8,128,fp32,ragged,packed,identity,1234,pass,q_maxdiff=0.00e+00 k_maxdiff=0.00e+00 cases=5,ragged[0]|ragged[1]|uniform|permuted-requests|strided-qkv,0.025567999109625816,0.026367999613285065,0.024480000138282776,0.000782922705450819,0.024587400257587433,0.030627939850091934,151552,149504,301056,11.77471880803761,2.1296793649879313,3.2272855596960013
graph_compile,mqa,71,1,64,8,128,fp32,ragged,packed,identity,1234,pass,q_maxdiff=4.77e-07 k_maxdiff=2.38e-07 cases=5,ragged[0]|ragged[1]|uniform|permuted-requests|strided-qkv,0.011008000001311302,0.01206399966031313,0.009375999681651592,0.0010469333838248112,0.005952289793640375,0.011973024811595678,151552,149504,301056,27.34883720604446,4.946551608040832,7.495933349108484
eager,mqa,71,1,64,8,2048,bf16,uniform,packed,identity,1234,pass,q_maxdiff=0.00e+00 k_maxdiff=0.00e+00 cases=4,uniform[0]|uniform[1]|permuted-requests|strided-qkv,0.09112000092864037,0.10300800204277039,0.08796799927949905,0.00422168036256187,0.08061708067543805,0.09010406211018562,76800,74752,151552,1.663213328089036,0.300823413463277,0.45586348548481864
compile,mqa,71,1,64,8,2048,bf16,uniform,packed,identity,1234,pass,q_maxdiff=0.00e+00 k_maxdiff=0.00e+00 cases=4,uniform[0]|uniform[1]|permuted-requests|strided-qkv,0.031247999519109726,0.036031998693943024,0.028575999662280083,0.002770355457446439,0.02325349021703005,0.02885900903493166,76800,74752,151552,4.849974473000049,0.8772091057338675,1.3293100953648938
graph_eager,mqa,71,1,64,8,2048,bf16,uniform,packed,identity,1234,pass,q_maxdiff=0.00e+00 k_maxdiff=0.00e+00 cases=4,uniform[0]|uniform[1]|permuted-requests|strided-qkv,0.03167999908328056,0.03379200026392937,0.03049599938094616,0.0009996142557931237,0.031008960213512182,0.03677950007840991,76800,74752,151552,4.783838522267605,0.8652471751047811,1.311183157282102
graph_compile,mqa,71,1,64,8,2048,bf16,uniform,packed,identity,1234,pass,q_maxdiff=0.00e+00 k_maxdiff=0.00e+00 cases=4,uniform[0]|uniform[1]|permuted-requests|strided-qkv,0.01089600007981062,0.014944000169634819,0.006016000173985958,0.0017936848786116574,0.005988050252199173,0.012208009138703346,76800,74752,151552,13.908957313685528,2.515696541240021,3.8122504512162116
eager,mqa,71,1,64,8,2048,bf16,ragged,packed,identity,1234,pass,q_maxdiff=0.00e+00 k_maxdiff=0.00e+00 cases=5,ragged[0]|ragged[1]|uniform|permuted-requests|strided-qkv,0.09172799810767174,0.10060799866914749,0.08835200220346451,0.004168763600339042,0.07854537921957672,0.09035004768520594,76800,74752,151552,1.6521891148448038,0.2988294771456265,0.45284190299183935
compile,mqa,71,1,64,8,2048,bf16,ragged,packed,identity,1234,pass,q_maxdiff=3.91e-03 k_maxdiff=0.00e+00 cases=5,ragged[0]|ragged[1]|uniform|permuted-requests|strided-qkv,0.030608000233769417,0.037408001720905304,0.029279999434947968,0.003093768572432014,0.022977570770308375,0.029015005566179752,76800,74752,151552,4.951385220939545,0.8955511469151236,1.357105361456488
graph_eager,mqa,71,1,64,8,2048,bf16,ragged,packed,identity,1234,pass,q_maxdiff=0.00e+00 k_maxdiff=0.00e+00 cases=5,ragged[0]|ragged[1]|uniform|permuted-requests|strided-qkv,0.03171199932694435,0.03299200162291527,0.03049599938094616,0.0008649298751755899,0.030994040425866846,0.03673904575407505,76800,74752,151552,4.77901120132885,0.8643740633168017,1.3098600562032865
graph_compile,mqa,71,1,64,8,2048,bf16,ragged,packed,identity,1234,pass,q_maxdiff=3.91e-03 k_maxdiff=0.00e+00 cases=5,ragged[0]|ragged[1]|uniform|permuted-requests|strided-qkv,0.010975999757647514,0.01571200042963028,0.007199999876320362,0.0016064190410796492,0.006275590276345611,0.012111966498196125,76800,74752,151552,13.807580479801517,2.4973606340535826,3.784464480492373
eager,mqa,71,1,64,8,2048,fp16,uniform,packed,identity,1234,pass,q_maxdiff=0.00e+00 k_maxdiff=0.00e+00 cases=4,uniform[0]|uniform[1]|permuted-requests|strided-qkv,0.09164799749851227,0.09993600100278854,0.08937600255012512,0.0032729052665526562,0.07912145927548409,0.09045546175912023,76800,74752,151552,1.6536313300512666,0.29909032889208004,0.45323719398652657
compile,mqa,71,1,64,8,2048,fp16,uniform,packed,identity,1234,pass,q_maxdiff=6.10e-05 k_maxdiff=0.00e+00 cases=4,uniform[0]|uniform[1]|permuted-requests|strided-qkv,0.030912000685930252,0.036928001791238785,0.029440000653266907,0.002748655798764114,0.023088589077815413,0.028519018087536097,76800,74752,151552,4.902691402597556,0.8867439539947612,1.3437590676431455
graph_eager,mqa,71,1,64,8,2048,fp16,uniform,packed,identity,1234,pass,q_maxdiff=0.00e+00 k_maxdiff=0.00e+00 cases=4,uniform[0]|uniform[1]|permuted-requests|strided-qkv,0.03167999908328056,0.033984001725912094,0.03049599938094616,0.0009503611985385296,0.030945939943194386,0.03660848597064614,76800,74752,151552,4.783838522267605,0.8652471751047811,1.311183157282102
graph_compile,mqa,71,1,64,8,2048,fp16,uniform,packed,identity,1234,pass,q_maxdiff=6.10e-05 k_maxdiff=0.00e+00 cases=4,uniform[0]|uniform[1]|permuted-requests|strided-qkv,0.01104000024497509,0.015519999898970127,0.005760000087320805,0.0018392478267178823,0.006058380240574479,0.012203003279864788,76800,74752,151552,13.727535927273156,2.4828830711853316,3.7625253894008073
eager,mqa,71,1,64,8,2048,fp16,ragged,packed,identity,1234,pass,q_maxdiff=0.00e+00 k_maxdiff=0.00e+00 cases=5,ragged[0]|ragged[1]|uniform|permuted-requests|strided-qkv,0.09201600030064583,0.10060799866914749,0.08937600255012512,0.004578908319803012,0.07866380037739873,0.0916569260880351,76800,74752,151552,1.6470179045473716,0.29789416649897765,0.4514245466548318
compile,mqa,71,1,64,8,2048,fp16,ragged,packed,identity,1234,pass,q_maxdiff=9.77e-04 k_maxdiff=0.00e+00 cases=5,ragged[0]|ragged[1]|uniform|permuted-requests|strided-qkv,0.030688000842928886,0.03654399886727333,0.021856000646948814,0.002768103581921124,0.023424309911206365,0.028714013751596212,76800,74752,151552,4.938477445164713,0.8932165328862274,1.3535675208468698
graph_eager,mqa,71,1,64,8,2048,fp16,ragged,packed,identity,1234,pass,q_maxdiff=0.00e+00 k_maxdiff=0.00e+00 cases=5,ragged[0]|ragged[1]|uniform|permuted-requests|strided-qkv,0.03171199932694435,0.0331839993596077,0.030688000842928886,0.0010787665753148395,0.030916889663785696,0.03624800592660904,76800,74752,151552,4.77901120132885,0.8643740633168017,1.3098600562032865
graph_compile,mqa,71,1,64,8,2048,fp16,ragged,packed,identity,1234,pass,q_maxdiff=9.77e-04 k_maxdiff=0.00e+00 cases=5,ragged[0]|ragged[1]|uniform|permuted-requests|strided-qkv,0.010863999836146832,0.015039999969303608,0.005888000130653381,0.0017847677348843617,0.006032229866832495,0.012208009138703346,76800,74752,151552,13.94992657269327,2.5231066023149467,3.8234795514726763
eager,mqa,71,1,64,8,2048,fp32,uniform,packed,identity,1234,pass,q_maxdiff=0.00e+00 k_maxdiff=0.00e+00 cases=4,uniform[0]|uniform[1]|permuted-requests|strided-qkv,0.07529599964618683,0.08486399799585342,0.07347200065851212,0.004042738317522813,0.06375710014253855,0.0735485227778554,151552,149504,301056,3.998300061286804,0.7231677693857068,1.0958780639682282
compile,mqa,71,1,64,8,2048,fp32,uniform,packed,identity,1234,pass,q_maxdiff=4.77e-07 k_maxdiff=2.38e-07 cases=4,uniform[0]|uniform[1]|permuted-requests|strided-qkv,0.030704000033438206,0.05766399949789047,0.028192000463604927,0.008003774003738053,0.02291386015713215,0.027822970878332853,151552,149504,301056,9.805106815793863,1.773437990115272,2.6874424904557177
graph_eager,mqa,71,1,64,8,2048,fp32,uniform,packed,identity,1234,pass,q_maxdiff=0.00e+00 k_maxdiff=0.00e+00 cases=4,uniform[0]|uniform[1]|permuted-requests|strided-qkv,0.02580800000578165,0.028351999819278717,0.024351999163627625,0.0011731943949064507,0.024699410423636436,0.02929498441517353,151552,149504,301056,11.665220084181485,2.109874461236878,3.1972734926507327
graph_compile,mqa,71,1,64,8,2048,fp32,uniform,packed,identity,1234,pass,q_maxdiff=4.77e-07 k_maxdiff=2.38e-07 cases=4,uniform[0]|uniform[1]|permuted-requests|strided-qkv,0.010528000071644783,0.014976000413298607,0.008320000022649765,0.0014859787283061567,0.006093450356274843,0.012268079444766045,151552,149504,301056,28.59574448625229,5.172078242519707,7.837693175844016
eager,mqa,71,1,64,8,2048,fp32,ragged,packed,identity,1234,pass,q_maxdiff=0.00e+00 k_maxdiff=0.00e+00 cases=5,ragged[0]|ragged[1]|uniform|permuted-requests|strided-qkv,0.07619199901819229,0.08361600339412689,0.07318399846553802,0.0034983187337176277,0.06538575049489737,0.07570249726995826,151552,149504,301056,3.9512810252965958,0.7146634923543422,1.082990804547779
compile,mqa,71,1,64,8,2048,fp32,ragged,packed,identity,1234,pass,q_maxdiff=4.77e-07 k_maxdiff=2.38e-07 cases=5,ragged[0]|ragged[1]|uniform|permuted-requests|strided-qkv,0.030928000807762146,0.03872000053524971,0.029152000322937965,0.0036340543703212154,0.022904640063643456,0.029745453502982855,151552,149504,301056,9.734091830612037,1.7605935943371394,2.6679782773449228
graph_eager,mqa,71,1,64,8,2048,fp32,ragged,packed,identity,1234,pass,q_maxdiff=0.00e+00 k_maxdiff=0.00e+00 cases=5,ragged[0]|ragged[1]|uniform|permuted-requests|strided-qkv,0.025728000327944756,0.02739199995994568,0.024383999407291412,0.0011542276001736875,0.024733170866966248,0.029660994186997414,151552,149504,301056,11.701492388159084,2.1164349896504255,3.207215223298593
graph_compile,mqa,71,1,64,8,2048,fp32,ragged,packed,identity,1234,pass,q_maxdiff=4.77e-07 k_maxdiff=2.38e-07 cases=5,ragged[0]|ragged[1]|uniform|permuted-requests|strided-qkv,0.010847999714314938,0.012864000163972378,0.006399999838322401,0.0014645831226009322,0.006008190102875233,0.011295953299850225,151552,149504,301056,27.752213120242693,5.019509729148125,7.60649303925858
eager,mqa,71,1,64,32,128,bf16,uniform,packed,identity,1234,pass,q_maxdiff=0.00e+00 k_maxdiff=0.00e+00 cases=4,uniform[0]|uniform[1]|permuted-requests|strided-qkv,0.09079999849200249,0.09980800002813339,0.08796799927949905,0.0040670300362637,0.07789395982399583,0.08870597230270505,307200,299008,606208,6.676299670350698,1.2075343686947257,1.829880260377693
compile,mqa,71,1,64,32,128,bf16,uniform,packed,identity,1234,pass,q_maxdiff=3.91e-03 k_maxdiff=0.00e+00 cases=4,uniform[0]|uniform[1]|permuted-requests|strided-qkv,0.031215999275445938,0.03670400008559227,0.0297279991209507,0.0026254062583974383,0.023054020712152123,0.02885953290387988,307200,299008,606208,19.419785176533967,3.5124334123997363,5.322691207695322
graph_eager,mqa,71,1,64,32,128,bf16,uniform,packed,identity,1234,pass,q_maxdiff=0.00e+00 k_maxdiff=0.00e+00 cases=4,uniform[0]|uniform[1]|permuted-requests|strided-qkv,0.033824000507593155,0.035679999738931656,0.03292800113558769,0.0009812058467171352,0.032911639427766204,0.038807978853583336,307200,299008,606208,17.922421679952148,3.2416070604039944,4.912284838853993
graph_compile,mqa,71,1,64,32,128,bf16,uniform,packed,identity,1234,pass,q_maxdiff=3.91e-03 k_maxdiff=0.00e+00 cases=4,uniform[0]|uniform[1]|permuted-requests|strided-qkv,0.010879999957978725,0.011872000060975552,0.007104000076651573,0.0015269960567085093,0.006198839982971549,0.01221697311848402,307200,299008,606208,55.71764727401899,10.077584492646617,15.271426978360703
eager,mqa,71,1,64,32,128,bf16,uniform,packed,permuted,1234,pass,q_maxdiff=0.00e+00 k_maxdiff=0.00e+00 cases=4,uniform[0]|uniform[1]|permuted-requests|strided-qkv,0.09211200103163719,0.10035199671983719,0.08825600147247314,0.004057138782076231,0.07928116014227271,0.09110604878515005,307200,299008,606208,6.581205415261679,1.1903347840512488,1.803816256535041
compile,mqa,71,1,64,32,128,bf16,uniform,packed,permuted,1234,pass,q_maxdiff=3.91e-03 k_maxdiff=0.00e+00 cases=4,uniform[0]|uniform[1]|permuted-requests|strided-qkv,0.03057599999010563,0.035711999982595444,0.029503999277949333,0.0026558284565484304,0.022940910421311855,0.028964481316506863,307200,299008,606208,19.82626897554188,3.585953652930502,5.43410272555621
graph_eager,mqa,71,1,64,32,128,bf16,uniform,packed,permuted,1234,pass,q_maxdiff=0.00e+00 k_maxdiff=0.00e+00 cases=4,uniform[0]|uniform[1]|permuted-requests|strided-qkv,0.03372799977660179,0.0344959981739521,0.03267199918627739,0.0007507257271728206,0.03299520001746714,0.038742495235055685,307200,299008,606208,17.973434654151838,3.2508337162818046,4.926266780815904
graph_compile,mqa,71,1,64,32,128,bf16,uniform,packed,permuted,1234,pass,q_maxdiff=3.91e-03 k_maxdiff=0.00e+00 cases=4,uniform[0]|uniform[1]|permuted-requests|strided-qkv,0.010975999757647514,0.01603199914097786,0.006591999903321266,0.0020762563871903985,0.006309959571808577,0.012183038052171469,307200,299008,606208,55.23032191920607,9.98944253621433,15.137857921969491
eager,mqa,71,1,64,32,128,bf16,uniform,strided,identity,1234,pass,q_maxdiff=0.00e+00 k_maxdiff=0.00e+00 cases=4,uniform[0]|uniform[1]|permuted-requests|strided-qkv,0.09230400249361992,0.10329599678516388,0.09027200192213058,0.004289217301044864,0.07876549963839352,0.0921374885365367,307200,299008,606208,6.567515856551305,1.1878587698740464,1.8000641401690483
compile,mqa,71,1,64,32,128,bf16,uniform,strided,identity,1234,pass,q_maxdiff=3.91e-03 k_maxdiff=0.00e+00 cases=4,uniform[0]|uniform[1]|permuted-requests|strided-qkv,0.030527999624609947,0.03705599904060364,0.028896000236272812,0.002736973631784433,0.024044179590418935,0.029430491849780083,307200,299008,606208,19.857442592187052,3.591591987839693,5.442646977396329
graph_eager,mqa,71,1,64,32,128,bf16,uniform,strided,identity,1234,pass,q_maxdiff=0.00e+00 k_maxdiff=0.00e+00 cases=4,uniform[0]|uniform[1]|permuted-requests|strided-qkv,0.03372799977660179,0.03551999852061272,0.032607998698949814,0.0012568549003085382,0.033048189943656325,0.04002999048680067,307200,299008,606208,17.973434654151838,3.2508337162818046,4.926266780815904
graph_compile,mqa,71,1,64,32,128,bf16,uniform,strided,identity,1234,pass,q_maxdiff=3.91e-03 k_maxdiff=0.00e+00 cases=4,uniform[0]|uniform[1]|permuted-requests|strided-qkv,0.010975999757647514,0.011935999616980553,0.006783999968320131,0.0013144912909423786,0.006287719588726759,0.011631986126303673,307200,299008,606208,55.23032191920607,9.98944253621433,15.137857921969491
eager,mqa,71,1,64,32,128,bf16,uniform,strided,permuted,1234,pass,q_maxdiff=0.00e+00 k_maxdiff=0.00e+00 cases=4,uniform[0]|uniform[1]|permuted-requests|strided-qkv,0.0928799994289875,0.10438399761915207,0.08342400193214417,0.004678258792337151,0.08089459035545588,0.08986896136775613,307200,299008,606208,6.526787292494371,1.1804922430081621,1.788901011028472
compile,mqa,71,1,64,32,128,bf16,uniform,strided,permuted,1234,pass,q_maxdiff=3.91e-03 k_maxdiff=0.00e+00 cases=4,uniform[0]|uniform[1]|permuted-requests|strided-qkv,0.03049599938094616,0.03519999980926514,0.028863999992609024,0.0030390796726406694,0.022859149612486362,0.028313486836850643,307200,299008,606208,19.87827952209225,3.5953607385310904,5.4483580881317755
graph_eager,mqa,71,1,64,32,128,bf16,uniform,strided,permuted,1234,pass,q_maxdiff=0.00e+00 k_maxdiff=0.00e+00 cases=4,uniform[0]|uniform[1]|permuted-requests|strided-qkv,0.033743999898433685,0.035551998764276505,0.03270399942994118,0.0010749844628934445,0.03308587009087205,0.039469043258577585,307200,299008,606208,17.96491233477448,3.249292294527647,4.923930932401173
graph_compile,mqa,71,1,64,32,128,bf16,uniform,strided,permuted,1234,pass,q_maxdiff=3.91e-03 k_maxdiff=0.00e+00 cases=4,uniform[0]|uniform[1]|permuted-requests|strided-qkv,0.010928000323474407,0.014944000169634819,0.010048000141978264,0.0016144492181084332,0.006189029663801193,0.012112956028431654,307200,299008,606208,55.472911974371584,10.033319510523443,15.204348459427344
eager,mqa,71,1,64,32,128,bf16,ragged,packed,identity,1234,pass,q_maxdiff=0.00e+00 k_maxdiff=0.00e+00 cases=5,ragged[0]|ragged[1]|uniform|permuted-requests|strided-qkv,0.09153599664568901,0.11235199868679047,0.08860799670219421,0.008354868649376733,0.07824542000889778,0.08902698755264282,307200,299008,606208,6.62261866603656,1.1978251493882224,1.8151670487182574
compile,mqa,71,1,64,32,128,bf16,ragged,packed,identity,1234,pass,q_maxdiff=7.81e-03 k_maxdiff=0.00e+00 cases=5,ragged[0]|ragged[1]|uniform|permuted-requests|strided-qkv,0.031231999397277832,0.03683200106024742,0.02908799983561039,0.0026488067740522924,0.023286850191652775,0.028778507839888334,307200,299008,606208,19.409836440149167,3.5106339963005637,5.319964398351054
graph_eager,mqa,71,1,64,32,128,bf16,ragged,packed,identity,1234,pass,q_maxdiff=0.00e+00 k_maxdiff=0.00e+00 cases=5,ragged[0]|ragged[1]|uniform|permuted-requests|strided-qkv,0.03379200026392937,0.035232000052928925,0.032607998698949814,0.0010005003480493975,0.032863449305295944,0.03883300814777613,307200,299008,606208,17.939393799279923,3.2446767874099423,4.916936659123925
graph_compile,mqa,71,1,64,32,128,bf16,ragged,packed,identity,1234,pass,q_maxdiff=7.81e-03 k_maxdiff=0.00e+00 cases=5,ragged[0]|ragged[1]|uniform|permuted-requests|strided-qkv,0.010912000201642513,0.012384000234305859,0.010048000141978264,0.0013456436310010967,0.006340710679069161,0.01223292201757431,307200,299008,606208,55.55425117282819,10.048031234458577,15.226642394840653
eager,mqa,71,1,64,32,128,bf16,ragged,packed,permuted,1234,pass,q_maxdiff=0.00e+00 k_maxdiff=0.00e+00 cases=5,ragged[0]|ragged[1]|uniform|permuted-requests|strided-qkv,0.09116800129413605,0.09990400075912476,0.08905600011348724,0.0035885032933803095,0.07870087050832808,0.08981401333585382,307200,299008,606208,6.64935055496266,1.2026601142957667,1.8224938851821322
compile,mqa,71,1,64,32,128,bf16,ragged,packed,permuted,1234,pass,q_maxdiff=7.81e-03 k_maxdiff=0.00e+00 cases=5,ragged[0]|ragged[1]|uniform|permuted-requests|strided-qkv,0.03177599981427193,0.038656000047922134,0.027904000133275986,0.0027706156485725773,0.023612959776073694,0.029249931685626507,307200,299008,606208,19.07754291110383,3.450532461523886,5.228887394700114
graph_eager,mqa,71,1,64,32,128,bf16,ragged,packed,permuted,1234,pass,q_maxdiff=0.00e+00 k_maxdiff=0.00e+00 cases=5,ragged[0]|ragged[1]|uniform|permuted-requests|strided-qkv,0.03377600014209747,0.03548799827694893,0.0326399989426136,0.0008638421573991741,0.032732009422034025,0.038717465940862894,307200,299008,606208,17.94789191880773,3.2462138321661382,4.919265874698732
graph_compile,mqa,71,1,64,32,128,bf16,ragged,packed,permuted,1234,pass,q_maxdiff=7.81e-03 k_maxdiff=0.00e+00 cases=5,ragged[0]|ragged[1]|uniform|permuted-requests|strided-qkv,0.010912000201642513,0.01196799986064434,0.010080000385642052,0.0009078514092359888,0.006371369818225503,0.012087984941899776,307200,299008,606208,55.55425117282819,10.048031234458577,15.226642394840653
eager,mqa,71,1,64,32,128,bf16,ragged,strided,identity,1234,pass,q_maxdiff=0.00e+00 k_maxdiff=0.00e+00 cases=5,ragged[0]|ragged[1]|uniform|permuted-requests|strided-qkv,0.09275199845433235,0.10169599950313568,0.09014400094747543,0.004496598002896094,0.07910783984698355,0.09020895231515169,307200,299008,606208,6.535794485317472,1.182121363244879,1.7913697564656494
compile,mqa,71,1,64,32,128,bf16,ragged,strided,identity,1234,pass,q_maxdiff=7.81e-03 k_maxdiff=0.00e+00 cases=5,ragged[0]|ragged[1]|uniform|permuted-requests|strided-qkv,0.030160000547766685,0.03750399872660637,0.02783999964594841,0.00259043590922551,0.02285034046508372,0.028519018087536097,307200,299008,606208,20.099734382958726,3.6354150154231775,5.509055764760027
graph_eager,mqa,71,1,64,32,128,bf16,ragged,strided,identity,1234,pass,q_maxdiff=0.00e+00 k_maxdiff=0.00e+00 cases=5,ragged[0]|ragged[1]|uniform|permuted-requests|strided-qkv,0.033743999898433685,0.035392001271247864,0.032607998698949814,0.0011184628126034448,0.03293258021585643,0.039258506149053574,307200,299008,606208,17.96491233477448,3.249292294527647,4.923930932401173
graph_compile,mqa,71,1,64,32,128,bf16,ragged,strided,identity,1234,pass,q_maxdiff=7.81e-03 k_maxdiff=0.00e+00 cases=5,ragged[0]|ragged[1]|uniform|permuted-requests|strided-qkv,0.011008000001311302,0.012095999903976917,0.005504000000655651,0.0017744800451576486,0.006123710190877318,0.01198798418045044,307200,299008,606208,55.069767435300406,9.960403237959772,15.09385218595994
eager,mqa,71,1,64,32,128,bf16,ragged,strided,permuted,1234,pass,q_maxdiff=0.00e+00 k_maxdiff=0.00e+00 cases=5,ragged[0]|ragged[1]|uniform|permuted-requests|strided-qkv,0.09382399916648865,0.10268799960613251,0.09187199920415878,0.004097848984142014,0.07978270994499326,0.0920930178835988,307200,299008,606208,6.4611187477129075,1.1686148515366646,1.7709021823723856
compile,mqa,71,1,64,32,128,bf16,ragged,strided,permuted,1234,pass,q_maxdiff=7.81e-03 k_maxdiff=0.00e+00 cases=5,ragged[0]|ragged[1]|uniform|permuted-requests|strided-qkv,0.030511999502778053,0.03577600046992302,0.02921600081026554,0.0026421602154964377,0.023396160686388612,0.028718961402773857,307200,299008,606208,19.86785559382321,3.593475375041855,5.445501035345512
graph_eager,mqa,71,1,64,32,128,bf16,ragged,strided,permuted,1234,pass,q_maxdiff=0.00e+00 k_maxdiff=0.00e+00 cases=5,ragged[0]|ragged[1]|uniform|permuted-requests|strided-qkv,0.03376000002026558,0.03471999987959862,0.032607998698949814,0.0009102321648701818,0.03305370919406414,0.03891298547387123,307200,299008,606208,17.95639809348647,3.2477523338478878,4.921597298077625
graph_compile,mqa,71,1,64,32,128,bf16,ragged,strided,permuted,1234,pass,q_maxdiff=7.81e-03 k_maxdiff=0.00e+00 cases=5,ragged[0]|ragged[1]|uniform|permuted-requests|strided-qkv,0.010879999957978725,0.012959999963641167,0.00800000037997961,0.0017571250984952781,0.006290720775723457,0.012062489986419678,307200,299008,606208,55.71764727401899,10.077584492646617,15.271426978360703
eager,mqa,71,1,64,32,128,fp16,uniform,packed,identity,1234,pass,q_maxdiff=0.00e+00 k_maxdiff=0.00e+00 cases=4,uniform[0]|uniform[1]|permuted-requests|strided-qkv,0.09196799993515015,0.10028800368309021,0.09033600240945816,0.0035857867618965806,0.07919579977169633,0.08990400237962604,307200,299008,606208,6.5915100951141525,1.1921985792214265,1.806640625
compile,mqa,71,1,64,32,128,fp16,uniform,packed,identity,1234,pass,q_maxdiff=4.88e-04 k_maxdiff=0.00e+00 cases=4,uniform[0]|uniform[1]|permuted-requests|strided-qkv,0.03001599945127964,0.03705599904060364,0.02723200060427189,0.002392097963647498,0.023365310626104474,0.02849305747076869,307200,299008,606208,20.196162416112923,3.652855838916532,5.53548533849524
graph_eager,mqa,71,1,64,32,128,fp16,uniform,packed,identity,1234,pass,q_maxdiff=0.00e+00 k_maxdiff=0.00e+00 cases=4,uniform[0]|uniform[1]|permuted-requests|strided-qkv,0.03399999998509884,0.03654399886727333,0.03299200162291527,0.0010707285947127328,0.032755250576883554,0.03782601561397314,307200,299008,606208,17.82964706663772,3.2248270266051744,4.886856616342926
graph_compile,mqa,71,1,64,32,128,fp16,uniform,packed,identity,1234,pass,q_maxdiff=4.88e-04 k_maxdiff=0.00e+00 cases=4,uniform[0]|uniform[1]|permuted-requests|strided-qkv,0.010816000401973724,0.011455999687314034,0.006111999973654747,0.0011128594167151109,0.006277289940044284,0.012167554814368486,307200,299008,606208,56.0473351951224,10.13721475421859,15.361789821357593
eager,mqa,71,1,64,32,128,fp16,uniform,packed,permuted,1234,pass,q_maxdiff=0.00e+00 k_maxdiff=0.00e+00 cases=4,uniform[0]|uniform[1]|permuted-requests|strided-qkv,0.09079999849200249,0.09948799759149551,0.08803199976682663,0.005265166034110549,0.0795573799405247,0.08870696183294058,307200,299008,606208,6.676299670350698,1.2075343686947257,1.829880260377693
compile,mqa,71,1,64,32,128,fp16,uniform,packed,permuted,1234,pass,q_maxdiff=4.88e-04 k_maxdiff=0.00e+00 cases=4,uniform[0]|uniform[1]|permuted-requests|strided-qkv,0.030848000198602676,0.03574400022625923,0.02940800040960312,0.002728672944220783,0.023141780402511358,0.028233567718416452,307200,299008,606208,19.651452155639557,3.5543347429532504,5.386187882946327
graph_eager,mqa,71,1,64,32,128,fp16,uniform,packed,permuted,1234,pass,q_maxdiff=0.00e+00 k_maxdiff=0.00e+00 cases=4,uniform[0]|uniform[1]|permuted-requests|strided-qkv,0.03372799977660179,0.03465599939227104,0.03254399821162224,0.0007239761348907055,0.03294079098850489,0.03866245970129967,307200,299008,606208,17.973434654151838,3.2508337162818046,4.926266780815904
graph_compile,mqa,71,1,64,32,128,fp16,uniform,packed,permuted,1234,pass,q_maxdiff=4.88e-04 k_maxdiff=0.00e+00 cases=4,uniform[0]|uniform[1]|permuted-requests|strided-qkv,0.010847999714314938,0.011776000261306763,0.007519999984651804,0.0011263670411966952,0.006259060464799404,0.012037984561175108,307200,299008,606208,55.88200737137305,10.107312107672415,15.316475779731562
eager,mqa,71,1,64,32,128,fp16,uniform,strided,identity,1234,pass,q_maxdiff=0.00e+00 k_maxdiff=0.00e+00 cases=4,uniform[0]|uniform[1]|permuted-requests|strided-qkv,0.0920960009098053,0.1005759984254837,0.08892799913883209,0.004613335115599779,0.07916445028968155,0.09016896365210414,307200,299008,606208,6.582348788344165,1.1905415845787137,1.8041296390878314
compile,mqa,71,1,64,32,128,fp16,uniform,strided,identity,1234,pass,q_maxdiff=4.88e-04 k_maxdiff=0.00e+00 cases=4,uniform[0]|uniform[1]|permuted-requests|strided-qkv,0.029888000339269638,0.034304000437259674,0.02864000014960766,0.002664361923250282,0.024363279808312654,0.027781992685049772,307200,299008,606208,20.28265501601683,3.668499652432806,5.559191749089088
graph_eager,mqa,71,1,64,32,128,fp16,uniform,strided,identity,1234,pass,q_maxdiff=0.00e+00 k_maxdiff=0.00e+00 cases=4,uniform[0]|uniform[1]|permuted-requests|strided-qkv,0.03376000002026558,0.03548799827694893,0.03270399942994118,0.0009651050667680579,0.03312663990072906,0.03957399167120457,307200,299008,606208,17.95639809348647,3.2477523338478878,4.921597298077625
graph_compile,mqa,71,1,64,32,128,fp16,uniform,strided,identity,1234,pass,q_maxdiff=4.88e-04 k_maxdiff=0.00e+00 cases=4,uniform[0]|uniform[1]|permuted-requests|strided-qkv,0.010879999957978725,0.011839999817311764,0.010080000385642052,0.0009570086925053391,0.006317270454019308,0.012222968507558107,307200,299008,606208,55.71764727401899,10.077584492646617,15.271426978360703
eager,mqa,71,1,64,32,128,fp16,uniform,strided,permuted,1234,pass,q_maxdiff=0.00e+00 k_maxdiff=0.00e+00 cases=4,uniform[0]|uniform[1]|permuted-requests|strided-qkv,0.0915519967675209,0.10320000350475311,0.08320000022649765,0.004756971710076359,0.07784225977957249,0.08838105713948607,307200,299008,606208,6.621461261400462,1.1976158109903698,1.814849820313087
compile,mqa,71,1,64,32,128,fp16,uniform,strided,permuted,1234,pass,q_maxdiff=4.88e-04 k_maxdiff=0.00e+00 cases=4,uniform[0]|uniform[1]|permuted-requests|strided-qkv,0.030511999502778053,0.03968000039458275,0.02908799983561039,0.004206558946402989,0.023428930435329676,0.029014016035944223,307200,299008,606208,19.86785559382321,3.593475375041855,5.445501035345512
graph_eager,mqa,71,1,64,32,128,fp16,uniform,strided,permuted,1234,pass,q_maxdiff=0.00e+00 k_maxdiff=0.00e+00 cases=4,uniform[0]|uniform[1]|permuted-requests|strided-qkv,0.033743999898433685,0.03510399907827377,0.032575998455286026,0.0008582681951155511,0.03327741986140609,0.03984500654041767,307200,299008,606208,17.96491233477448,3.249292294527647,4.923930932401173
graph_compile,mqa,71,1,64,32,128,fp16,uniform,strided,permuted,1234,pass,q_maxdiff=4.88e-04 k_maxdiff=0.00e+00 cases=4,uniform[0]|uniform[1]|permuted-requests|strided-qkv,0.010816000401973724,0.012543999589979649,0.006912000011652708,0.0015071941468553416,0.006075219716876745,0.012173026334494352,307200,299008,606208,56.0473351951224,10.13721475421859,15.361789821357593
eager,mqa,71,1,64,32,128,fp16,ragged,packed,identity,1234,pass,q_maxdiff=0.00e+00 k_maxdiff=0.00e+00 cases=5,ragged[0]|ragged[1]|uniform|permuted-requests|strided-qkv,0.09187199920415878,0.09923200309276581,0.08899199962615967,0.0031685956621870614,0.07844119099900126,0.08998403791338205,307200,299008,606208,6.598397827970186,1.1934443552585605,1.808528456136158
compile,mqa,71,1,64,32,128,fp16,ragged,packed,identity,1234,pass,q_maxdiff=9.77e-04 k_maxdiff=0.00e+00 cases=5,ragged[0]|ragged[1]|uniform|permuted-requests|strided-qkv,0.030640000477433205,0.0382080003619194,0.02908799983561039,0.0030534563385824338,0.023273630067706108,0.02897402737289667,307200,299008,606208,19.784856088578746,3.5784633533957257,5.422752033088699
graph_eager,mqa,71,1,64,32,128,fp16,ragged,packed,identity,1234,pass,q_maxdiff=0.00e+00 k_maxdiff=0.00e+00 cases=5,ragged[0]|ragged[1]|uniform|permuted-requests|strided-qkv,0.03385600075125694,0.03558399900794029,0.03270399942994118,0.001251412725853464,0.032930970191955566,0.03782601561397314,307200,299008,606208,17.905481644269337,3.2385431363286936,4.9076418122619225
graph_compile,mqa,71,1,64,32,128,fp16,ragged,packed,identity,1234,pass,q_maxdiff=9.77e-04 k_maxdiff=0.00e+00 cases=5,ragged[0]|ragged[1]|uniform|permuted-requests|strided-qkv,0.010847999714314938,0.01142400037497282,0.007615999784320593,0.0011653361015293926,0.006223300006240606,0.01222302671521902,307200,299008,606208,55.88200737137305,10.107312107672415,15.316475779731562
eager,mqa,71,1,64,32,128,fp16,ragged,packed,permuted,1234,pass,q_maxdiff=0.00e+00 k_maxdiff=0.00e+00 cases=5,ragged[0]|ragged[1]|uniform|permuted-requests|strided-qkv,0.09204800054430962,0.10784000158309937,0.08371199667453766,0.005459646613415258,0.07919240044429898,0.09107595542445779,307200,299008,606208,6.585781292535372,1.1911624175230435,1.8050704404258913
compile,mqa,71,1,64,32,128,fp16,ragged,packed,permuted,1234,pass,q_maxdiff=9.77e-04 k_maxdiff=0.00e+00 cases=5,ragged[0]|ragged[1]|uniform|permuted-requests|strided-qkv,0.030799999833106995,0.03728000074625015,0.029279999434947968,0.002584576589157449,0.02302445936948061,0.02870894968509674,307200,299008,606208,19.68207802872731,3.559874008137673,5.394582005946677
graph_eager,mqa,71,1,64,32,128,fp16,ragged,packed,permuted,1234,pass,q_maxdiff=0.00e+00 k_maxdiff=0.00e+00 cases=5,ragged[0]|ragged[1]|uniform|permuted-requests|strided-qkv,0.03376000002026558,0.03488000109791756,0.03254399821162224,0.0008180076835075681,0.032994101056829095,0.03789603943005204,307200,299008,606208,17.95639809348647,3.2477523338478878,4.921597298077625
graph_compile,mqa,71,1,64,32,128,fp16,ragged,packed,permuted,1234,pass,q_maxdiff=9.77e-04 k_maxdiff=0.00e+00 cases=5,ragged[0]|ragged[1]|uniform|permuted-requests|strided-qkv,0.010784000158309937,0.014592000283300877,0.007872000336647034,0.0016714150302921552,0.0062925193924456835,0.012207485269755125,307200,299008,606208,56.213649026411424,10.167295738773953,15.407374113844511
eager,mqa,71,1,64,32,128,fp16,ragged,strided,identity,1234,pass,q_maxdiff=0.00e+00 k_maxdiff=0.00e+00 cases=5,ragged[0]|ragged[1]|uniform|permuted-requests|strided-qkv,0.09305600076913834,0.10335999727249146,0.0907519981265068,0.004140630529284776,0.08013277081772685,0.0920229940675199,307200,299008,606208,6.514442862249529,1.178259520614229,1.785517575540853
compile,mqa,71,1,64,32,128,fp16,ragged,strided,identity,1234,pass,q_maxdiff=9.77e-04 k_maxdiff=3.81e-06 cases=5,ragged[0]|ragged[1]|uniform|permuted-requests|strided-qkv,0.030559999868273735,0.03747199848294258,0.028991999104619026,0.0030708064973425852,0.023628899361938238,0.029210001230239868,307200,299008,606208,19.836649300163863,3.587831129880034,5.436947827193339
graph_eager,mqa,71,1,64,32,128,fp16,ragged,strided,identity,1234,pass,q_maxdiff=0.00e+00 k_maxdiff=0.00e+00 cases=5,ragged[0]|ragged[1]|uniform|permuted-requests|strided-qkv,0.03376000002026558,0.03542400151491165,0.032575998455286026,0.0010078332967600637,0.033065120223909616,0.039814505726099014,307200,299008,606208,17.95639809348647,3.2477523338478878,4.921597298077625
graph_compile,mqa,71,1,64,32,128,fp16,ragged,strided,identity,1234,pass,q_maxdiff=9.77e-04 k_maxdiff=3.81e-06 cases=5,ragged[0]|ragged[1]|uniform|permuted-requests|strided-qkv,0.010944000445306301,0.012256000190973282,0.008576000109314919,0.0012774695144672896,0.006225899560377002,0.01217803219333291,307200,299008,606208,55.39181061162991,10.018650803650761,15.182119711453405
eager,mqa,71,1,64,32,128,fp16,ragged,strided,permuted,1234,pass,q_maxdiff=0.00e+00 k_maxdiff=0.00e+00 cases=5,ragged[0]|ragged[1]|uniform|permuted-requests|strided-qkv,0.09366399794816971,0.10380800068378448,0.09177599847316742,0.004950538730539427,0.07965086027979851,0.0908304937183857,307200,299008,606208,6.47215593269309,1.1706111340367447,1.773927320236563
compile,mqa,71,1,64,32,128,fp16,ragged,strided,permuted,1234,pass,q_maxdiff=9.77e-04 k_maxdiff=3.81e-06 cases=5,ragged[0]|ragged[1]|uniform|permuted-requests|strided-qkv,0.030848000198602676,0.037408001720905304,0.02940800040960312,0.0024783686636682305,0.02305012079887092,0.028528505936264992,307200,299008,606208,19.651452155639557,3.5543347429532504,5.386187882946327
graph_eager,mqa,71,1,64,32,128,fp16,ragged,strided,permuted,1234,pass,q_maxdiff=0.00e+00 k_maxdiff=0.00e+00 cases=5,ragged[0]|ragged[1]|uniform|permuted-requests|strided-qkv,0.03372799977660179,0.0352960005402565,0.03270399942994118,0.0015590692466081319,0.03310429980047047,0.039248436223715544,307200,299008,606208,17.973434654151838,3.2508337162818046,4.926266780815904
graph_compile,mqa,71,1,64,32,128,fp16,ragged,strided,permuted,1234,pass,q_maxdiff=9.77e-04 k_maxdiff=3.81e-06 cases=5,ragged[0]|ragged[1]|uniform|permuted-requests|strided-qkv,0.010816000401973724,0.011872000060975552,0.009472000412642956,0.0011630580273393456,0.006237829802557826,0.011020980309695005,307200,299008,606208,56.0473351951224,10.13721475421859,15.361789821357593
eager,mqa,71,1,64,32,128,fp32,uniform,packed,identity,1234,pass,q_maxdiff=0.00e+00 k_maxdiff=0.00e+00 cases=4,uniform[0]|uniform[1]|permuted-requests|strided-qkv,0.0764160007238388,0.08428800106048584,0.0751039981842041,0.003971880128289742,0.06470637978054583,0.07489550625905395,606208,598016,1204224,15.758793820576496,2.8502742667512107,4.319264736976694
compile,mqa,71,1,64,32,128,fp32,uniform,packed,identity,1234,pass,q_maxdiff=4.77e-07 k_maxdiff=2.38e-07 cases=4,uniform[0]|uniform[1]|permuted-requests|strided-qkv,0.03049599938094616,0.03721600025892258,0.02691200003027916,0.0029106874836285737,0.02276257029734552,0.028563954401761293,606208,598016,1204224,39.487933645237305,7.142135521136084,10.82308971561312
graph_eager,mqa,71,1,64,32,128,fp32,uniform,packed,identity,1234,pass,q_maxdiff=0.00e+00 k_maxdiff=0.00e+00 cases=4,uniform[0]|uniform[1]|permuted-requests|strided-qkv,0.02768000029027462,0.0297279991209507,0.026559999212622643,0.000986393260719715,0.026807269314303994,0.032120500691235065,606208,598016,1204224,43.50520185590839,7.868734037106426,11.924166683742037
graph_compile,mqa,71,1,64,32,128,fp32,uniform,packed,identity,1234,pass,q_maxdiff=4.77e-07 k_maxdiff=2.38e-07 cases=4,uniform[0]|uniform[1]|permuted-requests|strided-qkv,0.010879999957978725,0.012543999589979649,0.009119999594986439,0.0010365429454073634,0.006462039891630411,0.012853997759521008,606208,598016,1204224,110.68235336865934,20.018985411068282,30.336483321878696
eager,mqa,71,1,64,32,128,fp32,uniform,packed,permuted,1234,pass,q_maxdiff=0.00e+00 k_maxdiff=0.00e+00 cases=4,uniform[0]|uniform[1]|permuted-requests|strided-qkv,0.07519999891519547,0.08563199639320374,0.0737600028514862,0.004455942041694324,0.06402199040167034,0.07374852430075407,606208,598016,1204224,16.013617252282508,2.896363877303036,4.389108271656743
compile,mqa,71,1,64,32,128,fp32,uniform,packed,permuted,1234,pass,q_maxdiff=4.77e-07 k_maxdiff=2.38e-07 cases=4,uniform[0]|uniform[1]|permuted-requests|strided-qkv,0.03086400032043457,0.03743999823927879,0.0289280004799366,0.003311342430803174,0.022800639271736145,0.028237991500645876,606208,598016,1204224,39.01710690440546,7.056977649361716,10.694042698306166
graph_eager,mqa,71,1,64,32,128,fp32,uniform,packed,permuted,1234,pass,q_maxdiff=0.00e+00 k_maxdiff=0.00e+00 cases=4,uniform[0]|uniform[1]|permuted-requests|strided-qkv,0.027583999559283257,0.028416000306606293,0.026528000831604004,0.0008061508288512462,0.02686056075617671,0.0327114830724895,606208,598016,1204224,43.65661322651539,7.89611963134976,11.965666420415172
graph_compile,mqa,71,1,64,32,128,fp32,uniform,packed,permuted,1234,pass,q_maxdiff=4.77e-07 k_maxdiff=2.38e-07 cases=4,uniform[0]|uniform[1]|permuted-requests|strided-qkv,0.010863999836146832,0.011839999817311764,0.0077760000713169575,0.0007708563016875559,0.006379989208653569,0.01293898094445467,606208,598016,1204224,110.8453624965357,20.048468677853897,30.38116184143153
eager,mqa,71,1,64,32,128,fp32,uniform,strided,identity,1234,pass,q_maxdiff=0.00e+00 k_maxdiff=0.00e+00 cases=4,uniform[0]|uniform[1]|permuted-requests|strided-qkv,0.07646400108933449,0.08448000252246857,0.07475200295448303,0.003282485196491426,0.06442485027946532,0.07456052117049694,606208,598016,1204224,15.748901219452012,2.848485003769704,4.316553313521292
compile,mqa,71,1,64,32,128,fp32,uniform,strided,identity,1234,pass,q_maxdiff=4.77e-07 k_maxdiff=2.38e-07 cases=4,uniform[0]|uniform[1]|permuted-requests|strided-qkv,0.031072000041604042,0.0382080003619194,0.029120000079274178,0.0029642866265460434,0.023248479701578617,0.029370479751378298,606208,598016,1204224,38.75592167828261,7.009737388631767,10.622455484852134
graph_eager,mqa,71,1,64,32,128,fp32,uniform,strided,identity,1234,pass,q_maxdiff=0.00e+00 k_maxdiff=0.00e+00 cases=4,uniform[0]|uniform[1]|permuted-requests|strided-qkv,0.027583999559283257,0.028351999819278717,0.026399999856948853,0.0008919575020310029,0.02658504992723465,0.03182946238666773,606208,598016,1204224,43.65661322651539,7.89611963134976,11.965666420415172
graph_compile,mqa,71,1,64,32,128,fp32,uniform,strided,identity,1234,pass,q_maxdiff=4.77e-07 k_maxdiff=2.38e-07 cases=4,uniform[0]|uniform[1]|permuted-requests|strided-qkv,0.010879999957978725,0.012640000320971012,0.005824000108987093,0.0012594582576458924,0.006432589143514633,0.01226295717060566,606208,598016,1204224,110.68235336865934,20.018985411068282,30.336483321878696
eager,mqa,71,1,64,32,128,fp32,uniform,strided,permuted,1234,pass,q_maxdiff=0.00e+00 k_maxdiff=0.00e+00 cases=4,uniform[0]|uniform[1]|permuted-requests|strided-qkv,0.07636800035834312,0.08425600081682205,0.0748480036854744,0.0032277735651366035,0.06448607076890767,0.07397402077913284,606208,598016,1204224,15.76869885749784,2.852065778980482,4.321979568909894
compile,mqa,71,1,64,32,128,fp32,uniform,strided,permuted,1234,pass,q_maxdiff=4.77e-07 k_maxdiff=2.38e-07 cases=4,uniform[0]|uniform[1]|permuted-requests|strided-qkv,0.030704000033438206,0.03888000175356865,0.02937600016593933,0.0033290558057370518,0.022924370132386684,0.028483453206717968,606208,598016,1204224,39.22042726317545,7.093751960461088,10.74976996182287
graph_eager,mqa,71,1,64,32,128,fp32,uniform,strided,permuted,1234,pass,q_maxdiff=0.00e+00 k_maxdiff=0.00e+00 cases=4,uniform[0]|uniform[1]|permuted-requests|strided-qkv,0.027583999559283257,0.028351999819278717,0.026464000344276428,0.0008219002628318025,0.026758669409900904,0.032555952202528715,606208,598016,1204224,43.65661322651539,7.89611963134976,11.965666420415172
graph_compile,mqa,71,1,64,32,128,fp32,uniform,strided,permuted,1234,pass,q_maxdiff=4.77e-07 k_maxdiff=2.38e-07 cases=4,uniform[0]|uniform[1]|permuted-requests|strided-qkv,0.01089600007981062,0.012703999876976013,0.007199999876320362,0.0016202003241365971,0.006318570813164115,0.012253003660589457,606208,598016,1204224,110.51982297901472,19.98958873309638,30.291936017772052
eager,mqa,71,1,64,32,128,fp32,ragged,packed,identity,1234,pass,q_maxdiff=0.00e+00 k_maxdiff=0.00e+00 cases=5,ragged[0]|ragged[1]|uniform|permuted-requests|strided-qkv,0.0761759988963604,0.09123200178146362,0.07478400319814682,0.005295158581330056,0.06466299993917346,0.07530144648626447,606208,598016,1204224,15.808443833317904,2.859254405413595,4.33287311028661
compile,mqa,71,1,64,32,128,fp32,ragged,packed,identity,1234,pass,q_maxdiff=4.77e-07 k_maxdiff=2.38e-07 cases=5,ragged[0]|ragged[1]|uniform|permuted-requests|strided-qkv,0.03150400146842003,0.03999999910593033,0.026208000257611275,0.0035951784465934437,0.022943910444155335,0.028283509891480207,606208,598016,1204224,38.224477649517894,6.913615740195145,10.476794117665321
graph_eager,mqa,71,1,64,32,128,fp32,ragged,packed,identity,1234,pass,q_maxdiff=0.00e+00 k_maxdiff=0.00e+00 cases=5,ragged[0]|ragged[1]|uniform|permuted-requests|strided-qkv,0.027583999559283257,0.028575999662280083,0.02643200010061264,0.0006900615708997896,0.02670807996764779,0.032356008887290955,606208,598016,1204224,43.65661322651539,7.89611963134976,11.965666420415172
graph_compile,mqa,71,1,64,32,128,fp32,ragged,packed,identity,1234,pass,q_maxdiff=4.77e-07 k_maxdiff=2.38e-07 cases=5,ragged[0]|ragged[1]|uniform|permuted-requests|strided-qkv,0.010975999757647514,0.012512000277638435,0.007199999876320362,0.0012116491342699035,0.006358750397339463,0.012443575542420149,606208,598016,1204224,109.71428813680126,19.843892605723063,30.071150196344803
eager,mqa,71,1,64,32,128,fp32,ragged,packed,permuted,1234,pass,q_maxdiff=0.00e+00 k_maxdiff=0.00e+00 cases=5,ragged[0]|ragged[1]|uniform|permuted-requests|strided-qkv,0.07566400244832039,0.08457600325345993,0.07360000163316727,0.0032493534982439916,0.06434741080738604,0.07472047582268715,606208,598016,1204224,15.915415006264073,2.878602154042335,4.362192411017364
compile,mqa,71,1,64,32,128,fp32,ragged,packed,permuted,1234,pass,q_maxdiff=4.77e-07 k_maxdiff=2.38e-07 cases=5,ragged[0]|ragged[1]|uniform|permuted-requests|strided-qkv,0.031168000772595406,0.03747199848294258,0.029759999364614487,0.00263093853536256,0.023401370272040367,0.02888450399041176,606208,598016,1204224,38.63654935028168,6.988146657860294,10.589737201157604
graph_eager,mqa,71,1,64,32,128,fp32,ragged,packed,permuted,1234,pass,q_maxdiff=0.00e+00 k_maxdiff=0.00e+00 cases=5,ragged[0]|ragged[1]|uniform|permuted-requests|strided-qkv,0.027583999559283257,0.028384000062942505,0.026367999613285065,0.000718727315689531,0.02668934059329331,0.031755014788359404,606208,598016,1204224,43.65661322651539,7.89611963134976,11.965666420415172
graph_compile,mqa,71,1,64,32,128,fp32,ragged,packed,permuted,1234,pass,q_maxdiff=4.77e-07 k_maxdiff=2.38e-07 cases=5,ragged[0]|ragged[1]|uniform|permuted-requests|strided-qkv,0.010944000445306301,0.01283199992030859,0.0081599997356534,0.0014616514697119774,0.006351240444928408,0.012487987987697124,606208,598016,1204224,110.03508324202156,19.901914434279213,30.159075643022298
eager,mqa,71,1,64,32,128,fp32,ragged,strided,identity,1234,pass,q_maxdiff=0.00e+00 k_maxdiff=0.00e+00 cases=5,ragged[0]|ragged[1]|uniform|permuted-requests|strided-qkv,0.07619199901819229,0.08339200168848038,0.07452800124883652,0.0028241458216824115,0.06495555047877133,0.07472047582268715,606208,598016,1204224,15.805124101186383,2.858653969417369,4.331963218191116
compile,mqa,71,1,64,32,128,fp32,ragged,strided,identity,1234,pass,q_maxdiff=4.77e-07 k_maxdiff=2.38e-07 cases=5,ragged[0]|ragged[1]|uniform|permuted-requests|strided-qkv,0.030767999589443207,0.03670400008559227,0.029279999434947968,0.002999307731094973,0.023381529608741403,0.02876901999115944,606208,598016,1204224,39.13884607607642,7.07899646832845,10.727409700710917
graph_eager,mqa,71,1,64,32,128,fp32,ragged,strided,identity,1234,pass,q_maxdiff=0.00e+00 k_maxdiff=0.00e+00 cases=5,ragged[0]|ragged[1]|uniform|permuted-requests|strided-qkv,0.027583999559283257,0.028672000393271446,0.026399999856948853,0.001028680376130598,0.026816190220415592,0.03244099207222462,606208,598016,1204224,43.65661322651539,7.89611963134976,11.965666420415172
graph_compile,mqa,71,1,64,32,128,fp32,ragged,strided,identity,1234,pass,q_maxdiff=4.77e-07 k_maxdiff=2.38e-07 cases=5,ragged[0]|ragged[1]|uniform|permuted-requests|strided-qkv,0.010879999957978725,0.012256000190973282,0.007199999876320362,0.0010617829909600964,0.0063589506316930056,0.012337986845523119,606208,598016,1204224,110.68235336865934,20.018985411068282,30.336483321878696
eager,mqa,71,1,64,32,128,fp32,ragged,strided,permuted,1234,pass,q_maxdiff=0.00e+00 k_maxdiff=0.00e+00 cases=5,ragged[0]|ragged[1]|uniform|permuted-requests|strided-qkv,0.07614399865269661,0.08515200018882751,0.07440000027418137,0.004583544687200174,0.06394363939762115,0.07523101521655917,606208,598016,1204224,15.815087483028487,2.860456034422959,4.33469404165017
compile,mqa,71,1,64,32,128,fp32,ragged,strided,permuted,1234,pass,q_maxdiff=4.77e-07 k_maxdiff=2.38e-07 cases=5,ragged[0]|ragged[1]|uniform|permuted-requests|strided-qkv,0.030511999502778053,0.03776000067591667,0.02659199945628643,0.0032159859821708566,0.022988399723544717,0.02835807390511036,606208,598016,1204224,39.46722665259476,7.138390272042604,10.81741421886203
graph_eager,mqa,71,1,64,32,128,fp32,ragged,strided,permuted,1234,pass,q_maxdiff=0.00e+00 k_maxdiff=0.00e+00 cases=5,ragged[0]|ragged[1]|uniform|permuted-requests|strided-qkv,0.02759999968111515,0.028543999418616295,0.026559999212622643,0.0008558670962161479,0.02678964054211974,0.032516021747142076,606208,598016,1204224,43.63130485193341,7.891542135785973,11.958729749301458
graph_compile,mqa,71,1,64,32,128,fp32,ragged,strided,permuted,1234,pass,q_maxdiff=4.77e-07 k_maxdiff=2.38e-07 cases=5,ragged[0]|ragged[1]|uniform|permuted-requests|strided-qkv,0.010847999714314938,0.01206399966031313,0.006976000033318996,0.0008783316363597034,0.006734749767929316,0.012653006706386805,606208,598016,1204224,111.00885248097077,20.0780389165925,30.42597215703432
eager,mqa,71,1,64,32,2048,bf16,uniform,packed,identity,1234,pass,q_maxdiff=0.00e+00 k_maxdiff=0.00e+00 cases=4,uniform[0]|uniform[1]|permuted-requests|strided-qkv,0.09137600287795067,0.1021760031580925,0.08895999938249588,0.004225689153569673,0.07808941998519003,0.08942297426983714,307200,299008,606208,6.634214464488028,1.199922467641444,1.8183452947133991
compile,mqa,71,1,64,32,2048,bf16,uniform,packed,identity,1234,pass,q_maxdiff=6.10e-05 k_maxdiff=0.00e+00 cases=4,uniform[0]|uniform[1]|permuted-requests|strided-qkv,0.031168000772595406,0.03711999952793121,0.024831999093294144,0.0027193314843223714,0.02331289928406477,0.0285034766420722,307200,299008,606208,19.449691509665612,3.5178425352494003,5.330888114868455
graph_eager,mqa,71,1,64,32,2048,bf16,uniform,packed,identity,1234,pass,q_maxdiff=0.00e+00 k_maxdiff=0.00e+00 cases=4,uniform[0]|uniform[1]|permuted-requests|strided-qkv,0.03377600014209747,0.03561599925160408,0.03270399942994118,0.0011570283520421982,0.032914039911702275,0.03729504533112049,307200,299008,606208,17.94789191880773,3.2462138321661382,4.919265874698732
graph_compile,mqa,71,1,64,32,2048,bf16,uniform,packed,identity,1234,pass,q_maxdiff=6.10e-05 k_maxdiff=0.00e+00 cases=4,uniform[0]|uniform[1]|permuted-requests|strided-qkv,0.011008000001311302,0.012703999876976013,0.007872000336647034,0.0012630356802444125,0.00633078976534307,0.01219799742102623,307200,299008,606208,55.069767435300406,9.960403237959772,15.09385218595994
eager,mqa,71,1,64,32,2048,bf16,uniform,packed,permuted,1234,pass,q_maxdiff=0.00e+00 k_maxdiff=0.00e+00 cases=4,uniform[0]|uniform[1]|permuted-requests|strided-qkv,0.09167999774217606,0.0997759997844696,0.08879999816417694,0.0037066418631996447,0.07953515043482184,0.08969847112894058,307200,299008,606208,6.6122165677271045,1.1959437342577734,1.81231597921826
compile,mqa,71,1,64,32,2048,bf16,uniform,packed,permuted,1234,pass,q_maxdiff=6.10e-05 k_maxdiff=0.00e+00 cases=4,uniform[0]|uniform[1]|permuted-requests|strided-qkv,0.03046399913728237,0.036479998379945755,0.029120000079274178,0.0025854229709876527,0.022769280476495624,0.028187991119921207,307200,299008,606208,19.899160227394837,3.5991374068264688,5.4540811970907175
graph_eager,mqa,71,1,64,32,2048,bf16,uniform,packed,permuted,1234,pass,q_maxdiff=0.00e+00 k_maxdiff=0.00e+00 cases=4,uniform[0]|uniform[1]|permuted-requests|strided-qkv,0.033952001482248306,0.03561599925160408,0.032575998455286026,0.0009157284060830925,0.03300070995464921,0.03882800228893757,307200,299008,606208,17.854853131911938,3.229386017606335,4.89376524590788
graph_compile,mqa,71,1,64,32,2048,bf16,uniform,packed,permuted,1234,pass,q_maxdiff=6.10e-05 k_maxdiff=0.00e+00 cases=4,uniform[0]|uniform[1]|permuted-requests|strided-qkv,0.010784000158309937,0.011552000418305397,0.008608000352978706,0.0009029088901142791,0.006023510359227657,0.010865041986107826,307200,299008,606208,56.213649026411424,10.167295738773953,15.407374113844511
eager,mqa,71,1,64,32,2048,bf16,uniform,strided,identity,1234,pass,q_maxdiff=0.00e+00 k_maxdiff=0.00e+00 cases=4,uniform[0]|uniform[1]|permuted-requests|strided-qkv,0.09216000139713287,0.10284800082445145,0.08991999924182892,0.0037647039382346487,0.07908659987151623,0.09034998947754502,307200,299008,606208,6.577777678059577,1.18971481330656,1.8028767617619492
compile,mqa,71,1,64,32,2048,bf16,uniform,strided,identity,1234,pass,q_maxdiff=6.10e-05 k_maxdiff=0.00e+00 cases=4,uniform[0]|uniform[1]|permuted-requests|strided-qkv,0.030751999467611313,0.0379519984126091,0.029120000079274178,0.0033010642704153492,0.023592530051246285,0.028729031328111887,307200,299008,606208,19.712799508808253,3.5654305656450687,5.403002333485202
graph_eager,mqa,71,1,64,32,2048,bf16,uniform,strided,identity,1234,pass,q_maxdiff=0.00e+00 k_maxdiff=0.00e+00 cases=4,uniform[0]|uniform[1]|permuted-requests|strided-qkv,0.033984001725912094,0.0352960005402565,0.03283200040459633,0.0008604190659839082,0.0329844793304801,0.038417521864175797,307200,299008,606208,17.83804052533869,3.22634514148229,4.889157145850523
graph_compile,mqa,71,1,64,32,2048,bf16,uniform,strided,identity,1234,pass,q_maxdiff=6.10e-05 k_maxdiff=0.00e+00 cases=4,uniform[0]|uniform[1]|permuted-requests|strided-qkv,0.010688000358641148,0.01206399966031313,0.009056000038981438,0.0009036071940804153,0.006243129028007388,0.012228032574057579,307200,299008,606208,56.71856097103201,10.258618560755943,15.545763408260589
eager,mqa,71,1,64,32,2048,bf16,uniform,strided,permuted,1234,pass,q_maxdiff=0.00e+00 k_maxdiff=0.00e+00 cases=4,uniform[0]|uniform[1]|permuted-requests|strided-qkv,0.09246399998664856,0.10230399668216705,0.09027200192213058,0.003590016838421598,0.07941721938550472,0.09097647853195667,307200,299008,606208,6.556151584265596,1.1858033274826358,1.7969493522541906
compile,mqa,71,1,64,32,2048,bf16,uniform,strided,permuted,1234,pass,q_maxdiff=6.10e-05 k_maxdiff=0.00e+00 cases=4,uniform[0]|uniform[1]|permuted-requests|strided-qkv,0.031007999554276466,0.03728000074625015,0.02956799976527691,0.0037271564002520846,0.023082580883055925,0.028377980925142765,307200,299008,606208,19.550051880608816,3.535994595994526,5.358395487332385
graph_eager,mqa,71,1,64,32,2048,bf16,uniform,strided,permuted,1234,pass,q_maxdiff=0.00e+00 k_maxdiff=0.00e+00 cases=4,uniform[0]|uniform[1]|permuted-requests|strided-qkv,0.03376000002026558,0.03558399900794029,0.032735999673604965,0.001131293366566859,0.033040279522538185,0.03937853034585714,307200,299008,606208,17.95639809348647,3.2477523338478878,4.921597298077625
graph_compile,mqa,71,1,64,32,2048,bf16,uniform,strided,permuted,1234,pass,q_maxdiff=6.10e-05 k_maxdiff=0.00e+00 cases=4,uniform[0]|uniform[1]|permuted-requests|strided-qkv,0.010960000101476908,0.01190400030463934,0.006976000033318996,0.0014714771425623685,0.0062488403636962175,0.010935473255813122,307200,299008,606208,55.31094839299416,10.004025350487655,15.159956509530485
eager,mqa,71,1,64,32,2048,bf16,ragged,packed,identity,1234,pass,q_maxdiff=0.00e+00 k_maxdiff=0.00e+00 cases=5,ragged[0]|ragged[1]|uniform|permuted-requests|strided-qkv,0.09148800000548363,0.10304000228643417,0.08287999778985977,0.005055006308694753,0.07792913005687296,0.09124143980443478,307200,299008,606208,6.626093039127153,1.1984535551105104,1.8161193257354047
compile,mqa,71,1,64,32,2048,bf16,ragged,packed,identity,1234,pass,q_maxdiff=4.88e-04 k_maxdiff=0.00e+00 cases=5,ragged[0]|ragged[1]|uniform|permuted-requests|strided-qkv,0.030736000277101994,0.03759999945759773,0.029055999591946602,0.0028628718209111484,0.023168429033830762,0.029365008231252432,307200,299008,606208,19.723060727963965,3.567286500130792,5.4058147899817
graph_eager,mqa,71,1,64,32,2048,bf16,ragged,packed,identity,1234,pass,q_maxdiff=0.00e+00 k_maxdiff=0.00e+00 cases=5,ragged[0]|ragged[1]|uniform|permuted-requests|strided-qkv,0.03392000123858452,0.03564799949526787,0.032575998455286026,0.0011264241534617902,0.03289261017926037,0.03884296165779233,307200,299008,606208,17.87169746062477,3.2324326312759797,4.898382040559536
graph_compile,mqa,71,1,64,32,2048,bf16,ragged,packed,identity,1234,pass,q_maxdiff=4.88e-04 k_maxdiff=0.00e+00 cases=5,ragged[0]|ragged[1]|uniform|permuted-requests|strided-qkv,0.01071999967098236,0.011552000418305397,0.009952000342309475,0.0010139492876688242,0.006308750016614795,0.012233038432896137,307200,299008,606208,56.54925546694986,10.227996475906112,15.499359140149457
eager,mqa,71,1,64,32,2048,bf16,ragged,packed,permuted,1234,pass,q_maxdiff=0.00e+00 k_maxdiff=0.00e+00 cases=5,ragged[0]|ragged[1]|uniform|permuted-requests|strided-qkv,0.09174399822950363,0.1034879982471466,0.08825600147247314,0.004346056662810118,0.07994781946763396,0.08916255319491029,307200,299008,606208,6.607603894518864,1.195109445549128,1.8110517100769545
compile,mqa,71,1,64,32,2048,bf16,ragged,packed,permuted,1234,pass,q_maxdiff=4.88e-04 k_maxdiff=0.00e+00 cases=5,ragged[0]|ragged[1]|uniform|permuted-requests|strided-qkv,0.030511999502778053,0.034623999148607254,0.027871999889612198,0.004128397349288682,0.022889210376888514,0.028734037186950445,307200,299008,606208,19.86785559382321,3.593475375041855,5.445501035345512
graph_eager,mqa,71,1,64,32,2048,bf16,ragged,packed,permuted,1234,pass,q_maxdiff=0.00e+00 k_maxdiff=0.00e+00 cases=5,ragged[0]|ragged[1]|uniform|permuted-requests|strided-qkv,0.03393600136041641,0.03564799949526787,0.03267199918627739,0.0009199758477904508,0.032960629323497415,0.037726014852523804,307200,299008,606208,17.86327132539228,3.230908606233532,4.896072554872175
graph_compile,mqa,71,1,64,32,2048,bf16,ragged,packed,permuted,1234,pass,q_maxdiff=4.88e-04 k_maxdiff=0.00e+00 cases=5,ragged[0]|ragged[1]|uniform|permuted-requests|strided-qkv,0.010879999957978725,0.011711999773979187,0.006560000125318766,0.0012813201507749755,0.006406740285456181,0.012463482562452555,307200,299008,606208,55.71764727401899,10.077584492646617,15.271426978360703
eager,mqa,71,1,64,32,2048,bf16,ragged,strided,identity,1234,pass,q_maxdiff=0.00e+00 k_maxdiff=0.00e+00 cases=5,ragged[0]|ragged[1]|uniform|permuted-requests|strided-qkv,0.09273599833250046,0.10899200290441513,0.09020800143480301,0.01109530152902392,0.0787169998511672,0.09009451605379581,307200,299008,606208,6.536922132724235,1.182325319488108,1.7916788288309098
compile,mqa,71,1,64,32,2048,bf16,ragged,strided,identity,1234,pass,q_maxdiff=4.88e-04 k_maxdiff=0.00e+00 cases=5,ragged[0]|ragged[1]|uniform|permuted-requests|strided-qkv,0.030880000442266464,0.03625600039958954,0.029311999678611755,0.0025340575290193736,0.023395459866151214,0.02903997665271163,307200,299008,606208,19.631087801743142,3.5506514665216384,5.380606298678042
graph_eager,mqa,71,1,64,32,2048,bf16,ragged,strided,identity,1234,pass,q_maxdiff=0.00e+00 k_maxdiff=0.00e+00 cases=5,ragged[0]|ragged[1]|uniform|permuted-requests|strided-qkv,0.033952001482248306,0.035711999982595444,0.03283200040459633,0.0012023360052558036,0.03287086961790919,0.03891851520165801,307200,299008,606208,17.854853131911938,3.229386017606335,4.89376524590788
graph_compile,mqa,71,1,64,32,2048,bf16,ragged,strided,identity,1234,pass,q_maxdiff=4.88e-04 k_maxdiff=0.00e+00 cases=5,ragged[0]|ragged[1]|uniform|permuted-requests|strided-qkv,0.010944000445306301,0.01190400030463934,0.006047999951988459,0.0015974242802707134,0.006330590695142746,0.01221796264871955,307200,299008,606208,55.39181061162991,10.018650803650761,15.182119711453405
eager,mqa,71,1,64,32,2048,bf16,ragged,strided,permuted,1234,pass,q_maxdiff=0.00e+00 k_maxdiff=0.00e+00 cases=5,ragged[0]|ragged[1]|uniform|permuted-requests|strided-qkv,0.09270399808883667,0.10121600329875946,0.09043200314044952,0.003766144946070666,0.07968803052790463,0.0916625140234828,307200,299008,606208,6.539178595286485,1.1827334431838867,1.7922972936250052
compile,mqa,71,1,64,32,2048,bf16,ragged,strided,permuted,1234,pass,q_maxdiff=4.88e-04 k_maxdiff=0.00e+00 cases=5,ragged[0]|ragged[1]|uniform|permuted-requests|strided-qkv,0.03073599934577942,0.037856001406908035,0.029472000896930695,0.0030781063831773156,0.023248279467225075,0.029120012186467648,307200,299008,606208,19.723061325586695,3.567286608222104,5.405814953781723
graph_eager,mqa,71,1,64,32,2048,bf16,ragged,strided,permuted,1234,pass,q_maxdiff=0.00e+00 k_maxdiff=0.00e+00 cases=5,ragged[0]|ragged[1]|uniform|permuted-requests|strided-qkv,0.03376000002026558,0.03542400151491165,0.032607998698949814,0.000980225480534161,0.03295962931588292,0.03866298357024789,307200,299008,606208,17.95639809348647,3.2477523338478878,4.921597298077625
graph_compile,mqa,71,1,64,32,2048,bf16,ragged,strided,permuted,1234,pass,q_maxdiff=4.88e-04 k_maxdiff=0.00e+00 cases=5,ragged[0]|ragged[1]|uniform|permuted-requests|strided-qkv,0.011168000288307667,0.01190400030463934,0.009952000342309475,0.0008262246390070741,0.006247540004551411,0.01138652442023158,307200,299008,606208,54.2808008909768,9.817703798889951,14.877607503000654
eager,mqa,71,1,64,32,2048,fp16,uniform,packed,identity,1234,pass,q_maxdiff=0.00e+00 k_maxdiff=0.00e+00 cases=4,uniform[0]|uniform[1]|permuted-requests|strided-qkv,0.0910400003194809,0.10476800054311752,0.0872960016131401,0.007331566741759295,0.07777955033816397,0.08936796803027391,307200,299008,606208,6.658699449392275,1.2043510376950253,1.825056286245266
compile,mqa,71,1,64,32,2048,fp16,uniform,packed,identity,1234,pass,q_maxdiff=4.88e-04 k_maxdiff=0.00e+00 cases=4,uniform[0]|uniform[1]|permuted-requests|strided-qkv,0.030479999259114265,0.03711999952793121,0.02864000014960766,0.0026735660648055434,0.023011231096461415,0.028723967261612415,307200,299008,606208,19.8887143942016,3.5972480814196865,5.451218140471436
graph_eager,mqa,71,1,64,32,2048,fp16,uniform,packed,identity,1234,pass,q_maxdiff=0.00e+00 k_maxdiff=0.00e+00 cases=4,uniform[0]|uniform[1]|permuted-requests|strided-qkv,0.03372799977660179,0.03548799827694893,0.03267199918627739,0.0014131718987201937,0.0329828797839582,0.03728497540578246,307200,299008,606208,17.973434654151838,3.2508337162818046,4.926266780815904
graph_compile,mqa,71,1,64,32,2048,fp16,uniform,packed,identity,1234,pass,q_maxdiff=4.88e-04 k_maxdiff=0.00e+00 cases=4,uniform[0]|uniform[1]|permuted-requests|strided-qkv,0.010688000358641148,0.013791999779641628,0.006912000011652708,0.0011671401309432076,0.006686870474368334,0.012198055628687143,307200,299008,606208,56.71856097103201,10.258618560755943,15.545763408260589
eager,mqa,71,1,64,32,2048,fp16,uniform,packed,permuted,1234,pass,q_maxdiff=0.00e+00 k_maxdiff=0.00e+00 cases=4,uniform[0]|uniform[1]|permuted-requests|strided-qkv,0.09036800265312195,0.1043199971318245,0.08806400001049042,0.009027969073585803,0.07784968009218574,0.09012949885800481,307200,299008,606208,6.708215100503356,1.2133068745293818,1.8386278329135952
compile,mqa,71,1,64,32,2048,fp16,uniform,packed,permuted,1234,pass,q_maxdiff=4.88e-04 k_maxdiff=0.00e+00 cases=4,uniform[0]|uniform[1]|permuted-requests|strided-qkv,0.030928000807762146,0.03670400008559227,0.028960000723600388,0.0026568532699115036,0.022783708991482854,0.028403010219335556,307200,299008,606208,19.600620284769818,3.545140843019002,5.3722555788714095
graph_eager,mqa,71,1,64,32,2048,fp16,uniform,packed,permuted,1234,pass,q_maxdiff=0.00e+00 k_maxdiff=0.00e+00 cases=4,uniform[0]|uniform[1]|permuted-requests|strided-qkv,0.03392000123858452,0.03551999852061272,0.03276799991726875,0.0009101645967983842,0.03282747929915786,0.03877293784171343,307200,299008,606208,17.87169746062477,3.2324326312759797,4.898382040559536
graph_compile,mqa,71,1,64,32,2048,fp16,uniform,packed,permuted,1234,pass,q_maxdiff=4.88e-04 k_maxdiff=0.00e+00 cases=4,uniform[0]|uniform[1]|permuted-requests|strided-qkv,0.011008000001311302,0.01190400030463934,0.010304000228643417,0.0007637587439286294,0.0062356190755963326,0.010815041605383158,307200,299008,606208,55.069767435300406,9.960403237959772,15.09385218595994
eager,mqa,71,1,64,32,2048,fp16,uniform,strided,identity,1234,pass,q_maxdiff=0.00e+00 k_maxdiff=0.00e+00 cases=4,uniform[0]|uniform[1]|permuted-requests|strided-qkv,0.09273599833250046,0.10047999769449234,0.09123200178146362,0.0032027550334196475,0.07964164949953556,0.09146204683929682,307200,299008,606208,6.536922132724235,1.182325319488108,1.7916788288309098
compile,mqa,71,1,64,32,2048,fp16,uniform,strided,identity,1234,pass,q_maxdiff=4.88e-04 k_maxdiff=0.00e+00 cases=4,uniform[0]|uniform[1]|permuted-requests|strided-qkv,0.03062400035560131,0.034591998904943466,0.02921600081026554,0.0023336969568596476,0.023086880100890994,0.028919545002281666,307200,299008,606208,19.79519308257587,3.5803329931867545,5.425585258408256
graph_eager,mqa,71,1,64,32,2048,fp16,uniform,strided,identity,1234,pass,q_maxdiff=0.00e+00 k_maxdiff=0.00e+00 cases=4,uniform[0]|uniform[1]|permuted-requests|strided-qkv,0.03377600014209747,0.035071998834609985,0.03276799991726875,0.0011332533092804123,0.03297926974482834,0.03847252810373902,307200,299008,606208,17.94789191880773,3.2462138321661382,4.919265874698732
graph_compile,mqa,71,1,64,32,2048,fp16,uniform,strided,identity,1234,pass,q_maxdiff=4.88e-04 k_maxdiff=0.00e+00 cases=4,uniform[0]|uniform[1]|permuted-requests|strided-qkv,0.011024000123143196,0.013856000266969204,0.006335999816656113,0.004328761390956635,0.006361160194501281,0.01224299194291234,307200,299008,606208,54.98983973406889,9.94594680984639,15.071945122172728
eager,mqa,71,1,64,32,2048,fp16,uniform,strided,permuted,1234,pass,q_maxdiff=0.00e+00 k_maxdiff=0.00e+00 cases=4,uniform[0]|uniform[1]|permuted-requests|strided-qkv,0.09232000261545181,0.10089600086212158,0.09052799642086029,0.0034896223468569593,0.07911694934591651,0.09064003825187683,307200,299008,606208,6.566377630263819,1.1876529002412624,1.7997521682807038
compile,mqa,71,1,64,32,2048,fp16,uniform,strided,permuted,1234,pass,q_maxdiff=4.88e-04 k_maxdiff=0.00e+00 cases=4,uniform[0]|uniform[1]|permuted-requests|strided-qkv,0.03073599934577942,0.03824000060558319,0.025919999927282333,0.0028033986952930067,0.023268219083547592,0.02898002276197076,307200,299008,606208,19.723061325586695,3.567286608222104,5.405814953781723
graph_eager,mqa,71,1,64,32,2048,fp16,uniform,strided,permuted,1234,pass,q_maxdiff=0.00e+00 k_maxdiff=0.00e+00 cases=4,uniform[0]|uniform[1]|permuted-requests|strided-qkv,0.03372799977660179,0.03590400144457817,0.03254399821162224,0.0018033941772896034,0.03310289932414889,0.03983493661507964,307200,299008,606208,17.973434654151838,3.2508337162818046,4.926266780815904
graph_compile,mqa,71,1,64,32,2048,fp16,uniform,strided,permuted,1234,pass,q_maxdiff=4.88e-04 k_maxdiff=0.00e+00 cases=4,uniform[0]|uniform[1]|permuted-requests|strided-qkv,0.010816000401973724,0.012095999903976917,0.009312000125646591,0.0012418168491279001,0.006329190218821168,0.011014984920620918,307200,299008,606208,56.0473351951224,10.13721475421859,15.361789821357593
eager,mqa,71,1,64,32,2048,fp16,ragged,packed,identity,1234,pass,q_maxdiff=0.00e+00 k_maxdiff=0.00e+00 cases=5,ragged[0]|ragged[1]|uniform|permuted-requests|strided-qkv,0.09211200103163719,0.10320000350475311,0.08982399851083755,0.004101436389755287,0.07913188077509403,0.0899540027603507,307200,299008,606208,6.581205415261679,1.1903347840512488,1.803816256535041
compile,mqa,71,1,64,32,2048,fp16,ragged,packed,identity,1234,pass,q_maxdiff=9.77e-04 k_maxdiff=0.00e+00 cases=5,ragged[0]|ragged[1]|uniform|permuted-requests|strided-qkv,0.03062400035560131,0.03699199855327606,0.029343999922275543,0.003433969844396103,0.02312505035661161,0.029474962502717972,307200,299008,606208,19.79519308257587,3.5803329931867545,5.425585258408256
graph_eager,mqa,71,1,64,32,2048,fp16,ragged,packed,identity,1234,pass,q_maxdiff=0.00e+00 k_maxdiff=0.00e+00 cases=5,ragged[0]|ragged[1]|uniform|permuted-requests|strided-qkv,0.03376000002026558,0.035392001271247864,0.03235200047492981,0.000820679200551714,0.032952220644801855,0.03808701876550913,307200,299008,606208,17.95639809348647,3.2477523338478878,4.921597298077625
graph_compile,mqa,71,1,64,32,2048,fp16,ragged,packed,identity,1234,pass,q_maxdiff=9.77e-04 k_maxdiff=0.00e+00 cases=5,ragged[0]|ragged[1]|uniform|permuted-requests|strided-qkv,0.010944000445306301,0.01283199992030859,0.00800000037997961,0.0014361038686365511,0.006412849761545658,0.0121879274956882,307200,299008,606208,55.39181061162991,10.018650803650761,15.182119711453405
eager,mqa,71,1,64,32,2048,fp16,ragged,packed,permuted,1234,pass,q_maxdiff=0.00e+00 k_maxdiff=0.00e+00 cases=5,ragged[0]|ragged[1]|uniform|permuted-requests|strided-qkv,0.0918239988386631,0.10534399747848511,0.088639996945858,0.006848775310002593,0.07910453947260976,0.09042001329362392,307200,299008,606208,6.601847095170855,1.1940682201084438,1.8094738519804017
compile,mqa,71,1,64,32,2048,fp16,ragged,packed,permuted,1234,pass,q_maxdiff=9.77e-04 k_maxdiff=0.00e+00 cases=5,ragged[0]|ragged[1]|uniform|permuted-requests|strided-qkv,0.03081599995493889,0.03548799827694893,0.02659199945628643,0.002621620034434667,0.02308877999894321,0.029075017664581537,307200,299008,606208,19.671858803427956,3.5580256690307266,5.391781059378222
graph_eager,mqa,71,1,64,32,2048,fp16,ragged,packed,permuted,1234,pass,q_maxdiff=0.00e+00 k_maxdiff=0.00e+00 cases=5,ragged[0]|ragged[1]|uniform|permuted-requests|strided-qkv,0.03387200087308884,0.03551999852061272,0.032735999673604965,0.0008176791643676613,0.032974249916151166,0.03784598084166646,307200,299008,606208,17.8970236293785,3.2370133452504146,4.905323588806577
graph_compile,mqa,71,1,64,32,2048,fp16,ragged,packed,permuted,1234,pass,q_maxdiff=9.77e-04 k_maxdiff=0.00e+00 cases=5,ragged[0]|ragged[1]|uniform|permuted-requests|strided-qkv,0.011183999944478273,0.012384000234305859,0.009279999881982803,0.0009754646136110639,0.006369269685819745,0.01079996582120657,307200,299008,606208,54.20314762244745,9.80365874471015,14.856323829371277
eager,mqa,71,1,64,32,2048,fp16,ragged,strided,identity,1234,pass,q_maxdiff=0.00e+00 k_maxdiff=0.00e+00 cases=5,ragged[0]|ragged[1]|uniform|permuted-requests|strided-qkv,0.09246399998664856,0.1032319962978363,0.08793599903583527,0.0038839996048826418,0.07939647999592125,0.09131140541285276,307200,299008,606208,6.556151584265596,1.1858033274826358,1.7969493522541906
compile,mqa,71,1,64,32,2048,fp16,ragged,strided,identity,1234,pass,q_maxdiff=9.77e-04 k_maxdiff=2.38e-07 cases=5,ragged[0]|ragged[1]|uniform|permuted-requests|strided-qkv,0.030832000076770782,0.03884800150990486,0.02969600073993206,0.003186600627323151,0.02340157050639391,0.028959475457668304,307200,299008,606208,19.661650184566675,3.5561792482975996,5.388983019885936
graph_eager,mqa,71,1,64,32,2048,fp16,ragged,strided,identity,1234,pass,q_maxdiff=0.00e+00 k_maxdiff=0.00e+00 cases=5,ragged[0]|ragged[1]|uniform|permuted-requests|strided-qkv,0.03372799977660179,0.035071998834609985,0.032607998698949814,0.000815609218535875,0.03303266945295036,0.03986491356045008,307200,299008,606208,17.973434654151838,3.2508337162818046,4.926266780815904
graph_compile,mqa,71,1,64,32,2048,fp16,ragged,strided,identity,1234,pass,q_maxdiff=9.77e-04 k_maxdiff=2.38e-07 cases=5,ragged[0]|ragged[1]|uniform|permuted-requests|strided-qkv,0.010784000158309937,0.012608000077307224,0.008671999908983707,0.0012103310372139169,0.00639130943454802,0.012203003279864788,307200,299008,606208,56.213649026411424,10.167295738773953,15.407374113844511
eager,mqa,71,1,64,32,2048,fp16,ragged,strided,permuted,1234,pass,q_maxdiff=0.00e+00 k_maxdiff=0.00e+00 cases=5,ragged[0]|ragged[1]|uniform|permuted-requests|strided-qkv,0.09201600030064583,0.10281600058078766,0.0822720006108284,0.004408080020228189,0.07915843976661563,0.0908304937183857,307200,299008,606208,6.5880716181894865,1.1915766659959106,1.8056981866193271
compile,mqa,71,1,64,32,2048,fp16,ragged,strided,permuted,1234,pass,q_maxdiff=9.77e-04 k_maxdiff=2.38e-07 cases=5,ragged[0]|ragged[1]|uniform|permuted-requests|strided-qkv,0.030608000233769417,0.03532800078392029,0.029055999591946602,0.002991196313232167,0.02295302925631404,0.028818962164223194,307200,299008,606208,19.80554088375818,3.5822045876604944,5.428421445825952
graph_eager,mqa,71,1,64,32,2048,fp16,ragged,strided,permuted,1234,pass,q_maxdiff=0.00e+00 k_maxdiff=0.00e+00 cases=5,ragged[0]|ragged[1]|uniform|permuted-requests|strided-qkv,0.034015998244285583,0.03558399900794029,0.03276799991726875,0.0012901975165458893,0.03306371974758804,0.03952899714931846,307200,299008,606208,17.821261503088127,3.223310339714684,4.884558250785776
graph_compile,mqa,71,1,64,32,2048,fp16,ragged,strided,permuted,1234,pass,q_maxdiff=9.77e-04 k_maxdiff=2.38e-07 cases=5,ragged[0]|ragged[1]|uniform|permuted-requests|strided-qkv,0.010847999714314938,0.01152000017464161,0.006943999789655209,0.0012935386638206728,0.006330600008368492,0.011351075954735279,307200,299008,606208,55.88200737137305,10.107312107672415,15.316475779731562
eager,mqa,71,1,64,32,2048,fp32,uniform,packed,identity,1234,pass,q_maxdiff=0.00e+00 k_maxdiff=0.00e+00 cases=4,uniform[0]|uniform[1]|permuted-requests|strided-qkv,0.07527999952435493,0.08271999657154083,0.07318399846553802,0.003224479551268042,0.06376912002451718,0.0737084774300456,606208,598016,1204224,15.996599463452492,2.893285890108618,4.384443934015696
compile,mqa,71,1,64,32,2048,fp32,uniform,packed,identity,1234,pass,q_maxdiff=4.77e-07 k_maxdiff=2.38e-07 cases=4,uniform[0]|uniform[1]|permuted-requests|strided-qkv,0.031247999519109726,0.040832001715898514,0.028831999748945236,0.003727014964679409,0.023346070665866137,0.028593523893505335,606208,598016,1204224,38.53763500167607,6.9702561374528935,10.562626163169698
graph_eager,mqa,71,1,64,32,2048,fp32,uniform,packed,identity,1234,pass,q_maxdiff=0.00e+00 k_maxdiff=0.00e+00 cases=4,uniform[0]|uniform[1]|permuted-requests|strided-qkv,0.027712000533938408,0.028863999992609024,0.026559999212622643,0.0007918771024054088,0.026847339468076825,0.0318600214086473,606208,598016,1204224,43.45496452070314,7.859647670129615,11.910397333568271
graph_compile,mqa,71,1,64,32,2048,fp32,uniform,packed,identity,1234,pass,q_maxdiff=4.77e-07 k_maxdiff=2.38e-07 cases=4,uniform[0]|uniform[1]|permuted-requests|strided-qkv,0.010847999714314938,0.01283199992030859,0.009056000038981438,0.0011286648058903468,0.006508328951895237,0.013259996194392443,606208,598016,1204224,111.00885248097077,20.0780389165925,30.42597215703432
eager,mqa,71,1,64,32,2048,fp32,uniform,packed,permuted,1234,pass,q_maxdiff=0.00e+00 k_maxdiff=0.00e+00 cases=4,uniform[0]|uniform[1]|permuted-requests|strided-qkv,0.07476800307631493,0.08531200140714645,0.07311999797821045,0.003580999481797747,0.06447465042583644,0.07285695755854249,606208,598016,1204224,16.10614100219931,2.9130985377379504,4.414467736023024
compile,mqa,71,1,64,32,2048,fp32,uniform,packed,permuted,1234,pass,q_maxdiff=4.77e-07 k_maxdiff=2.38e-07 cases=4,uniform[0]|uniform[1]|permuted-requests|strided-qkv,0.030767999589443207,0.03855999931693077,0.028863999992609024,0.0032310986723165366,0.023399260826408863,0.029214483220130205,606208,598016,1204224,39.13884607607642,7.07899646832845,10.727409700710917
graph_eager,mqa,71,1,64,32,2048,fp32,uniform,packed,permuted,1234,pass,q_maxdiff=0.00e+00 k_maxdiff=0.00e+00 cases=4,uniform[0]|uniform[1]|permuted-requests|strided-qkv,0.027615999802947044,0.029503999277949333,0.026335999369621277,0.0008868851279864345,0.02677150070667267,0.03242597449570894,606208,598016,1204224,43.606025803617335,7.886969944428967,11.951801116106614
graph_compile,mqa,71,1,64,32,2048,fp32,uniform,packed,permuted,1234,pass,q_maxdiff=4.77e-07 k_maxdiff=2.38e-07 cases=4,uniform[0]|uniform[1]|permuted-requests|strided-qkv,0.010912000201642513,0.012095999903976917,0.007840000092983246,0.0011334370451503845,0.006297030486166477,0.011557014659047127,606208,598016,1204224,110.35776922169923,19.960278263046092,30.247519351913187
eager,mqa,71,1,64,32,2048,fp32,uniform,strided,identity,1234,pass,q_maxdiff=0.00e+00 k_maxdiff=0.00e+00 cases=4,uniform[0]|uniform[1]|permuted-requests|strided-qkv,0.07595199719071388,0.08444800227880478,0.07411199808120728,0.003722035885786797,0.06427556974813342,0.07511599687859416,606208,598016,1204224,15.855066944141292,2.8676870719316554,4.345651852162444
compile,mqa,71,1,64,32,2048,fp32,uniform,strided,identity,1234,pass,q_maxdiff=4.77e-07 k_maxdiff=2.38e-07 cases=4,uniform[0]|uniform[1]|permuted-requests|strided-qkv,0.030767999589443207,0.03686400130391121,0.029503999277949333,0.003263497541833655,0.02290313015691936,0.037490506656467915,606208,598016,1204224,39.13884607607642,7.07899646832845,10.727409700710917
graph_eager,mqa,71,1,64,32,2048,fp32,uniform,strided,identity,1234,pass,q_maxdiff=0.00e+00 k_maxdiff=0.00e+00 cases=4,uniform[0]|uniform[1]|permuted-requests|strided-qkv,0.02763199992477894,0.02860799990594387,0.026176000013947487,0.00114942263123845,0.02680958015844226,0.031724979635328054,606208,598016,1204224,43.58077603062363,7.882403048064647,11.944880506867728
graph_compile,mqa,71,1,64,32,2048,fp32,uniform,strided,identity,1234,pass,q_maxdiff=4.77e-07 k_maxdiff=2.38e-07 cases=4,uniform[0]|uniform[1]|permuted-requests|strided-qkv,0.01065600011497736,0.012000000104308128,0.009920000098645687,0.0008246366201540115,0.006359750404953957,0.012212491128593683,606208,598016,1204224,113.00900778965115,20.43980462472643,30.974186721652806
eager,mqa,71,1,64,32,2048,fp32,uniform,strided,permuted,1234,pass,q_maxdiff=0.00e+00 k_maxdiff=0.00e+00 cases=4,uniform[0]|uniform[1]|permuted-requests|strided-qkv,0.07609599828720093,0.08441600203514099,0.07472000271081924,0.003257045237033732,0.0644353695679456,0.07495097815990448,606208,598016,1204224,15.825063434413819,2.8622603728668596,4.337428310245029
compile,mqa,71,1,64,32,2048,fp32,uniform,strided,permuted,1234,pass,q_maxdiff=4.77e-07 k_maxdiff=2.38e-07 cases=4,uniform[0]|uniform[1]|permuted-requests|strided-qkv,0.030432000756263733,0.036479998379945755,0.028991999104619026,0.004181334698300491,0.022784509928897023,0.028332986403256655,606208,598016,1204224,39.57097693460519,7.157155461964462,10.845850718485112
graph_eager,mqa,71,1,64,32,2048,fp32,uniform,strided,permuted,1234,pass,q_maxdiff=0.00e+00 k_maxdiff=0.00e+00 cases=4,uniform[0]|uniform[1]|permuted-requests|strided-qkv,0.027696000412106514,0.029023999348282814,0.02643200010061264,0.0007781970598262581,0.026814080774784088,0.032641051802784204,606208,598016,1204224,43.48006867712235,7.86418822899756,11.91727803134296
graph_compile,mqa,71,1,64,32,2048,fp32,uniform,strided,permuted,1234,pass,q_maxdiff=4.77e-07 k_maxdiff=2.38e-07 cases=4,uniform[0]|uniform[1]|permuted-requests|strided-qkv,0.011136000044643879,0.013088000006973743,0.01017600018531084,0.001157169351542906,0.006332099437713623,0.011056021321564913,606208,598016,1204224,108.13793060096114,19.558778695942873,29.639092667390305
eager,mqa,71,1,64,32,2048,fp32,ragged,packed,identity,1234,pass,q_maxdiff=0.00e+00 k_maxdiff=0.00e+00 cases=5,ragged[0]|ragged[1]|uniform|permuted-requests|strided-qkv,0.07550400123000145,0.08352000266313553,0.07411199808120728,0.003215003325083498,0.06401257938705385,0.07545697735622525,606208,598016,1204224,15.949141507503347,2.884702226147114,4.37143637278011
compile,mqa,71,1,64,32,2048,fp32,ragged,packed,identity,1234,pass,q_maxdiff=4.77e-07 k_maxdiff=2.38e-07 cases=5,ragged[0]|ragged[1]|uniform|permuted-requests|strided-qkv,0.03041600063443184,0.050624001771211624,0.0289280004799366,0.008759872903710256,0.0226299196947366,0.027947011403739452,606208,598016,1204224,39.591792966915634,7.160920432932788,10.851556101482437
graph_eager,mqa,71,1,64,32,2048,fp32,ragged,packed,identity,1234,pass,q_maxdiff=0.00e+00 k_maxdiff=0.00e+00 cases=5,ragged[0]|ragged[1]|uniform|permuted-requests|strided-qkv,0.027615999802947044,0.02937600016593933,0.026688000187277794,0.0008852343444975372,0.02686748979613185,0.03265152918174863,606208,598016,1204224,43.606025803617335,7.886969944428967,11.951801116106614
graph_compile,mqa,71,1,64,32,2048,fp32,ragged,packed,identity,1234,pass,q_maxdiff=4.77e-07 k_maxdiff=2.38e-07 cases=5,ragged[0]|ragged[1]|uniform|permuted-requests|strided-qkv,0.010735999792814255,0.012640000320971012,0.009952000342309475,0.0011547921463509567,0.006368668982759118,0.013270007912069559,606208,598016,1204224,112.16691721678339,20.287496705894167,30.74338148629405
eager,mqa,71,1,64,32,2048,fp32,ragged,packed,permuted,1234,pass,q_maxdiff=0.00e+00 k_maxdiff=0.00e+00 cases=5,ragged[0]|ragged[1]|uniform|permuted-requests|strided-qkv,0.07556800171732903,0.0838719978928566,0.07231999933719635,0.003299633979322745,0.06406857981346548,0.07432454731315374,606208,598016,1204224,15.935633768702012,2.882259097520279,4.3677340907054045
compile,mqa,71,1,64,32,2048,fp32,ragged,packed,permuted,1234,pass,q_maxdiff=4.77e-07 k_maxdiff=2.38e-07 cases=5,ragged[0]|ragged[1]|uniform|permuted-requests|strided-qkv,0.03038400039076805,0.037696000188589096,0.027424000203609467,0.0027694643211183417,0.023004619870334864,0.028288050089031458,606208,598016,1204224,39.63349080149085,7.168462270602738,10.86298489410068
graph_eager,mqa,71,1,64,32,2048,fp32,ragged,packed,permuted,1234,pass,q_maxdiff=0.00e+00 k_maxdiff=0.00e+00 cases=5,ragged[0]|ragged[1]|uniform|permuted-requests|strided-qkv,0.027759999968111515,0.029632000252604485,0.026559999212622643,0.0010694863081706458,0.02680717036128044,0.031154020689427853,606208,598016,1204224,43.379827139168476,7.8460576614336635,11.889803229337547
graph_compile,mqa,71,1,64,32,2048,fp32,ragged,packed,permuted,1234,pass,q_maxdiff=4.77e-07 k_maxdiff=2.38e-07 cases=5,ragged[0]|ragged[1]|uniform|permuted-requests|strided-qkv,0.010816000401973724,0.01142400037497282,0.007135999854654074,0.001048095324495396,0.006393510848283768,0.012759002856910229,606208,598016,1204224,111.3372739686891,20.13744011986666,30.51598788837252
eager,mqa,71,1,64,32,2048,fp32,ragged,strided,identity,1234,pass,q_maxdiff=0.00e+00 k_maxdiff=0.00e+00 cases=5,ragged[0]|ragged[1]|uniform|permuted-requests|strided-qkv,0.07609599828720093,0.08336000144481659,0.07423999905586243,0.0045483423165752586,0.06405525025911629,0.07462553912773728,606208,598016,1204224,15.825063434413819,2.8622603728668596,4.337428310245029
compile,mqa,71,1,64,32,2048,fp32,ragged,strided,identity,1234,pass,q_maxdiff=4.77e-07 k_maxdiff=2.38e-07 cases=5,ragged[0]|ragged[1]|uniform|permuted-requests|strided-qkv,0.03102399967610836,0.03728000074625015,0.02940800040960312,0.0028680124413350844,0.02312013995833695,0.028849986847490072,606208,598016,1204224,38.815884881773485,7.02058286182013,10.638890559344707
graph_eager,mqa,71,1,64,32,2048,fp32,ragged,strided,identity,1234,pass,q_maxdiff=0.00e+00 k_maxdiff=0.00e+00 cases=5,ragged[0]|ragged[1]|uniform|permuted-requests|strided-qkv,0.027823999524116516,0.029472000896930695,0.026559999212622643,0.001672089158534245,0.026808269321918488,0.0326414592564106,606208,598016,1204224,43.28004674368385,7.828010500158875,11.862454820026196
graph_compile,mqa,71,1,64,32,2048,fp32,ragged,strided,identity,1234,pass,q_maxdiff=4.77e-07 k_maxdiff=2.38e-07 cases=5,ragged[0]|ragged[1]|uniform|permuted-requests|strided-qkv,0.010879999957978725,0.011680000461637974,0.006719999946653843,0.0012054607611518395,0.006318669766187668,0.012247997801750898,606208,598016,1204224,110.68235336865934,20.018985411068282,30.336483321878696
eager,mqa,71,1,64,32,2048,fp32,ragged,strided,permuted,1234,pass,q_maxdiff=0.00e+00 k_maxdiff=0.00e+00 cases=5,ragged[0]|ragged[1]|uniform|permuted-requests|strided-qkv,0.07569600269198418,0.08617600053548813,0.07433599978685379,0.004549527210182609,0.0641824898775667,0.07377902511507273,606208,598016,1204224,15.90868681534119,2.8773852341646067,4.360348308091231
compile,mqa,71,1,64,32,2048,fp32,ragged,strided,permuted,1234,pass,q_maxdiff=4.77e-07 k_maxdiff=2.38e-07 cases=5,ragged[0]|ragged[1]|uniform|permuted-requests|strided-qkv,0.03081599995493889,0.03641600161790848,0.029600000008940697,0.0026347560975723723,0.023228940553963184,0.028824491892009974,606208,598016,1204224,39.07788167707986,7.067969910101578,10.71070021254863
graph_eager,mqa,71,1,64,32,2048,fp32,ragged,strided,permuted,1234,pass,q_maxdiff=0.00e+00 k_maxdiff=0.00e+00 cases=5,ragged[0]|ragged[1]|uniform|permuted-requests|strided-qkv,0.027615999802947044,0.028351999819278717,0.026176000013947487,0.000749736224790578,0.02677020034752786,0.03139901673421264,606208,598016,1204224,43.606025803617335,7.886969944428967,11.951801116106614
graph_compile,mqa,71,1,64,32,2048,fp32,ragged,strided,permuted,1234,pass,q_maxdiff=4.77e-07 k_maxdiff=2.38e-07 cases=5,ragged[0]|ragged[1]|uniform|permuted-requests|strided-qkv,0.011087999679148197,0.011776000261306763,0.010304000228643417,0.0007320643200625387,0.006320880493149161,0.012278498616069555,606208,598016,1204224,108.6060637487781,19.6434493807572,29.76740140856665
eager,mqa,71,1,64,128,128,bf16,uniform,packed,identity,1234,pass,q_maxdiff=0.00e+00 k_maxdiff=0.00e+00 cases=4,uniform[0]|uniform[1]|permuted-requests|strided-qkv,0.09113600105047226,0.09942399710416794,0.0883840024471283,0.0035025697324708805,0.0783227605279535,0.08956348756328225,1228800,1196032,2424832,26.606741266353104,4.812329599399472,7.2925352426127175
compile,mqa,71,1,64,128,128,bf16,uniform,packed,identity,1234,pass,q_maxdiff=3.91e-03 k_maxdiff=0.00e+00 cases=4,uniform[0]|uniform[1]|permuted-requests|strided-qkv,0.030592000111937523,0.03651199862360954,0.02953599952161312,0.0025519955254779294,0.023210010258480906,0.029090035241097212,1228800,1196032,2424832,79.2635980363307,14.33631255953575,21.725042399957864
graph_eager,mqa,71,1,64,128,128,bf16,uniform,packed,identity,1234,pass,q_maxdiff=0.00e+00 k_maxdiff=0.00e+00 cases=4,uniform[0]|uniform[1]|permuted-requests|strided-qkv,0.0440480001270771,0.046112000942230225,0.043168000876903534,0.000987199989031615,0.04329585004597902,0.0490624806843698,1228800,1196032,2424832,55.04976373511704,9.956785192535634,15.08836945182465
graph_compile,mqa,71,1,64,128,128,bf16,uniform,packed,identity,1234,pass,q_maxdiff=3.91e-03 k_maxdiff=0.00e+00 cases=4,uniform[0]|uniform[1]|permuted-requests|strided-qkv,0.010912000201642513,0.012223999947309494,0.0081599997356534,0.0010551015036040106,0.008226350182667375,0.013254524674266577,1228800,1196032,2424832,222.21700469131275,40.19212493783431,60.90656957936261
eager,mqa,71,1,64,128,128,bf16,ragged,packed,identity,1234,pass,q_maxdiff=0.00e+00 k_maxdiff=0.00e+00 cases=5,ragged[0]|ragged[1]|uniform|permuted-requests|strided-qkv,0.09086399897933006,0.09910400211811066,0.0888959988951683,0.003421274328736827,0.07886518957093358,0.08837098721414804,1228800,1196032,2424832,26.686388748437167,4.826735344609446,7.314365502255145
compile,mqa,71,1,64,128,128,bf16,ragged,packed,identity,1234,pass,q_maxdiff=1.56e-02 k_maxdiff=0.00e+00 cases=5,ragged[0]|ragged[1]|uniform|permuted-requests|strided-qkv,0.030832000076770782,0.03699199855327606,0.02940800040960312,0.0025086069498098332,0.02492874045856297,0.029044982511550188,1228800,1196032,2424832,78.6466007382667,14.224716993190398,21.555932079543744
graph_eager,mqa,71,1,64,128,128,bf16,ragged,packed,identity,1234,pass,q_maxdiff=0.00e+00 k_maxdiff=0.00e+00 cases=5,ragged[0]|ragged[1]|uniform|permuted-requests|strided-qkv,0.044064000248909,0.045504000037908554,0.043168000876903534,0.0008427173149904606,0.043229329166933894,0.049042049795389175,1228800,1196032,2424832,55.02977456205959,9.953169774615457,15.082890699371172
graph_compile,mqa,71,1,64,128,128,bf16,ragged,packed,identity,1234,pass,q_maxdiff=1.56e-02 k_maxdiff=0.00e+00 cases=5,ragged[0]|ragged[1]|uniform|permuted-requests|strided-qkv,0.011136000044643879,0.012671999633312225,0.007391999941319227,0.0011408975743583366,0.008225449128076434,0.013174489140510559,1228800,1196032,2424832,217.74712556384011,39.38366322448361,59.6814382962417
eager,mqa,71,1,64,128,128,fp16,uniform,packed,identity,1234,pass,q_maxdiff=0.00e+00 k_maxdiff=0.00e+00 cases=4,uniform[0]|uniform[1]|permuted-requests|strided-qkv,0.09068799763917923,0.10224000364542007,0.08816000074148178,0.004664848224283815,0.080094700679183,0.08890248136594892,1228800,1196032,2424832,26.738179947998088,4.836102757181335,7.3285607448921235
compile,mqa,71,1,64,128,128,fp16,uniform,packed,identity,1234,pass,q_maxdiff=9.77e-04 k_maxdiff=1.22e-04 cases=4,uniform[0]|uniform[1]|permuted-requests|strided-qkv,0.031072000041604042,0.041728001087903976,0.029440000653266907,0.004317520688103009,0.023358790203928947,0.028453476261347532,1228800,1196032,2424832,78.03913480797041,14.11484535397961,21.389434173579804
graph_eager,mqa,71,1,64,128,128,fp16,uniform,packed,identity,1234,pass,q_maxdiff=0.00e+00 k_maxdiff=0.00e+00 cases=4,uniform[0]|uniform[1]|permuted-requests|strided-qkv,0.04188799858093262,0.0427200011909008,0.04064000025391579,0.0012901972379125027,0.04125672043301165,0.04567549331113696,1228800,1196032,2424832,57.8884664378255,10.470217968965667,15.866418116092316
graph_compile,mqa,71,1,64,128,128,fp16,uniform,packed,identity,1234,pass,q_maxdiff=9.77e-04 k_maxdiff=1.22e-04 cases=4,uniform[0]|uniform[1]|permuted-requests|strided-qkv,0.010863999836146832,0.01235199999064207,0.00687999976798892,0.0017062818162229048,0.008246799698099494,0.013279961422085762,1228800,1196032,2424832,223.19882516309232,40.36970563703915,61.17567282356282
eager,mqa,71,1,64,128,128,fp16,ragged,packed,identity,1234,pass,q_maxdiff=0.00e+00 k_maxdiff=0.00e+00 cases=5,ragged[0]|ragged[1]|uniform|permuted-requests|strided-qkv,0.09055999666452408,0.10416000336408615,0.08844800293445587,0.006328955992091169,0.07748509990051389,0.09406101889908314,1228800,1196032,2424832,26.77597271765252,4.842938290410701,7.338919213892964
compile,mqa,71,1,64,128,128,fp16,ragged,packed,identity,1234,pass,q_maxdiff=1.95e-03 k_maxdiff=4.88e-04 cases=5,ragged[0]|ragged[1]|uniform|permuted-requests|strided-qkv,0.030704000033438206,0.03721600025892258,0.027744000777602196,0.002744037946416476,0.023047610884532332,0.029590970370918512,1228800,1196032,2424832,78.97446578163222,14.284017553037296,21.64579529727599
graph_eager,mqa,71,1,64,128,128,fp16,ragged,packed,identity,1234,pass,q_maxdiff=0.00e+00 k_maxdiff=0.00e+00 cases=5,ragged[0]|ragged[1]|uniform|permuted-requests|strided-qkv,0.04419200122356415,0.045823998749256134,0.04281599819660187,0.0009491493030530091,0.04314938094466925,0.048972025979310274,1228800,1196032,2424832,54.87038226064825,9.924340678924276,15.039203501310832
graph_compile,mqa,71,1,64,128,128,fp16,ragged,packed,identity,1234,pass,q_maxdiff=1.95e-03 k_maxdiff=4.88e-04 cases=5,ragged[0]|ragged[1]|uniform|permuted-requests|strided-qkv,0.011103999800980091,0.013279999606311321,0.00800000037997961,0.0012309638443019056,0.008292680140584707,0.014226534403860569,1228800,1196032,2424832,218.37464368343856,39.49716167928769,59.85343222652946
eager,mqa,71,1,64,128,128,fp32,uniform,packed,identity,1234,pass,q_maxdiff=0.00e+00 k_maxdiff=0.00e+00 cases=4,uniform[0]|uniform[1]|permuted-requests|strided-qkv,0.07568000257015228,0.08422400057315826,0.07398399710655212,0.0035105248532550076,0.06374858086928725,0.07395906141027808,2424832,2392064,4816896,63.64820079828794,11.511974261856125,17.44508065846374
compile,mqa,71,1,64,128,128,fp32,uniform,packed,identity,1234,pass,q_maxdiff=4.77e-07 k_maxdiff=2.38e-07 cases=4,uniform[0]|uniform[1]|permuted-requests|strided-qkv,0.03033600002527237,0.03606399893760681,0.029184000566601753,0.0027518341794366256,0.023260999005287886,0.028844515327364206,2424832,2392064,4816896,158.78480999430155,28.719219442213735,43.52069316881524
graph_eager,mqa,71,1,64,128,128,fp32,uniform,packed,identity,1234,pass,q_maxdiff=0.00e+00 k_maxdiff=0.00e+00 cases=4,uniform[0]|uniform[1]|permuted-requests|strided-qkv,0.035920001566410065,0.03779200091958046,0.03481600061058998,0.0009677520450735308,0.03515715943649411,0.04086649278178811,2424832,2392064,4816896,134.10066230354602,24.254627052675573,36.75511390577588
graph_compile,mqa,71,1,64,128,128,fp32,uniform,packed,identity,1234,pass,q_maxdiff=4.77e-07 k_maxdiff=2.38e-07 cases=4,uniform[0]|uniform[1]|permuted-requests|strided-qkv,0.010944000445306301,0.012799999676644802,0.01017600018531084,0.0008498633564658454,0.008286969969049096,0.014191493391990662,2424832,2392064,4816896,440.1403329680862,79.60765773711685,120.63630257208919
eager,mqa,71,1,64,128,128,fp32,ragged,packed,identity,1234,pass,q_maxdiff=0.00e+00 k_maxdiff=0.00e+00 cases=5,ragged[0]|ragged[1]|uniform|permuted-requests|strided-qkv,0.07555200159549713,0.08339200168848038,0.07145600020885468,0.0032925934043864773,0.06377203040756285,0.07369351806119084,2424832,2392064,4816896,63.75603423175336,11.531477966517874,17.47463629272975
compile,mqa,71,1,64,128,128,fp32,ragged,packed,identity,1234,pass,q_maxdiff=4.77e-07 k_maxdiff=4.77e-07 cases=5,ragged[0]|ragged[1]|uniform|permuted-requests|strided-qkv,0.031215999275445938,0.0360959991812706,0.021888000890612602,0.002900854631294416,0.023061729734763503,0.028898997697979212,2424832,2392064,4816896,154.30856329462125,27.909606033662772,42.29381662330878
graph_eager,mqa,71,1,64,128,128,fp32,ragged,packed,identity,1234,pass,q_maxdiff=0.00e+00 k_maxdiff=0.00e+00 cases=5,ragged[0]|ragged[1]|uniform|permuted-requests|strided-qkv,0.03577600046992302,0.036928001791238785,0.03465599939227104,0.0008806465316406962,0.03499025013297796,0.040019978769123554,2424832,2392064,4816896,134.64042756958193,24.352253753385337,36.903056007587615
graph_compile,mqa,71,1,64,128,128,fp32,ragged,packed,identity,1234,pass,q_maxdiff=4.77e-07 k_maxdiff=4.77e-07 cases=5,ragged[0]|ragged[1]|uniform|permuted-requests|strided-qkv,0.011168000288307667,0.014783999882638454,0.009952000342309475,0.0014543513718255302,0.008245490025728941,0.014377059414982796,2424832,2392064,4816896,431.3123097823562,78.01094369928772,118.21666502384303
eager,mqa,71,1,64,128,2048,bf16,uniform,packed,identity,1234,pass,q_maxdiff=0.00e+00 k_maxdiff=0.00e+00 cases=4,uniform[0]|uniform[1]|permuted-requests|strided-qkv,0.09099199995398521,0.1061440035700798,0.08822400122880936,0.005485051158035559,0.07756444974802434,0.08991907816380262,1228800,1196032,2424832,26.648848263872,4.819945441883658,7.304076181064863
compile,mqa,71,1,64,128,2048,bf16,uniform,packed,identity,1234,pass,q_maxdiff=1.95e-03 k_maxdiff=0.00e+00 cases=4,uniform[0]|uniform[1]|permuted-requests|strided-qkv,0.030848000198602676,0.03843199834227562,0.02627200074493885,0.0029429398918289404,0.022659379756078124,0.028287991881370544,1228800,1196032,2424832,78.60580862255823,14.217338971813001,21.54475153178531
graph_eager,mqa,71,1,64,128,2048,bf16,uniform,packed,identity,1234,pass,q_maxdiff=0.00e+00 k_maxdiff=0.00e+00 cases=4,uniform[0]|uniform[1]|permuted-requests|strided-qkv,0.04403200000524521,0.04585599899291992,0.04294399917125702,0.0014064282813491136,0.04329164978116751,0.04932243609800935,1228800,1196032,2424832,55.069767435300406,9.960403237959772,15.09385218595994
graph_compile,mqa,71,1,64,128,2048,bf16,uniform,packed,identity,1234,pass,q_maxdiff=1.95e-03 k_maxdiff=0.00e+00 cases=4,uniform[0]|uniform[1]|permuted-requests|strided-qkv,0.011024000123143196,0.013952000066637993,0.007135999854654074,0.0017269186758621304,0.00820802990347147,0.01324451295658946,1228800,1196032,2424832,219.95935893627555,39.78378723938556,60.28778048869091
eager,mqa,71,1,64,128,2048,bf16,ragged,packed,identity,1234,pass,q_maxdiff=0.00e+00 k_maxdiff=0.00e+00 cases=5,ragged[0]|ragged[1]|uniform|permuted-requests|strided-qkv,0.09112000092864037,0.09967999905347824,0.0880960002541542,0.0034614577306612345,0.07787963026203215,0.0886409543454647,1228800,1196032,2424832,26.611413249424576,4.813174615412432,7.293815767757098
compile,mqa,71,1,64,128,2048,bf16,ragged,packed,identity,1234,pass,q_maxdiff=7.81e-03 k_maxdiff=0.00e+00 cases=5,ragged[0]|ragged[1]|uniform|permuted-requests|strided-qkv,0.030368000268936157,0.03388800099492073,0.028831999748945236,0.0023715365835147778,0.02299380023032427,0.02843898255378008,1228800,1196032,2424832,79.84826062058468,14.44205978471078,21.885290228056263
graph_eager,mqa,71,1,64,128,2048,bf16,ragged,packed,identity,1234,pass,q_maxdiff=0.00e+00 k_maxdiff=0.00e+00 cases=5,ragged[0]|ragged[1]|uniform|permuted-requests|strided-qkv,0.04398399963974953,0.04585599899291992,0.04278400167822838,0.0010652193642566243,0.04311811993829906,0.04920753417536616,1228800,1196032,2424832,55.1298658571426,9.971273167930267,15.110324321909328
graph_compile,mqa,71,1,64,128,2048,bf16,ragged,packed,identity,1234,pass,q_maxdiff=7.81e-03 k_maxdiff=0.00e+00 cases=5,ragged[0]|ragged[1]|uniform|permuted-requests|strided-qkv,0.01104000024497509,0.013663999736309052,0.008224000222980976,0.0014798154082180486,0.008286270312964916,0.012489035725593567,1228800,1196032,2424832,219.6405748363705,39.726129138965305,60.200406230412916
eager,mqa,71,1,64,128,2048,fp16,uniform,packed,identity,1234,pass,q_maxdiff=0.00e+00 k_maxdiff=0.00e+00 cases=4,uniform[0]|uniform[1]|permuted-requests|strided-qkv,0.09097599983215332,0.10208000242710114,0.08895999938249588,0.004359335885656804,0.07827899069525301,0.09008904453366995,1228800,1196032,2424832,26.653535047415883,4.820793134840431,7.3053607628115
compile,mqa,71,1,64,128,2048,fp16,uniform,packed,identity,1234,pass,q_maxdiff=9.77e-04 k_maxdiff=4.88e-04 cases=4,uniform[0]|uniform[1]|permuted-requests|strided-qkv,0.03049599938094616,0.038015998899936676,0.02940800040960312,0.0030050546840142372,0.022854841081425548,0.029340502806007862,1228800,1196032,2424832,79.513118088369,14.381442954124362,21.793432352527102
graph_eager,mqa,71,1,64,128,2048,fp16,uniform,packed,identity,1234,pass,q_maxdiff=0.00e+00 k_maxdiff=0.00e+00 cases=4,uniform[0]|uniform[1]|permuted-requests|strided-qkv,0.0440480001270771,0.04575999826192856,0.043168000876903534,0.0009053964176252952,0.04325277986936271,0.048430985771119595,1228800,1196032,2424832,55.04976373511704,9.956785192535634,15.08836945182465
graph_compile,mqa,71,1,64,128,2048,fp16,uniform,packed,identity,1234,pass,q_maxdiff=9.77e-04 k_maxdiff=4.88e-04 cases=4,uniform[0]|uniform[1]|permuted-requests|strided-qkv,0.010832000058144331,0.012256000190973282,0.007424000184983015,0.0015874869281851237,0.006301850080490112,0.012623495422303677,1228800,1196032,2424832,223.8581967304205,40.48896538699088,61.35639733787222
eager,mqa,71,1,64,128,2048,fp16,ragged,packed,identity,1234,pass,q_maxdiff=0.00e+00 k_maxdiff=0.00e+00 cases=5,ragged[0]|ragged[1]|uniform|permuted-requests|strided-qkv,0.09151999652385712,0.10022400319576263,0.08982399851083755,0.003852007376946971,0.07829020963981748,0.08921301923692226,1228800,1196032,2424832,26.495105901450763,4.792138243927517,7.261937552173198
compile,mqa,71,1,64,128,2048,fp16,ragged,packed,identity,1234,pass,q_maxdiff=1.95e-03 k_maxdiff=1.22e-04 cases=5,ragged[0]|ragged[1]|uniform|permuted-requests|strided-qkv,0.030527999624609947,0.03747199848294258,0.02924799919128418,0.0029347690266798795,0.023919240338727832,0.028503534849733114,1228800,1196032,2424832,79.42977036874821,14.366367951358772,21.770587909585316
graph_eager,mqa,71,1,64,128,2048,fp16,ragged,packed,identity,1234,pass,q_maxdiff=0.00e+00 k_maxdiff=0.00e+00 cases=5,ragged[0]|ragged[1]|uniform|permuted-requests|strided-qkv,0.044144000858068466,0.04604800045490265,0.042688000947237015,0.0013674852665280708,0.043211589800193906,0.04907755646854639,1228800,1196032,2424832,54.9300460507942,9.9351319975776,15.055556510797848
graph_compile,mqa,71,1,64,128,2048,fp16,ragged,packed,identity,1234,pass,q_maxdiff=1.95e-03 k_maxdiff=1.22e-04 cases=5,ragged[0]|ragged[1]|uniform|permuted-requests|strided-qkv,0.011024000123143196,0.012640000320971012,0.010208000428974628,0.0013123081906882073,0.006434089737012982,0.01222302671521902,1228800,1196032,2424832,219.95935893627555,39.78378723938556,60.28778048869091
eager,mqa,71,1,64,128,2048,fp32,uniform,packed,identity,1234,pass,q_maxdiff=0.00e+00 k_maxdiff=0.00e+00 cases=4,uniform[0]|uniform[1]|permuted-requests|strided-qkv,0.07532799988985062,0.08345600217580795,0.07318399846553802,0.0032633696782773153,0.0636481901165098,0.0732874614186585,2424832,2392064,4816896,63.94562456249431,11.565768943802581,17.52660034780685
compile,mqa,71,1,64,128,2048,fp32,uniform,packed,identity,1234,pass,q_maxdiff=4.77e-07 k_maxdiff=2.38e-07 cases=4,uniform[0]|uniform[1]|permuted-requests|strided-qkv,0.03001599945127964,0.03510399907827377,0.028063999488949776,0.00403169812264593,0.022686020238325,0.028037989977747202,2424832,2392064,4816896,160.47761487397835,29.025395044363794,43.98466728425947
graph_eager,mqa,71,1,64,128,2048,fp32,uniform,packed,identity,1234,pass,q_maxdiff=0.00e+00 k_maxdiff=0.00e+00 cases=4,uniform[0]|uniform[1]|permuted-requests|strided-qkv,0.03577600046992302,0.037376001477241516,0.034591998904943466,0.0010206482439177119,0.03499584970995784,0.04017050378024578,2424832,2392064,4816896,134.64042756958193,24.352253753385337,36.903056007587615
graph_compile,mqa,71,1,64,128,2048,fp32,uniform,packed,identity,1234,pass,q_maxdiff=4.77e-07 k_maxdiff=2.38e-07 cases=4,uniform[0]|uniform[1]|permuted-requests|strided-qkv,0.010912000201642513,0.013024000450968742,0.010015999898314476,0.0010252458092092542,0.008336859755218029,0.014306977391242981,2424832,2392064,4816896,441.4310768867969,79.84111305218437,120.99007740765275
eager,mqa,71,1,64,128,2048,fp32,ragged,packed,identity,1234,pass,q_maxdiff=0.00e+00 k_maxdiff=0.00e+00 cases=5,ragged[0]|ragged[1]|uniform|permuted-requests|strided-qkv,0.07579200342297554,0.08313599973917007,0.07395199686288834,0.003194963520965654,0.06392281036823988,0.07387902587652206,2424832,2392064,4816896,63.55414532477986,11.494962560399815,17.41930137010776
compile,mqa,71,1,64,128,2048,fp32,ragged,packed,identity,1234,pass,q_maxdiff=4.77e-07 k_maxdiff=4.77e-07 cases=5,ragged[0]|ragged[1]|uniform|permuted-requests|strided-qkv,0.030991999432444572,0.037856001406908035,0.02953599952161312,0.0028105869692613577,0.023751830449327826,0.029445451218634844,2424832,2392064,4816896,155.42385416274044,28.11132736446615,42.59950223433882
graph_eager,mqa,71,1,64,128,2048,fp32,ragged,packed,identity,1234,pass,q_maxdiff=0.00e+00 k_maxdiff=0.00e+00 cases=5,ragged[0]|ragged[1]|uniform|permuted-requests|strided-qkv,0.0359680000692606,0.03763199970126152,0.034623999148607254,0.0009416473221037009,0.035039440263062716,0.04089204594492912,2424832,2392064,4816896,133.92170792717144,24.222259787787763,36.70606501686961
graph_compile,mqa,71,1,64,128,2048,fp32,ragged,packed,identity,1234,pass,q_maxdiff=4.77e-07 k_maxdiff=4.77e-07 cases=5,ragged[0]|ragged[1]|uniform|permuted-requests|strided-qkv,0.01119999960064888,0.013824000023305416,0.009855999611318111,0.0011788878263381938,0.008338158950209618,0.013275013770908117,2424832,2392064,4816896,430.08001533508354,77.78806007049529,117.87891037001114
eager,mha96,32,32,96,1,128,bf16,uniform,packed,identity,1234,pass,q_maxdiff=0.00e+00 k_maxdiff=0.00e+00 cases=4,uniform[0]|uniform[1]|permuted-requests|strided-qkv,0.09020800143480301,0.09862399846315384,0.08873599767684937,0.0040044882759853115,0.07884535007178783,0.08991901995614171,18816,18432,37248,0.4129123737091176,0.0746829691793761,0.11317350017578251
compile,mha96,32,32,96,1,128,bf16,uniform,packed,identity,1234,pass,q_maxdiff=0.00e+00 k_maxdiff=0.00e+00 cases=4,uniform[0]|uniform[1]|permuted-requests|strided-qkv,0.030559999868273735,0.03667199984192848,0.029184000566601753,0.002923252175692043,0.023185770260170102,0.029114482458680868,18816,18432,37248,1.2188481727930076,0.2204516171442335,0.3340692182671583
graph_eager,mha96,32,32,96,1,128,bf16,uniform,packed,identity,1234,pass,q_maxdiff=0.00e+00 k_maxdiff=0.00e+00 cases=4,uniform[0]|uniform[1]|permuted-requests|strided-qkv,0.031936001032590866,0.03356799855828285,0.030527999624609947,0.0010101712644180608,0.03084745956584811,0.03580254269763827,18816,18432,37248,1.166332627619476,0.21095319304421872,0.31967544263980235
graph_compile,mha96,32,32,96,1,128,bf16,uniform,packed,identity,1234,pass,q_maxdiff=0.00e+00 k_maxdiff=0.00e+00 cases=4,uniform[0]|uniform[1]|permuted-requests|strided-qkv,0.010975999757647514,0.015104000456631184,0.007104000076651573,0.00152576331665902,0.006045259069651365,0.012092932593077421,18816,18432,37248,3.393586080762028,0.6137938720520207,0.9301344289047976
eager,mha96,32,32,96,1,128,bf16,uniform,packed,permuted,1234,pass,q_maxdiff=0.00e+00 k_maxdiff=0.00e+00 cases=4,uniform[0]|uniform[1]|permuted-requests|strided-qkv,0.09067199751734734,0.1016639992594719,0.08902399986982346,0.004206055831896174,0.077906179940328,0.08967902977019548,18816,18432,37248,0.41079937599117883,0.07430079379909534,0.11259435708676713
compile,mha96,32,32,96,1,128,bf16,uniform,packed,permuted,1234,pass,q_maxdiff=0.00e+00 k_maxdiff=0.00e+00 cases=4,uniform[0]|uniform[1]|permuted-requests|strided-qkv,0.03014400042593479,0.03545600175857544,0.02908799983561039,0.002738206987404899,0.023327829549089074,0.02878950908780098,18816,18432,37248,1.2356687723489146,0.2234939389495311,0.3386795090891482
graph_eager,mha96,32,32,96,1,128,bf16,uniform,packed,permuted,1234,pass,q_maxdiff=0.00e+00 k_maxdiff=0.00e+00 cases=4,uniform[0]|uniform[1]|permuted-requests|strided-qkv,0.03187200054526329,0.03254399821162224,0.030559999868273735,0.0007095852349408595,0.030849260510876775,0.0357620301656425,18816,18432,37248,1.1686746788016,0.21137679705172252,0.3203173660762226
graph_compile,mha96,32,32,96,1,128,bf16,uniform,packed,permuted,1234,pass,q_maxdiff=0.00e+00 k_maxdiff=0.00e+00 cases=4,uniform[0]|uniform[1]|permuted-requests|strided-qkv,0.010912000201642513,0.014976000413298607,0.005888000130653381,0.0017074252733017248,0.006040449952706695,0.01123594120144844,18816,18432,37248,3.41348967299261,0.6173938110699843,0.9355897248519065
eager,mha96,32,32,96,1,128,bf16,uniform,strided,identity,1234,pass,q_maxdiff=0.00e+00 k_maxdiff=0.00e+00 cases=4,uniform[0]|uniform[1]|permuted-requests|strided-qkv,0.09094399958848953,0.09881599992513657,0.08867199718952179,0.0040812819782113366,0.07844520034268498,0.08897203952074051,18816,18432,37248,0.40957072669491823,0.07407856946442444,0.11225760151778948
compile,mha96,32,32,96,1,128,bf16,uniform,strided,identity,1234,pass,q_maxdiff=0.00e+00 k_maxdiff=0.00e+00 cases=4,uniform[0]|uniform[1]|permuted-requests|strided-qkv,0.030479999259114265,0.036928001791238785,0.028896000236272812,0.002915037098946759,0.02299571060575545,0.029174552764743567,18816,18432,37248,1.222047273799127,0.22103023473250186,0.334946047060217
graph_eager,mha96,32,32,96,1,128,bf16,uniform,strided,identity,1234,pass,q_maxdiff=0.00e+00 k_maxdiff=0.00e+00 cases=4,uniform[0]|uniform[1]|permuted-requests|strided-qkv,0.03179199993610382,0.0331839993596077,0.03049599938094616,0.0007078016134013306,0.030801669927313927,0.035842531360685825,18816,18432,37248,1.1716155031096425,0.211908700441264,0.3211234048426405
graph_compile,mha96,32,32,96,1,128,bf16,uniform,strided,identity,1234,pass,q_maxdiff=0.00e+00 k_maxdiff=0.00e+00 cases=4,uniform[0]|uniform[1]|permuted-requests|strided-qkv,0.010975999757647514,0.012959999963641167,0.009216000325977802,0.00101581228386839,0.005974930245429277,0.01122098183259368,18816,18432,37248,3.393586080762028,0.6137938720520207,0.9301344289047976
eager,mha96,32,32,96,1,128,bf16,uniform,strided,permuted,1234,pass,q_maxdiff=0.00e+00 k_maxdiff=0.00e+00 cases=4,uniform[0]|uniform[1]|permuted-requests|strided-qkv,0.09062399715185165,0.09920000284910202,0.08879999816417694,0.003708494983362077,0.07854589028283954,0.09006942855194211,18816,18432,37248,0.4110169620700618,0.07434014833399849,0.11265399438442306
compile,mha96,32,32,96,1,128,bf16,uniform,strided,permuted,1234,pass,q_maxdiff=0.00e+00 k_maxdiff=0.00e+00 cases=4,uniform[0]|uniform[1]|permuted-requests|strided-qkv,0.03017600066959858,0.03798399865627289,0.027456000447273254,0.00327530428762526,0.022778999991714954,0.02844305709004402,18816,18432,37248,1.234358403150695,0.22325693403353603,0.33832035523925763
graph_eager,mha96,32,32,96,1,128,bf16,uniform,strided,permuted,1234,pass,q_maxdiff=0.00e+00 k_maxdiff=0.00e+00 cases=4,uniform[0]|uniform[1]|permuted-requests|strided-qkv,0.03177599981427193,0.03280000016093254,0.030432000756263733,0.0007004592218573825,0.03083743969909847,0.035811972338706255,18816,18432,37248,1.1722054449179085,0.21201540251339757,0.3212850996321227
graph_compile,mha96,32,32,96,1,128,bf16,uniform,strided,permuted,1234,pass,q_maxdiff=0.00e+00 k_maxdiff=0.00e+00 cases=4,uniform[0]|uniform[1]|permuted-requests|strided-qkv,0.010816000401973724,0.012864000163972378,0.006463999859988689,0.0016413666832488035,0.005941570270806551,0.01154647907242179,18816,18432,37248,3.44378685426111,0.6228736261565899,0.9438937580268285
eager,mha96,32,32,96,1,128,bf16,ragged,packed,identity,1234,pass,q_maxdiff=0.00e+00 k_maxdiff=0.00e+00 cases=5,ragged[0]|ragged[1]|uniform|permuted-requests|strided-qkv,0.09126400202512741,0.10035199671983719,0.08928000181913376,0.00432521474009998,0.07838238030672073,0.08915201760828495,18816,18432,37248,0.4081346332998265,0.07381882496270142,0.11186398842588359
compile,mha96,32,32,96,1,128,bf16,ragged,packed,identity,1234,pass,q_maxdiff=0.00e+00 k_maxdiff=0.00e+00 cases=5,ragged[0]|ragged[1]|uniform|permuted-requests|strided-qkv,0.04134400002658367,0.05164799839258194,0.03200000151991844,0.007019848962793189,0.029127229936420918,0.037134450394660234,18816,18432,37248,0.9009287919903736,0.16294991743800072,0.24693196738763326
graph_eager,mha96,32,32,96,1,128,bf16,ragged,packed,identity,1234,pass,q_maxdiff=0.00e+00 k_maxdiff=0.00e+00 cases=5,ragged[0]|ragged[1]|uniform|permuted-requests|strided-qkv,0.03167999908328056,0.033504001796245575,0.03049599938094616,0.0007720970258301067,0.030953959794715047,0.03584299702197313,18816,18432,37248,1.1757576097802984,0.21265787834078662,0.3222586982847058
graph_compile,mha96,32,32,96,1,128,bf16,ragged,packed,identity,1234,pass,q_maxdiff=0.00e+00 k_maxdiff=0.00e+00 cases=5,ragged[0]|ragged[1]|uniform|permuted-requests|strided-qkv,0.01104000024497509,0.012575999833643436,0.008704000152647495,0.0011304936297177976,0.00604195985943079,0.01015904126688838,18816,18432,37248,3.373912968611899,0.6102356196916651,0.9247423043206375
eager,mha96,32,32,96,1,128,bf16,ragged,packed,permuted,1234,pass,q_maxdiff=0.00e+00 k_maxdiff=0.00e+00 cases=5,ragged[0]|ragged[1]|uniform|permuted-requests|strided-qkv,0.09107200056314468,0.09942399710416794,0.08956799656152725,0.0032597450187459506,0.0782169692683965,0.08876650827005506,18816,18432,37248,0.4089950782861537,0.07397445262243267,0.11209982434897933
compile,mha96,32,32,96,1,128,bf16,ragged,packed,permuted,1234,pass,q_maxdiff=0.00e+00 k_maxdiff=0.00e+00 cases=5,ragged[0]|ragged[1]|uniform|permuted-requests|strided-qkv,0.04235200025141239,0.05113599821925163,0.03215999901294708,0.006882829852852937,0.029714839765802026,0.041552993934601545,18816,18432,37248,0.8794862055838276,0.15907162237665118,0.2410548546853629
graph_eager,mha96,32,32,96,1,128,bf16,ragged,packed,permuted,1234,pass,q_maxdiff=0.00e+00 k_maxdiff=0.00e+00 cases=5,ragged[0]|ragged[1]|uniform|permuted-requests|strided-qkv,0.03169599920511246,0.03359999880194664,0.030527999624609947,0.0013217889105556165,0.03094143932685256,0.035792007111012936,18816,18432,37248,1.1751640880276153,0.21255052876837066,0.32209602228258405
graph_compile,mha96,32,32,96,1,128,bf16,ragged,packed,permuted,1234,pass,q_maxdiff=0.00e+00 k_maxdiff=0.00e+00 cases=5,ragged[0]|ragged[1]|uniform|permuted-requests|strided-qkv,0.010928000323474407,0.01500799972563982,0.008736000396311283,0.0012650567590635697,0.0060355395544320345,0.011236523278057575,18816,18432,37248,3.408491846398254,0.6164898601271794,0.9342198905602528
eager,mha96,32,32,96,1,128,bf16,ragged,strided,identity,1234,pass,q_maxdiff=0.00e+00 k_maxdiff=0.00e+00 cases=5,ragged[0]|ragged[1]|uniform|permuted-requests|strided-qkv,0.09087999910116196,0.09881599992513657,0.08857599645853043,0.0033642804752856727,0.07906376966275275,0.08988898480311036,18816,18432,37248,0.40985915898324166,0.07413073786883842,0.11233665676948865
compile,mha96,32,32,96,1,128,bf16,ragged,strided,identity,1234,pass,q_maxdiff=0.00e+00 k_maxdiff=0.00e+00 cases=5,ragged[0]|ragged[1]|uniform|permuted-requests|strided-qkv,0.042639998719096184,0.051552001386880875,0.031936001032590866,0.007288629293655225,0.029766629450023174,0.037675490602850914,18816,18432,37248,0.8735459924701782,0.15799722310665468,0.23942672544374471
graph_eager,mha96,32,32,96,1,128,bf16,ragged,strided,identity,1234,pass,q_maxdiff=0.00e+00 k_maxdiff=0.00e+00 cases=5,ragged[0]|ragged[1]|uniform|permuted-requests|strided-qkv,0.03171199932694435,0.03308799862861633,0.03062400035560131,0.0011624239514092527,0.030895860400050875,0.035957491490989923,18816,18432,37248,1.1745711651914656,0.21244328752127473,0.32193351043509827
graph_compile,mha96,32,32,96,1,128,bf16,ragged,strided,identity,1234,pass,q_maxdiff=0.00e+00 k_maxdiff=0.00e+00 cases=5,ragged[0]|ragged[1]|uniform|permuted-requests|strided-qkv,0.010928000323474407,0.013183999806642532,0.006111999973654747,0.0015305148284087834,0.005990759236738086,0.011106021702289581,18816,18432,37248,3.408491846398254,0.6164898601271794,0.9342198905602528
eager,mha96,32,32,96,1,128,bf16,ragged,strided,permuted,1234,pass,q_maxdiff=0.00e+00 k_maxdiff=0.00e+00 cases=5,ragged[0]|ragged[1]|uniform|permuted-requests|strided-qkv,0.09108800068497658,0.10063999891281128,0.08841600269079208,0.004040646890385438,0.07867634063586593,0.08935306686908007,18816,18432,37248,0.4089232359904396,0.07396145859198404,0.11208013338163537
compile,mha96,32,32,96,1,128,bf16,ragged,strided,permuted,1234,pass,q_maxdiff=0.00e+00 k_maxdiff=0.00e+00 cases=5,ragged[0]|ragged[1]|uniform|permuted-requests|strided-qkv,0.04230399988591671,0.05056000128388405,0.031199999153614044,0.006918145571520702,0.029034260660409927,0.03913842374458909,18816,18432,37248,0.8804841173517521,0.15925211348942211,0.2413283683285316
graph_eager,mha96,32,32,96,1,128,bf16,ragged,strided,permuted,1234,pass,q_maxdiff=0.00e+00 k_maxdiff=0.00e+00 cases=5,ragged[0]|ragged[1]|uniform|permuted-requests|strided-qkv,0.03167999908328056,0.03254399821162224,0.030271999537944794,0.001139445567281548,0.030925809405744076,0.035652017686516047,18816,18432,37248,1.1757576097802984,0.21265787834078662,0.3222586982847058
graph_compile,mha96,32,32,96,1,128,bf16,ragged,strided,permuted,1234,pass,q_maxdiff=0.00e+00 k_maxdiff=0.00e+00 cases=5,ragged[0]|ragged[1]|uniform|permuted-requests|strided-qkv,0.010944000445306301,0.01228800043463707,0.0077760000713169575,0.0011967168970527997,0.0059676100499928,0.012017495464533567,18816,18432,37248,3.403508633442631,0.6155885523358048,0.9328540616623607
eager,mha96,32,32,96,1,128,fp16,uniform,packed,identity,1234,pass,q_maxdiff=0.00e+00 k_maxdiff=0.00e+00 cases=4,uniform[0]|uniform[1]|permuted-requests|strided-qkv,0.09040000289678574,0.09884800016880035,0.08879999816417694,0.003453487630079086,0.07813091040588915,0.08886255091056228,18816,18432,37248,0.41203538502678955,0.07452434928105571,0.11293312985725208
compile,mha96,32,32,96,1,128,fp16,uniform,packed,identity,1234,pass,q_maxdiff=6.10e-05 k_maxdiff=0.00e+00 cases=4,uniform[0]|uniform[1]|permuted-requests|strided-qkv,0.030447999946773052,0.03657599911093712,0.029440000653266907,0.002694770590813174,0.023108519380912185,0.02876447979360819,18816,18432,37248,1.2233315838516226,0.22126252636185093,0.3352980584631358
graph_eager,mha96,32,32,96,1,128,fp16,uniform,packed,identity,1234,pass,q_maxdiff=0.00e+00 k_maxdiff=0.00e+00 cases=4,uniform[0]|uniform[1]|permuted-requests|strided-qkv,0.03175999969244003,0.033215999603271484,0.030912000685930252,0.0008366440310838219,0.030799970263615247,0.03577698953449726,18816,18432,37248,1.1727959811305129,0.2121222120947358,0.32144695733951145
graph_compile,mha96,32,32,96,1,128,fp16,uniform,packed,identity,1234,pass,q_maxdiff=6.10e-05 k_maxdiff=0.00e+00 cases=4,uniform[0]|uniform[1]|permuted-requests|strided-qkv,0.010879999957978725,0.015552000142633915,0.008608000352978706,0.0015753656670498106,0.006008590571582317,0.011325988452881575,18816,18432,37248,3.4235294249872306,0.619209689054089,0.938341480300457
eager,mha96,32,32,96,1,128,fp16,uniform,packed,permuted,1234,pass,q_maxdiff=0.00e+00 k_maxdiff=0.00e+00 cases=4,uniform[0]|uniform[1]|permuted-requests|strided-qkv,0.09041600301861763,0.09855999797582626,0.08841600269079208,0.003962407106102765,0.07768235984258354,0.09017949923872948,18816,18432,37248,0.41196247076228565,0.07451116136488899,0.11291314507827217
compile,mha96,32,32,96,1,128,fp16,uniform,packed,permuted,1234,pass,q_maxdiff=6.10e-05 k_maxdiff=0.00e+00 cases=4,uniform[0]|uniform[1]|permuted-requests|strided-qkv,0.030527999624609947,0.03814399987459183,0.029440000653266907,0.0028623314824569247,0.023251589154824615,0.028743990696966648,18816,18432,37248,1.2201258011668987,0.2206827002663325,0.33441939831552614
graph_eager,mha96,32,32,96,1,128,fp16,uniform,packed,permuted,1234,pass,q_maxdiff=0.00e+00 k_maxdiff=0.00e+00 cases=4,uniform[0]|uniform[1]|permuted-requests|strided-qkv,0.03177599981427193,0.033215999603271484,0.030527999624609947,0.0007032184885331113,0.030884529696777466,0.035766977816820145,18816,18432,37248,1.1722054449179085,0.21201540251339757,0.3212850996321227
graph_compile,mha96,32,32,96,1,128,fp16,uniform,packed,permuted,1234,pass,q_maxdiff=6.10e-05 k_maxdiff=0.00e+00 cases=4,uniform[0]|uniform[1]|permuted-requests|strided-qkv,0.010912000201642513,0.015552000142633915,0.007712000049650669,0.0018418211263728059,0.00606509973295033,0.011692522093653679,18816,18432,37248,3.41348967299261,0.6173938110699843,0.9355897248519065
eager,mha96,32,32,96,1,128,fp16,uniform,strided,identity,1234,pass,q_maxdiff=0.00e+00 k_maxdiff=0.00e+00 cases=4,uniform[0]|uniform[1]|permuted-requests|strided-qkv,0.09123200178146362,0.10012800246477127,0.08905600011348724,0.0033176468055672176,0.07861120975576341,0.08966855239123106,18816,18432,37248,0.40827778929178327,0.07384471741644194,0.11190322547885767
compile,mha96,32,32,96,1,128,fp16,uniform,strided,identity,1234,pass,q_maxdiff=6.10e-05 k_maxdiff=0.00e+00 cases=4,uniform[0]|uniform[1]|permuted-requests|strided-qkv,0.03041600063443184,0.03551999852061272,0.028991999104619026,0.002217506195608257,0.02349523943848908,0.028743990696966648,18816,18432,37248,1.2246185962343166,0.22149530675844403,0.33565081053692486
graph_eager,mha96,32,32,96,1,128,fp16,uniform,strided,identity,1234,pass,q_maxdiff=0.00e+00 k_maxdiff=0.00e+00 cases=4,uniform[0]|uniform[1]|permuted-requests|strided-qkv,0.0318400003015995,0.033504001796245575,0.030559999868273735,0.0009119058597619064,0.030944941099733118,0.03582698991522193,18816,18432,37248,1.1698492351499388,0.2115892376593373,0.3206392955255658
graph_compile,mha96,32,32,96,1,128,fp16,uniform,strided,identity,1234,pass,q_maxdiff=6.10e-05 k_maxdiff=0.00e+00 cases=4,uniform[0]|uniform[1]|permuted-requests|strided-qkv,0.010847999714314938,0.012896000407636166,0.009312000125646591,0.001071415987320581,0.005995569517835975,0.011411437299102545,18816,18432,37248,3.433628409009619,0.6210362802645002,0.9411094704184723
eager,mha96,32,32,96,1,128,fp16,uniform,strided,permuted,1234,pass,q_maxdiff=0.00e+00 k_maxdiff=0.00e+00 cases=4,uniform[0]|uniform[1]|permuted-requests|strided-qkv,0.09217600151896477,0.10000000149011612,0.09040000289678574,0.00365076447746454,0.07896566996350884,0.09024952305480838,18816,18432,37248,0.40409650436330113,0.07308845339209472,0.11075719382488275
compile,mha96,32,32,96,1,128,fp16,uniform,strided,permuted,1234,pass,q_maxdiff=6.10e-05 k_maxdiff=0.00e+00 cases=4,uniform[0]|uniform[1]|permuted-requests|strided-qkv,0.030447999946773052,0.03753599897027016,0.027904000133275986,0.002670123780405168,0.022799840662628412,0.028463953640311956,18816,18432,37248,1.2233315838516226,0.22126252636185093,0.3352980584631358
graph_eager,mha96,32,32,96,1,128,fp16,uniform,strided,permuted,1234,pass,q_maxdiff=0.00e+00 k_maxdiff=0.00e+00 cases=4,uniform[0]|uniform[1]|permuted-requests|strided-qkv,0.03167999908328056,0.03328000009059906,0.030527999624609947,0.000675941052619255,0.03079105052165687,0.03591249696910381,18816,18432,37248,1.1757576097802984,0.21265787834078662,0.3222586982847058
graph_compile,mha96,32,32,96,1,128,fp16,uniform,strided,permuted,1234,pass,q_maxdiff=6.10e-05 k_maxdiff=0.00e+00 cases=4,uniform[0]|uniform[1]|permuted-requests|strided-qkv,0.010912000201642513,0.015744000673294067,0.005152000114321709,0.002050193758055181,0.005937759997323155,0.012092525139451027,18816,18432,37248,3.41348967299261,0.6173938110699843,0.9355897248519065
eager,mha96,32,32,96,1,128,fp16,ragged,packed,identity,1234,pass,q_maxdiff=0.00e+00 k_maxdiff=0.00e+00 cases=5,ragged[0]|ragged[1]|uniform|permuted-requests|strided-qkv,0.09196799993515015,0.09878399968147278,0.08736000210046768,0.0032759936194082778,0.07875718991272151,0.08944299770519137,18816,18432,37248,0.40501043869894815,0.07325375560672194,0.1110076904296875
compile,mha96,32,32,96,1,128,fp16,ragged,packed,identity,1234,pass,q_maxdiff=6.10e-05 k_maxdiff=7.63e-06 cases=5,ragged[0]|ragged[1]|uniform|permuted-requests|strided-qkv,0.04350399971008301,0.0517439991235733,0.031936001032590866,0.007004359285785721,0.029024030081927776,0.038803089410066605,18816,18432,37248,0.8561971370040938,0.15485935628413175,0.23467164707323385
graph_eager,mha96,32,32,96,1,128,fp16,ragged,packed,identity,1234,pass,q_maxdiff=0.00e+00 k_maxdiff=0.00e+00 cases=5,ragged[0]|ragged[1]|uniform|permuted-requests|strided-qkv,0.03167999908328056,0.03311999887228012,0.030527999624609947,0.0007755642313973224,0.030946850311011073,0.03578199539333582,18816,18432,37248,1.1757576097802984,0.21265787834078662,0.3222586982847058
graph_compile,mha96,32,32,96,1,128,fp16,ragged,packed,identity,1234,pass,q_maxdiff=6.10e-05 k_maxdiff=7.63e-06 cases=5,ragged[0]|ragged[1]|uniform|permuted-requests|strided-qkv,0.01089600007981062,0.013728000223636627,0.006527999881654978,0.001614896276349425,0.005964309675619006,0.011151074431836605,18816,18432,37248,3.418502177603453,0.618300416808147,0.9369635821823626
eager,mha96,32,32,96,1,128,fp16,ragged,packed,permuted,1234,pass,q_maxdiff=0.00e+00 k_maxdiff=0.00e+00 cases=5,ragged[0]|ragged[1]|uniform|permuted-requests|strided-qkv,0.09100800007581711,0.0992640033364296,0.08163200318813324,0.004005841820305474,0.07834321004338562,0.08899695239961147,18816,18432,37248,0.40928270008097495,0.07402647443385235,0.1121786574557578
compile,mha96,32,32,96,1,128,fp16,ragged,packed,permuted,1234,pass,q_maxdiff=6.10e-05 k_maxdiff=7.63e-06 cases=5,ragged[0]|ragged[1]|uniform|permuted-requests|strided-qkv,0.04396799951791763,0.05289600044488907,0.03187200054526329,0.007663052249151447,0.028849809896200895,0.038732949178665876,18816,18432,37248,0.847161581341013,0.15322510609433296,0.23219512777874465
graph_eager,mha96,32,32,96,1,128,fp16,ragged,packed,permuted,1234,pass,q_maxdiff=0.00e+00 k_maxdiff=0.00e+00 cases=5,ragged[0]|ragged[1]|uniform|permuted-requests|strided-qkv,0.03167999908328056,0.03302399814128876,0.030592000111937523,0.0007895618720991807,0.03084315918385982,0.03580300835892558,18816,18432,37248,1.1757576097802984,0.21265787834078662,0.3222586982847058
graph_compile,mha96,32,32,96,1,128,fp16,ragged,packed,permuted,1234,pass,q_maxdiff=6.10e-05 k_maxdiff=7.63e-06 cases=5,ragged[0]|ragged[1]|uniform|permuted-requests|strided-qkv,0.010912000201642513,0.01532800029963255,0.00687999976798892,0.001846625569024477,0.006139440229162574,0.011225987691432238,18816,18432,37248,3.41348967299261,0.6173938110699843,0.9355897248519065
eager,mha96,32,32,96,1,128,fp16,ragged,strided,identity,1234,pass,q_maxdiff=0.00e+00 k_maxdiff=0.00e+00 cases=5,ragged[0]|ragged[1]|uniform|permuted-requests|strided-qkv,0.09092799946665764,0.09849599748849869,0.08934400230646133,0.00329926349712989,0.0789978401735425,0.08896196959540248,18816,18432,37248,0.4096427967015645,0.07409160468067812,0.11227735489751163
compile,mha96,32,32,96,1,128,fp16,ragged,strided,identity,1234,pass,q_maxdiff=6.10e-05 k_maxdiff=7.63e-06 cases=5,ragged[0]|ragged[1]|uniform|permuted-requests|strided-qkv,0.04214400053024292,0.050144001841545105,0.03200000151991844,0.0069737655321638805,0.02888006973080337,0.0387425534427166,18816,18432,37248,0.8838268681510313,0.15985671284466635,0.2422445695185602
graph_eager,mha96,32,32,96,1,128,fp16,ragged,strided,identity,1234,pass,q_maxdiff=0.00e+00 k_maxdiff=0.00e+00 cases=5,ragged[0]|ragged[1]|uniform|permuted-requests|strided-qkv,0.03169599920511246,0.033055998384952545,0.03049599938094616,0.0007288517650404673,0.030792360194027424,0.03575196024030447,18816,18432,37248,1.1751640880276153,0.21255052876837066,0.32209602228258405
graph_compile,mha96,32,32,96,1,128,fp16,ragged,strided,identity,1234,pass,q_maxdiff=6.10e-05 k_maxdiff=7.63e-06 cases=5,ragged[0]|ragged[1]|uniform|permuted-requests|strided-qkv,0.010847999714314938,0.013663999736309052,0.006688000168651342,0.0014922907568085027,0.006001979345455766,0.011311029084026814,18816,18432,37248,3.433628409009619,0.6210362802645002,0.9411094704184723
eager,mha96,32,32,96,1,128,fp16,ragged,strided,permuted,1234,pass,q_maxdiff=0.00e+00 k_maxdiff=0.00e+00 cases=5,ragged[0]|ragged[1]|uniform|permuted-requests|strided-qkv,0.09095999971032143,0.09939199686050415,0.08883199840784073,0.0043756368806781385,0.0783987098839134,0.08883699774742126,18816,18432,37248,0.4094986820429089,0.07406553883403373,0.1122378550874183
compile,mha96,32,32,96,1,128,fp16,ragged,strided,permuted,1234,pass,q_maxdiff=6.10e-05 k_maxdiff=7.63e-06 cases=5,ragged[0]|ragged[1]|uniform|permuted-requests|strided-qkv,0.04267200082540512,0.05161599814891815,0.03177599981427193,0.006730178994364865,0.02899948973208666,0.03981002373620868,18816,18432,37248,0.8728908717545791,0.15787873220319165,0.23924716602837529
graph_eager,mha96,32,32,96,1,128,fp16,ragged,strided,permuted,1234,pass,q_maxdiff=0.00e+00 k_maxdiff=0.00e+00 cases=5,ragged[0]|ragged[1]|uniform|permuted-requests|strided-qkv,0.03174399957060814,0.03324799984693527,0.03062400035560131,0.0007039020134598128,0.030782440444454554,0.03578199539333582,18816,18432,37248,1.17338711264626,0.21222912934784433,0.3216089782111563
graph_compile,mha96,32,32,96,1,128,fp16,ragged,strided,permuted,1234,pass,q_maxdiff=6.10e-05 k_maxdiff=7.63e-06 cases=5,ragged[0]|ragged[1]|uniform|permuted-requests|strided-qkv,0.010816000401973724,0.012640000320971012,0.00854399986565113,0.0011580807627753088,0.0062325200997292995,0.012032920494675636,18816,18432,37248,3.44378685426111,0.6228736261565899,0.9438937580268285
eager,mha96,32,32,96,1,128,fp32,uniform,packed,identity,1234,pass,q_maxdiff=0.00e+00 k_maxdiff=0.00e+00 cases=4,uniform[0]|uniform[1]|permuted-requests|strided-qkv,0.07555200159549713,0.08191999793052673,0.07401599735021591,0.003507037816211948,0.06455439957790077,0.07348792860284448,37248,36864,74112,0.9809402588272003,0.17742149613663505,0.2688619901544038
compile,mha96,32,32,96,1,128,fp32,uniform,packed,identity,1234,pass,q_maxdiff=4.77e-07 k_maxdiff=2.38e-07 cases=4,uniform[0]|uniform[1]|permuted-requests|strided-qkv,0.03057599999010563,0.035392001271247864,0.029343999922275543,0.002350710855153259,0.02313205972313881,0.028604059480130672,37248,36864,74112,2.423861853217641,0.4384010061331843,0.6643465958819775
graph_eager,mha96,32,32,96,1,128,fp32,uniform,packed,identity,1234,pass,q_maxdiff=0.00e+00 k_maxdiff=0.00e+00 cases=4,uniform[0]|uniform[1]|permuted-requests|strided-qkv,0.025536000728607178,0.026655999943614006,0.0244159996509552,0.0008392442708791034,0.02466103993356228,0.03067252691835165,37248,36864,74112,2.9022555562889947,0.5249275053541897,0.7954676115887626
graph_compile,mha96,32,32,96,1,128,fp32,uniform,packed,identity,1234,pass,q_maxdiff=4.77e-07 k_maxdiff=2.38e-07 cases=4,uniform[0]|uniform[1]|permuted-requests|strided-qkv,0.010960000101476908,0.014879999682307243,0.008832000195980072,0.0013891133592425315,0.0059946696273982525,0.011441472452133894,37248,36864,74112,6.762043733011745,1.2230427951715275,1.8533815073940358
eager,mha96,32,32,96,1,128,fp32,uniform,packed,permuted,1234,pass,q_maxdiff=0.00e+00 k_maxdiff=0.00e+00 cases=4,uniform[0]|uniform[1]|permuted-requests|strided-qkv,0.07558400183916092,0.08611200004816055,0.07430399954319,0.003443947430401742,0.06422188016586006,0.07350294617936015,37248,36864,74112,0.9805249549727035,0.17734638062317432,0.26874816118282885
compile,mha96,32,32,96,1,128,fp32,uniform,packed,permuted,1234,pass,q_maxdiff=4.77e-07 k_maxdiff=2.38e-07 cases=4,uniform[0]|uniform[1]|permuted-requests|strided-qkv,0.030704000033438206,0.035679999738931656,0.02937600016593933,0.002347993600684099,0.02321982989087701,0.028168025892227888,37248,36864,74112,2.4137571625614997,0.43657338277072394,0.6615770416555531
graph_eager,mha96,32,32,96,1,128,fp32,uniform,packed,permuted,1234,pass,q_maxdiff=0.00e+00 k_maxdiff=0.00e+00 cases=4,uniform[0]|uniform[1]|permuted-requests|strided-qkv,0.02550400048494339,0.02630399912595749,0.023871999233961105,0.0009262867793625857,0.02466465113684535,0.030578055884689093,37248,36864,74112,2.905897058924264,0.525586139598142,0.796465696474015
graph_compile,mha96,32,32,96,1,128,fp32,uniform,packed,permuted,1234,pass,q_maxdiff=4.77e-07 k_maxdiff=2.38e-07 cases=4,uniform[0]|uniform[1]|permuted-requests|strided-qkv,0.010847999714314938,0.012543999589979649,0.007615999784320593,0.0011625603932685935,0.005925940349698067,0.01124147092923522,37248,36864,74112,6.83185858699852,1.2356701246499848,1.872516781348094
eager,mha96,32,32,96,1,128,fp32,uniform,strided,identity,1234,pass,q_maxdiff=0.00e+00 k_maxdiff=0.00e+00 cases=4,uniform[0]|uniform[1]|permuted-requests|strided-qkv,0.07499199733138084,0.08396799862384796,0.07379200309515,0.0036429674509111795,0.06391349015757442,0.07334246765822172,37248,36864,74112,0.9882654501454038,0.17874639476472948,0.270869722529899
compile,mha96,32,32,96,1,128,fp32,uniform,strided,identity,1234,pass,q_maxdiff=4.77e-07 k_maxdiff=2.38e-07 cases=4,uniform[0]|uniform[1]|permuted-requests|strided-qkv,0.030511999502778053,0.03519999980926514,0.029440000653266907,0.002164631161745505,0.0231279490981251,0.02889393363147974,37248,36864,74112,2.4289460280455324,0.4393205747781323,0.6657400970154248
graph_eager,mha96,32,32,96,1,128,fp32,uniform,strided,identity,1234,pass,q_maxdiff=0.00e+00 k_maxdiff=0.00e+00 cases=4,uniform[0]|uniform[1]|permuted-requests|strided-qkv,0.025567999109625816,0.027424000203609467,0.024383999407291412,0.0008794275659107507,0.024782860418781638,0.03039202420040965,37248,36864,74112,2.8986233800398713,0.5242705579625903,0.7944720829353679
graph_compile,mha96,32,32,96,1,128,fp32,uniform,strided,identity,1234,pass,q_maxdiff=4.77e-07 k_maxdiff=2.38e-07 cases=4,uniform[0]|uniform[1]|permuted-requests|strided-qkv,0.01089600007981062,0.012256000190973282,0.006752000190317631,0.0012612618911554835,0.006042849272489548,0.011541997082531452,37248,36864,74112,6.801762064716148,1.230226602515179,1.8642677459917112
eager,mha96,32,32,96,1,128,fp32,uniform,strided,permuted,1234,pass,q_maxdiff=0.00e+00 k_maxdiff=0.00e+00 cases=4,uniform[0]|uniform[1]|permuted-requests|strided-qkv,0.07569600269198418,0.08396799862384796,0.07379200309515,0.0034192291575868444,0.06422388018108904,0.07358298171311617,37248,36864,74112,0.9790741566839445,0.17708397646484986,0.26835051768546164
compile,mha96,32,32,96,1,128,fp32,uniform,strided,permuted,1234,pass,q_maxdiff=4.77e-07 k_maxdiff=2.38e-07 cases=4,uniform[0]|uniform[1]|permuted-requests|strided-qkv,0.030224000103771687,0.037248000502586365,0.028960000723600388,0.0033329209293737794,0.02294270903803408,0.02855854108929634,37248,36864,74112,2.452091045048385,0.4435067864335327,0.6720838221072916
graph_eager,mha96,32,32,96,1,128,fp32,uniform,strided,permuted,1234,pass,q_maxdiff=0.00e+00 k_maxdiff=0.00e+00 cases=4,uniform[0]|uniform[1]|permuted-requests|strided-qkv,0.025536000728607178,0.027103999629616737,0.024383999407291412,0.0008086734617183626,0.02474810928106308,0.030661991331726313,37248,36864,74112,2.9022555562889947,0.5249275053541897,0.7954676115887626
graph_compile,mha96,32,32,96,1,128,fp32,uniform,strided,permuted,1234,pass,q_maxdiff=4.77e-07 k_maxdiff=2.38e-07 cases=4,uniform[0]|uniform[1]|permuted-requests|strided-qkv,0.010912000201642513,0.011839999817311764,0.00687999976798892,0.0012955795682014868,0.00591902993619442,0.011326512321829796,37248,36864,74112,6.79178873079973,1.2284227374897627,1.8615341948084327
eager,mha96,32,32,96,1,128,fp32,ragged,packed,identity,1234,pass,q_maxdiff=0.00e+00 k_maxdiff=0.00e+00 cases=5,ragged[0]|ragged[1]|uniform|permuted-requests|strided-qkv,0.07505599781870842,0.08463999629020691,0.07360000163316727,0.003731748409370823,0.06383424042724073,0.07336796261370182,37248,36864,74112,0.9874227530624726,0.1785939771471445,0.270638751058624
compile,mha96,32,32,96,1,128,fp32,ragged,packed,identity,1234,pass,q_maxdiff=4.77e-07 k_maxdiff=2.38e-07 cases=5,ragged[0]|ragged[1]|uniform|permuted-requests|strided-qkv,0.04383999854326248,0.05302400141954422,0.031808000057935715,0.007519615005043291,0.029127129819244146,0.03694952465593815,37248,36864,74112,1.6905110050782575,0.3057607117838421,0.46334539653482376
graph_eager,mha96,32,32,96,1,128,fp32,ragged,packed,identity,1234,pass,q_maxdiff=0.00e+00 k_maxdiff=0.00e+00 cases=5,ragged[0]|ragged[1]|uniform|permuted-requests|strided-qkv,0.025536000728607178,0.027103999629616737,0.024351999163627625,0.0015834300366056463,0.02464249962940812,0.03064802149310708,37248,36864,74112,2.9022555562889947,0.5249275053541897,0.7954676115887626
graph_compile,mha96,32,32,96,1,128,fp32,ragged,packed,identity,1234,pass,q_maxdiff=4.77e-07 k_maxdiff=2.38e-07 cases=5,ragged[0]|ragged[1]|uniform|permuted-requests|strided-qkv,0.010847999714314938,0.014431999996304512,0.007903999648988247,0.0015064021036635797,0.0059988710563629866,0.011250958777964115,37248,36864,74112,6.83185858699852,1.2356701246499848,1.872516781348094
eager,mha96,32,32,96,1,128,fp32,ragged,packed,permuted,1234,pass,q_maxdiff=0.00e+00 k_maxdiff=0.00e+00 cases=5,ragged[0]|ragged[1]|uniform|permuted-requests|strided-qkv,0.07555200159549713,0.0833280012011528,0.0740479975938797,0.003476092277653511,0.06420734920538962,0.07514649769291282,37248,36864,74112,0.9809402588272003,0.17742149613663505,0.2688619901544038
compile,mha96,32,32,96,1,128,fp32,ragged,packed,permuted,1234,pass,q_maxdiff=4.77e-07 k_maxdiff=2.38e-07 cases=5,ragged[0]|ragged[1]|uniform|permuted-requests|strided-qkv,0.04307200014591217,0.05152000114321709,0.03142400085926056,0.007277007577545235,0.029338030144572258,0.03698398359119892,37248,36864,74112,1.7206537831755127,0.31121260015278684,0.471607109962408
graph_eager,mha96,32,32,96,1,128,fp32,ragged,packed,permuted,1234,pass,q_maxdiff=0.00e+00 k_maxdiff=0.00e+00 cases=5,ragged[0]|ragged[1]|uniform|permuted-requests|strided-qkv,0.025536000728607178,0.02630399912595749,0.024383999407291412,0.0007001612412333935,0.02475710934959352,0.030482537113130093,37248,36864,74112,2.9022555562889947,0.5249275053541897,0.7954676115887626
graph_compile,mha96,32,32,96,1,128,fp32,ragged,packed,permuted,1234,pass,q_maxdiff=4.77e-07 k_maxdiff=2.38e-07 cases=5,ragged[0]|ragged[1]|uniform|permuted-requests|strided-qkv,0.010928000323474407,0.015039999969303608,0.005760000087320805,0.0019171339342588145,0.005983141018077731,0.011240947060286999,37248,36864,74112,6.781844601596526,1.2266241546860375,1.858808648228132
eager,mha96,32,32,96,1,128,fp32,ragged,strided,identity,1234,pass,q_maxdiff=0.00e+00 k_maxdiff=0.00e+00 cases=5,ragged[0]|ragged[1]|uniform|permuted-requests|strided-qkv,0.07601599767804146,0.08396799862384796,0.07443200051784515,0.0033986269585049274,0.06426495034247637,0.07443997310474515,37248,36864,74112,0.974952671329716,0.17633852831826577,0.2672208762574964
compile,mha96,32,32,96,1,128,fp32,ragged,strided,identity,1234,pass,q_maxdiff=4.77e-07 k_maxdiff=2.38e-07 cases=5,ragged[0]|ragged[1]|uniform|permuted-requests|strided-qkv,0.04307200014591217,0.053279999643564224,0.032127998769283295,0.0072842640075901684,0.02924666041508317,0.04195846850052476,37248,36864,74112,1.7206537831755127,0.31121260015278684,0.471607109962408
graph_eager,mha96,32,32,96,1,128,fp32,ragged,strided,identity,1234,pass,q_maxdiff=0.00e+00 k_maxdiff=0.00e+00 cases=5,ragged[0]|ragged[1]|uniform|permuted-requests|strided-qkv,0.025536000728607178,0.027327999472618103,0.024351999163627625,0.0008473787219491114,0.024724260438233614,0.030647555831819773,37248,36864,74112,2.9022555562889947,0.5249275053541897,0.7954676115887626
graph_compile,mha96,32,32,96,1,128,fp32,ragged,strided,identity,1234,pass,q_maxdiff=4.77e-07 k_maxdiff=2.38e-07 cases=5,ragged[0]|ragged[1]|uniform|permuted-requests|strided-qkv,0.010991999879479408,0.014816000126302242,0.0060800001956522465,0.001802510209349781,0.005985749885439873,0.011221040040254593,37248,36864,74112,6.742358152528475,1.2194822876786087,1.847985965414339
eager,mha96,32,32,96,1,128,fp32,ragged,strided,permuted,1234,pass,q_maxdiff=0.00e+00 k_maxdiff=0.00e+00 cases=5,ragged[0]|ragged[1]|uniform|permuted-requests|strided-qkv,0.0756480023264885,0.09071999788284302,0.07420799881219864,0.006848006048114656,0.06417899974621832,0.07299199933186173,37248,36864,74112,0.9796954013424005,0.17719634024620995,0.2685207921478891
compile,mha96,32,32,96,1,128,fp32,ragged,strided,permuted,1234,pass,q_maxdiff=4.77e-07 k_maxdiff=2.38e-07 cases=5,ragged[0]|ragged[1]|uniform|permuted-requests|strided-qkv,0.04358400031924248,0.051072001457214355,0.03167999908328056,0.008178385738001781,0.02950784983113408,0.04103704122826457,37248,36864,74112,1.700440516179037,0.3075566506287947,0.4660669364979278
graph_eager,mha96,32,32,96,1,128,fp32,ragged,strided,permuted,1234,pass,q_maxdiff=0.00e+00 k_maxdiff=0.00e+00 cases=5,ragged[0]|ragged[1]|uniform|permuted-requests|strided-qkv,0.025615999475121498,0.02739199995994568,0.024607999250292778,0.0008041554100646134,0.024751609889790416,0.030432012863457203,37248,36864,74112,2.8931918144352817,0.5232881571616662,0.7929833668540744
graph_compile,mha96,32,32,96,1,128,fp32,ragged,strided,permuted,1234,pass,q_maxdiff=4.77e-07 k_maxdiff=2.38e-07 cases=5,ragged[0]|ragged[1]|uniform|permuted-requests|strided-qkv,0.010944000445306301,0.01532800029963255,0.006783999968320131,0.0019416659981786521,0.006253550527617335,0.011747004464268684,37248,36864,74112,6.77192954901472,1.2248308309361888,1.8560910711426353
eager,mha96,32,32,96,1,2048,bf16,uniform,packed,identity,1234,pass,q_maxdiff=0.00e+00 k_maxdiff=0.00e+00 cases=4,uniform[0]|uniform[1]|permuted-requests|strided-qkv,0.09153599664568901,0.10380800068378448,0.08963199704885483,0.0062640575762640685,0.078307039802894,0.0913820113055408,18816,18432,37248,0.4069218817180403,0.07359947602871045,0.11153159019784899
compile,mha96,32,32,96,1,2048,bf16,uniform,packed,identity,1234,pass,q_maxdiff=0.00e+00 k_maxdiff=0.00e+00 cases=4,uniform[0]|uniform[1]|permuted-requests|strided-qkv,0.030208000913262367,0.03830400109291077,0.028960000723600388,0.0036730855340760013,0.022963449591770768,0.028673966880887747,18816,18432,37248,1.233050810179459,0.22302043125040857,0.3379619623143117
graph_eager,mha96,32,32,96,1,2048,bf16,uniform,packed,identity,1234,pass,q_maxdiff=0.00e+00 k_maxdiff=0.00e+00 cases=4,uniform[0]|uniform[1]|permuted-requests|strided-qkv,0.03171199932694435,0.03388800099492073,0.030592000111937523,0.0008751455312178382,0.03094634972512722,0.035777047742158175,18816,18432,37248,1.1745711651914656,0.21244328752127473,0.32193351043509827
graph_compile,mha96,32,32,96,1,2048,bf16,uniform,packed,identity,1234,pass,q_maxdiff=0.00e+00 k_maxdiff=0.00e+00 cases=4,uniform[0]|uniform[1]|permuted-requests|strided-qkv,0.011136000044643879,0.01583999954164028,0.006111999973654747,0.002064307021044767,0.006255250191316009,0.010488962288945913,18816,18432,37248,3.3448275727975862,0.6049749787967025,0.9167704045717027
eager,mha96,32,32,96,1,2048,bf16,uniform,packed,permuted,1234,pass,q_maxdiff=0.00e+00 k_maxdiff=0.00e+00 cases=4,uniform[0]|uniform[1]|permuted-requests|strided-qkv,0.09055999666452408,0.10252799838781357,0.08582399785518646,0.004203058618572167,0.07841864950023592,0.08894706843420863,18816,18432,37248,0.41130743564383887,0.07439268594328093,0.11273360912388368
compile,mha96,32,32,96,1,2048,bf16,uniform,packed,permuted,1234,pass,q_maxdiff=0.00e+00 k_maxdiff=0.00e+00 cases=4,uniform[0]|uniform[1]|permuted-requests|strided-qkv,0.030447999946773052,0.0387520007789135,0.029055999591946602,0.0032203472034732926,0.02316913101822138,0.028953945729881525,18816,18432,37248,1.2233315838516226,0.22126252636185093,0.3352980584631358
graph_eager,mha96,32,32,96,1,2048,bf16,uniform,packed,permuted,1234,pass,q_maxdiff=0.00e+00 k_maxdiff=0.00e+00 cases=4,uniform[0]|uniform[1]|permuted-requests|strided-qkv,0.03177599981427193,0.03347200155258179,0.030719999223947525,0.0007393923061506285,0.030864300206303596,0.03582803765311837,18816,18432,37248,1.1722054449179085,0.21201540251339757,0.3212850996321227
graph_compile,mha96,32,32,96,1,2048,bf16,uniform,packed,permuted,1234,pass,q_maxdiff=0.00e+00 k_maxdiff=0.00e+00 cases=4,uniform[0]|uniform[1]|permuted-requests|strided-qkv,0.01080000028014183,0.014431999996304512,0.0080960001796484,0.001308223833571187,0.005999869899824262,0.011697004083544016,18816,18432,37248,3.448888799427961,0.6237964089015778,0.9452921297613704
eager,mha96,32,32,96,1,2048,bf16,uniform,strided,identity,1234,pass,q_maxdiff=0.00e+00 k_maxdiff=0.00e+00 cases=4,uniform[0]|uniform[1]|permuted-requests|strided-qkv,0.09083199873566628,0.10275200009346008,0.08857599645853043,0.004152671938151097,0.07853907998651266,0.08963351137936115,18816,18432,37248,0.41007574993914697,0.07416991241703397,0.11239602131786977
compile,mha96,32,32,96,1,2048,bf16,uniform,strided,identity,1234,pass,q_maxdiff=0.00e+00 k_maxdiff=0.00e+00 cases=4,uniform[0]|uniform[1]|permuted-requests|strided-qkv,0.030559999868273735,0.03702399879693985,0.029440000653266907,0.0028218789538094753,0.023071349132806063,0.029144983272999525,18816,18432,37248,1.2188481727930076,0.2204516171442335,0.3340692182671583
graph_eager,mha96,32,32,96,1,2048,bf16,uniform,strided,identity,1234,pass,q_maxdiff=0.00e+00 k_maxdiff=0.00e+00 cases=4,uniform[0]|uniform[1]|permuted-requests|strided-qkv,0.031888000667095184,0.033440001308918,0.030527999624609947,0.0007861518566142141,0.03084494965150952,0.03509107045829296,18816,18432,37248,1.1680882846454441,0.2112707366392002,0.3201566436485107
graph_compile,mha96,32,32,96,1,2048,bf16,uniform,strided,identity,1234,pass,q_maxdiff=0.00e+00 k_maxdiff=0.00e+00 cases=4,uniform[0]|uniform[1]|permuted-requests|strided-qkv,0.01089600007981062,0.01583999954164028,0.005247999913990498,0.0019846573567443493,0.005914409412071109,0.010535528417676687,18816,18432,37248,3.418502177603453,0.618300416808147,0.9369635821823626
eager,mha96,32,32,96,1,2048,bf16,uniform,strided,permuted,1234,pass,q_maxdiff=0.00e+00 k_maxdiff=0.00e+00 cases=4,uniform[0]|uniform[1]|permuted-requests|strided-qkv,0.0899519994854927,0.0979200005531311,0.08105599880218506,0.003616029003128139,0.07832015980966389,0.08831603918224573,18816,18432,37248,0.41408751570894525,0.07489551571307805,0.11349559014399875
compile,mha96,32,32,96,1,2048,bf16,uniform,strided,permuted,1234,pass,q_maxdiff=0.00e+00 k_maxdiff=0.00e+00 cases=4,uniform[0]|uniform[1]|permuted-requests|strided-qkv,0.031072000041604042,0.03638400137424469,0.02812799997627735,0.002397480470036718,0.023017950588837266,0.028768961783498526,18816,18432,37248,1.198764159054022,0.21681904550295958,0.32856447131079614
graph_eager,mha96,32,32,96,1,2048,bf16,uniform,strided,permuted,1234,pass,q_maxdiff=0.00e+00 k_maxdiff=0.00e+00 cases=4,uniform[0]|uniform[1]|permuted-requests|strided-qkv,0.03175999969244003,0.03347200155258179,0.030751999467611313,0.0009394049230773549,0.03081359900534153,0.03631849540397525,18816,18432,37248,1.1727959811305129,0.2121222120947358,0.32144695733951145
graph_compile,mha96,32,32,96,1,2048,bf16,uniform,strided,permuted,1234,pass,q_maxdiff=0.00e+00 k_maxdiff=0.00e+00 cases=4,uniform[0]|uniform[1]|permuted-requests|strided-qkv,0.010863999836146832,0.015200000256299973,0.00684799998998642,0.002062911204135658,0.00619594007730484,0.011907482985407114,18816,18432,37248,3.4285714802818763,0.6201216395892309,0.939723437059585
eager,mha96,32,32,96,1,2048,bf16,ragged,packed,identity,1234,pass,q_maxdiff=0.00e+00 k_maxdiff=0.00e+00 cases=5,ragged[0]|ragged[1]|uniform|permuted-requests|strided-qkv,0.09028800204396248,0.09801600128412247,0.088639996945858,0.0035807988103069995,0.07824411964975297,0.08964852895587683,18816,18432,37248,0.41254650847034396,0.07461679556945085,0.11307322163655464
compile,mha96,32,32,96,1,2048,bf16,ragged,packed,identity,1234,pass,q_maxdiff=0.00e+00 k_maxdiff=0.00e+00 cases=5,ragged[0]|ragged[1]|uniform|permuted-requests|strided-qkv,0.042687999084591866,0.04851200059056282,0.03190400078892708,0.007079443406948764,0.02904547960497439,0.037520541809499264,18816,18432,37248,0.8725637368523225,0.15781956370309738,0.2391575029320978
graph_eager,mha96,32,32,96,1,2048,bf16,ragged,packed,identity,1234,pass,q_maxdiff=0.00e+00 k_maxdiff=0.00e+00 cases=5,ragged[0]|ragged[1]|uniform|permuted-requests|strided-qkv,0.031936001032590866,0.03356799855828285,0.0306560005992651,0.0011177810364422322,0.030933429952710867,0.035837001632899046,18816,18432,37248,1.166332627619476,0.21095319304421872,0.31967544263980235
graph_compile,mha96,32,32,96,1,2048,bf16,ragged,packed,identity,1234,pass,q_maxdiff=0.00e+00 k_maxdiff=0.00e+00 cases=5,ragged[0]|ragged[1]|uniform|permuted-requests|strided-qkv,0.010879999957978725,0.011648000217974186,0.00684799998998642,0.001589384243272027,0.00597552047111094,0.010955438483506441,18816,18432,37248,3.4235294249872306,0.619209689054089,0.938341480300457
eager,mha96,32,32,96,1,2048,bf16,ragged,packed,permuted,1234,pass,q_maxdiff=0.00e+00 k_maxdiff=0.00e+00 cases=5,ragged[0]|ragged[1]|uniform|permuted-requests|strided-qkv,0.09073599800467491,0.09929600358009338,0.08905600011348724,0.003728466636163814,0.07827557972632349,0.08933799108490348,18816,18432,37248,0.41050961932529695,0.07424838585608994,0.11251493884172267
compile,mha96,32,32,96,1,2048,bf16,ragged,packed,permuted,1234,pass,q_maxdiff=0.00e+00 k_maxdiff=0.00e+00 cases=5,ragged[0]|ragged[1]|uniform|permuted-requests|strided-qkv,0.04315199889242649,0.050624001771211624,0.031072000041604042,0.007156183724746178,0.028566080145537853,0.03617850597947836,18816,18432,37248,0.8631813347246196,0.1561225798063993,0.23658591787808128
graph_eager,mha96,32,32,96,1,2048,bf16,ragged,packed,permuted,1234,pass,q_maxdiff=0.00e+00 k_maxdiff=0.00e+00 cases=5,ragged[0]|ragged[1]|uniform|permuted-requests|strided-qkv,0.03190400078892708,0.03359999880194664,0.03062400035560131,0.000849809472405405,0.03086249111220241,0.03530597314238548,18816,18432,37248,1.1675024786523844,0.2111647826070365,0.3199960824280683
graph_compile,mha96,32,32,96,1,2048,bf16,ragged,packed,permuted,1234,pass,q_maxdiff=0.00e+00 k_maxdiff=0.00e+00 cases=5,ragged[0]|ragged[1]|uniform|permuted-requests|strided-qkv,0.010751999914646149,0.015072000212967396,0.006496000103652477,0.0014070491160267466,0.0060212204698473215,0.011501542758196592,18816,18432,37248,3.464285741786657,0.6265812355254493,0.949512216079166
eager,mha96,32,32,96,1,2048,bf16,ragged,strided,identity,1234,pass,q_maxdiff=0.00e+00 k_maxdiff=0.00e+00 cases=5,ragged[0]|ragged[1]|uniform|permuted-requests|strided-qkv,0.09065599739551544,0.1019200012087822,0.08873599767684937,0.004815825114273974,0.08063852088525891,0.08717796299606562,18816,18432,37248,0.41087187908257,0.07431390734687096,0.11261422916895396
compile,mha96,32,32,96,1,2048,bf16,ragged,strided,identity,1234,pass,q_maxdiff=0.00e+00 k_maxdiff=0.00e+00 cases=5,ragged[0]|ragged[1]|uniform|permuted-requests|strided-qkv,0.04422399960458279,0.053599998354911804,0.03200000151991844,0.007592168803622348,0.02886553993448615,0.04100700607523322,18816,18432,37248,0.8422576052153391,0.1523381297740057,0.23085101658649454
graph_eager,mha96,32,32,96,1,2048,bf16,ragged,strided,identity,1234,pass,q_maxdiff=0.00e+00 k_maxdiff=0.00e+00 cases=5,ragged[0]|ragged[1]|uniform|permuted-requests|strided-qkv,0.03177599981427193,0.03359999880194664,0.030912000685930252,0.0008081889763269337,0.030921699944883585,0.03582198405638337,18816,18432,37248,1.1722054449179085,0.21201540251339757,0.3212850996321227
graph_compile,mha96,32,32,96,1,2048,bf16,ragged,strided,identity,1234,pass,q_maxdiff=0.00e+00 k_maxdiff=0.00e+00 cases=5,ragged[0]|ragged[1]|uniform|permuted-requests|strided-qkv,0.011136000044643879,0.012000000104308128,0.0066559999249875546,0.0015360190170565487,0.005882749101147056,0.0109055545181036,18816,18432,37248,3.3448275727975862,0.6049749787967025,0.9167704045717027
eager,mha96,32,32,96,1,2048,bf16,ragged,strided,permuted,1234,pass,q_maxdiff=0.00e+00 k_maxdiff=0.00e+00 cases=5,ragged[0]|ragged[1]|uniform|permuted-requests|strided-qkv,0.09100800007581711,0.09942399710416794,0.0888959988951683,0.0038790516420702313,0.07824241067282856,0.08957355748862028,18816,18432,37248,0.40928270008097495,0.07402647443385235,0.1121786574557578
compile,mha96,32,32,96,1,2048,bf16,ragged,strided,permuted,1234,pass,q_maxdiff=0.00e+00 k_maxdiff=0.00e+00 cases=5,ragged[0]|ragged[1]|uniform|permuted-requests|strided-qkv,0.04350399971008301,0.05152000114321709,0.03219199925661087,0.006983183105755447,0.029144060099497437,0.03817654214799404,18816,18432,37248,0.8561971370040938,0.15485935628413175,0.23467164707323385
graph_eager,mha96,32,32,96,1,2048,bf16,ragged,strided,permuted,1234,pass,q_maxdiff=0.00e+00 k_maxdiff=0.00e+00 cases=5,ragged[0]|ragged[1]|uniform|permuted-requests|strided-qkv,0.03179199993610382,0.033663999289274216,0.030848000198602676,0.0009542275872327846,0.030884839361533523,0.03507599467411637,18816,18432,37248,1.1716155031096425,0.211908700441264,0.3211234048426405
graph_compile,mha96,32,32,96,1,2048,bf16,ragged,strided,permuted,1234,pass,q_maxdiff=0.00e+00 k_maxdiff=0.00e+00 cases=5,ragged[0]|ragged[1]|uniform|permuted-requests|strided-qkv,0.010912000201642513,0.012543999589979649,0.006335999816656113,0.0016499745684071675,0.006057179998606443,0.011401483789086342,18816,18432,37248,3.41348967299261,0.6173938110699843,0.9355897248519065
eager,mha96,32,32,96,1,2048,fp16,uniform,packed,identity,1234,pass,q_maxdiff=0.00e+00 k_maxdiff=0.00e+00 cases=4,uniform[0]|uniform[1]|permuted-requests|strided-qkv,0.09081599861383438,0.09824000298976898,0.08908800035715103,0.0037447911485014754,0.07816838100552559,0.09099097223952413,18816,18432,37248,0.4101479978036145,0.07418297980221993,0.11241582344593043
compile,mha96,32,32,96,1,2048,fp16,uniform,packed,identity,1234,pass,q_maxdiff=0.00e+00 k_maxdiff=0.00e+00 cases=4,uniform[0]|uniform[1]|permuted-requests|strided-qkv,0.030592000111937523,0.03731200098991394,0.029152000322937965,0.002713456628511092,0.023058130173012614,0.02885446883738041,18816,18432,37248,1.2175732173021663,0.22022101746330786,0.3337197708186096
graph_eager,mha96,32,32,96,1,2048,fp16,uniform,packed,identity,1234,pass,q_maxdiff=0.00e+00 k_maxdiff=0.00e+00 cases=4,uniform[0]|uniform[1]|permuted-requests|strided-qkv,0.03167999908328056,0.03356799855828285,0.030592000111937523,0.0007955082073422276,0.030843660933896903,0.0357974786311388,18816,18432,37248,1.1757576097802984,0.21265787834078662,0.3222586982847058
graph_compile,mha96,32,32,96,1,2048,fp16,uniform,packed,identity,1234,pass,q_maxdiff=0.00e+00 k_maxdiff=0.00e+00 cases=4,uniform[0]|uniform[1]|permuted-requests|strided-qkv,0.010816000401973724,0.015200000256299973,0.005888000130653381,0.001605586259437773,0.0061814195942133665,0.011421507224440575,18816,18432,37248,3.44378685426111,0.6228736261565899,0.9438937580268285
eager,mha96,32,32,96,1,2048,fp16,uniform,packed,permuted,1234,pass,q_maxdiff=0.00e+00 k_maxdiff=0.00e+00 cases=4,uniform[0]|uniform[1]|permuted-requests|strided-qkv,0.09126400202512741,0.10092800110578537,0.08924800157546997,0.003670363579494992,0.07820465019904077,0.08852151222527027,18816,18432,37248,0.4081346332998265,0.07381882496270142,0.11186398842588359
compile,mha96,32,32,96,1,2048,fp16,uniform,packed,permuted,1234,pass,q_maxdiff=0.00e+00 k_maxdiff=0.00e+00 cases=4,uniform[0]|uniform[1]|permuted-requests|strided-qkv,0.03086400032043457,0.03548799827694893,0.02937600016593933,0.002337972100415727,0.022874479182064533,0.028198002837598324,18816,18432,37248,1.2068429112650925,0.21828023979211947,0.33077874417592423
graph_eager,mha96,32,32,96,1,2048,fp16,uniform,packed,permuted,1234,pass,q_maxdiff=0.00e+00 k_maxdiff=0.00e+00 cases=4,uniform[0]|uniform[1]|permuted-requests|strided-qkv,0.03175999969244003,0.03328000009059906,0.030559999868273735,0.0006733808603903269,0.030900060664862394,0.03527151420712471,18816,18432,37248,1.1727959811305129,0.2121222120947358,0.32144695733951145
graph_compile,mha96,32,32,96,1,2048,fp16,uniform,packed,permuted,1234,pass,q_maxdiff=0.00e+00 k_maxdiff=0.00e+00 cases=4,uniform[0]|uniform[1]|permuted-requests|strided-qkv,0.010975999757647514,0.01500799972563982,0.005727999843657017,0.0019981617600295927,0.006279499502852559,0.011021038517355919,18816,18432,37248,3.393586080762028,0.6137938720520207,0.9301344289047976
eager,mha96,32,32,96,1,2048,fp16,uniform,strided,identity,1234,pass,q_maxdiff=0.00e+00 k_maxdiff=0.00e+00 cases=4,uniform[0]|uniform[1]|permuted-requests|strided-qkv,0.09040000289678574,0.09987200051546097,0.08879999816417694,0.003460921664572282,0.07885155966505408,0.08819048525765538,18816,18432,37248,0.41203538502678955,0.07452434928105571,0.11293312985725208
compile,mha96,32,32,96,1,2048,fp16,uniform,strided,identity,1234,pass,q_maxdiff=0.00e+00 k_maxdiff=0.00e+00 cases=4,uniform[0]|uniform[1]|permuted-requests|strided-qkv,0.030287999659776688,0.03830400109291077,0.02879999950528145,0.0030516911135567474,0.022858750307932496,0.02857297658920288,18816,18432,37248,1.2297939916271985,0.22243137435832172,0.33706931394999695
graph_eager,mha96,32,32,96,1,2048,fp16,uniform,strided,identity,1234,pass,q_maxdiff=0.00e+00 k_maxdiff=0.00e+00 cases=4,uniform[0]|uniform[1]|permuted-requests|strided-qkv,0.03171199932694435,0.033663999289274216,0.03049599938094616,0.0010643441457199325,0.030882229330018166,0.03578700125217438,18816,18432,37248,1.1745711651914656,0.21244328752127473,0.32193351043509827
graph_compile,mha96,32,32,96,1,2048,fp16,uniform,strided,identity,1234,pass,q_maxdiff=0.00e+00 k_maxdiff=0.00e+00 cases=4,uniform[0]|uniform[1]|permuted-requests|strided-qkv,0.010832000058144331,0.01283199992030859,0.006496000103652477,0.0014598862825830167,0.006057989085093141,0.011597003322094679,18816,18432,37248,3.4387001292521306,0.6219535962634262,0.9424995579244517
eager,mha96,32,32,96,1,2048,fp16,uniform,strided,permuted,1234,pass,q_maxdiff=0.00e+00 k_maxdiff=0.00e+00 cases=4,uniform[0]|uniform[1]|permuted-requests|strided-qkv,0.09144000336527824,0.10393600165843964,0.0896959975361824,0.004795106288059124,0.07884866092354059,0.08877151412889361,18816,18432,37248,0.4073490663731086,0.07367674040841839,0.11164867553050972
compile,mha96,32,32,96,1,2048,fp16,uniform,strided,permuted,1234,pass,q_maxdiff=0.00e+00 k_maxdiff=0.00e+00 cases=4,uniform[0]|uniform[1]|permuted-requests|strided-qkv,0.030447999946773052,0.035840000957250595,0.02908799983561039,0.0035016100097465717,0.02280224929563701,0.028648471925407648,18816,18432,37248,1.2233315838516226,0.22126252636185093,0.3352980584631358
graph_eager,mha96,32,32,96,1,2048,fp16,uniform,strided,permuted,1234,pass,q_maxdiff=0.00e+00 k_maxdiff=0.00e+00 cases=4,uniform[0]|uniform[1]|permuted-requests|strided-qkv,0.031968001276254654,0.033824000507593155,0.030592000111937523,0.0012287175927091784,0.03084155032411218,0.03544153878465295,18816,18432,37248,1.165165118648417,0.21074202708733783,0.3193554447778965
graph_compile,mha96,32,32,96,1,2048,fp16,uniform,strided,permuted,1234,pass,q_maxdiff=0.00e+00 k_maxdiff=0.00e+00 cases=4,uniform[0]|uniform[1]|permuted-requests|strided-qkv,0.011103999800980091,0.012768000364303589,0.00470399996265769,0.0018578756189506394,0.0059848499950021505,0.010444549843668938,18816,18432,37248,3.354466918912617,0.6067184358463217,0.9194124143750039
eager,mha96,32,32,96,1,2048,fp16,ragged,packed,identity,1234,pass,q_maxdiff=0.00e+00 k_maxdiff=0.00e+00 cases=5,ragged[0]|ragged[1]|uniform|permuted-requests|strided-qkv,0.09161599725484848,0.09939199686050415,0.09020800143480301,0.003260859870403763,0.07923407945781946,0.09149155812337995,18816,18432,37248,0.40656655077810405,0.07353520774486766,0.11143419896243481
compile,mha96,32,32,96,1,2048,fp16,ragged,packed,identity,1234,pass,q_maxdiff=0.00e+00 k_maxdiff=0.00e+00 cases=5,ragged[0]|ragged[1]|uniform|permuted-requests|strided-qkv,0.04375999979674816,0.05302400141954422,0.032287999987602234,0.0076405454273233645,0.02885871916078031,0.03867747727781534,18816,18432,37248,0.8511883037706943,0.15395341458363396,0.2332987960159295
graph_eager,mha96,32,32,96,1,2048,fp16,ragged,packed,identity,1234,pass,q_maxdiff=0.00e+00 k_maxdiff=0.00e+00 cases=5,ragged[0]|ragged[1]|uniform|permuted-requests|strided-qkv,0.03195200115442276,0.033504001796245575,0.03094400092959404,0.0008376454832844344,0.030842849519103765,0.035646953620016575,18816,18432,37248,1.165748580816015,0.21084755719458223,0.31951536358859733
graph_compile,mha96,32,32,96,1,2048,fp16,ragged,packed,identity,1234,pass,q_maxdiff=0.00e+00 k_maxdiff=0.00e+00 cases=5,ragged[0]|ragged[1]|uniform|permuted-requests|strided-qkv,0.010912000201642513,0.01235199999064207,0.00598399993032217,0.0017784270131382532,0.005975529784336686,0.012066971976310015,18816,18432,37248,3.41348967299261,0.6173938110699843,0.9355897248519065
eager,mha96,32,32,96,1,2048,fp16,ragged,packed,permuted,1234,pass,q_maxdiff=0.00e+00 k_maxdiff=0.00e+00 cases=5,ragged[0]|ragged[1]|uniform|permuted-requests|strided-qkv,0.09099199995398521,0.09948799759149551,0.08912000060081482,0.0033522096085010777,0.07828098954632878,0.08799502393230796,18816,18432,37248,0.4093546687493007,0.07403949132116472,0.11219838306006522
compile,mha96,32,32,96,1,2048,fp16,ragged,packed,permuted,1234,pass,q_maxdiff=0.00e+00 k_maxdiff=0.00e+00 cases=5,ragged[0]|ragged[1]|uniform|permuted-requests|strided-qkv,0.04265599884092808,0.050912000238895416,0.031647998839616776,0.007082110901751702,0.029340829933062196,0.0368045293726027,18816,18432,37248,0.8732183283037052,0.15793795887917203,0.23933691728355608
graph_eager,mha96,32,32,96,1,2048,fp16,ragged,packed,permuted,1234,pass,q_maxdiff=0.00e+00 k_maxdiff=0.00e+00 cases=5,ragged[0]|ragged[1]|uniform|permuted-requests|strided-qkv,0.031727999448776245,0.03324799984693527,0.030688000842928886,0.0007056873536740301,0.030977510614320632,0.035792007111012936,18816,18432,37248,1.173978840365766,0.21233615443561651,0.3217711624939037
graph_compile,mha96,32,32,96,1,2048,fp16,ragged,packed,permuted,1234,pass,q_maxdiff=0.00e+00 k_maxdiff=0.00e+00 cases=5,ragged[0]|ragged[1]|uniform|permuted-requests|strided-qkv,0.010944000445306301,0.01500799972563982,0.006399999838322401,0.0015468807715543886,0.005982940783724189,0.01100596273317933,18816,18432,37248,3.403508633442631,0.6155885523358048,0.9328540616623607
eager,mha96,32,32,96,1,2048,fp16,ragged,strided,identity,1234,pass,q_maxdiff=0.00e+00 k_maxdiff=0.00e+00 cases=5,ragged[0]|ragged[1]|uniform|permuted-requests|strided-qkv,0.09110400080680847,0.09935999661684036,0.08937600255012512,0.0033790811463423566,0.07886789971962571,0.08937797974795103,18816,18432,37248,0.4088514189293029,0.07394846912568336,0.11206044933073572
compile,mha96,32,32,96,1,2048,fp16,ragged,strided,identity,1234,pass,q_maxdiff=0.00e+00 k_maxdiff=0.00e+00 cases=5,ragged[0]|ragged[1]|uniform|permuted-requests|strided-qkv,0.04464000090956688,0.056223999708890915,0.03235200047492981,0.007706295911910497,0.031314040534198284,0.037766003515571356,18816,18432,37248,0.8344085851489602,0.15091848686420364,0.22869971008559556
graph_eager,mha96,32,32,96,1,2048,fp16,ragged,strided,identity,1234,pass,q_maxdiff=0.00e+00 k_maxdiff=0.00e+00 cases=5,ragged[0]|ragged[1]|uniform|permuted-requests|strided-qkv,0.03171199932694435,0.033504001796245575,0.030592000111937523,0.0009935144755305104,0.030853179050609466,0.03549648681655526,18816,18432,37248,1.1745711651914656,0.21244328752127473,0.32193351043509827
graph_compile,mha96,32,32,96,1,2048,fp16,ragged,strided,identity,1234,pass,q_maxdiff=0.00e+00 k_maxdiff=0.00e+00 cases=5,ragged[0]|ragged[1]|uniform|permuted-requests|strided-qkv,0.01080000028014183,0.015776000916957855,0.005344000179320574,0.00195921052975438,0.006020310102030635,0.012016971595585346,18816,18432,37248,3.448888799427961,0.6237964089015778,0.9452921297613704
eager,mha96,32,32,96,1,2048,fp16,ragged,strided,permuted,1234,pass,q_maxdiff=0.00e+00 k_maxdiff=0.00e+00 cases=5,ragged[0]|ragged[1]|uniform|permuted-requests|strided-qkv,0.09219200164079666,0.10195200145244598,0.09014400094747543,0.0036662780712989457,0.07912378059700131,0.09077048161998391,18816,18432,37248,0.4040263725385595,0.0730757687324934,0.1107379716736829
compile,mha96,32,32,96,1,2048,fp16,ragged,strided,permuted,1234,pass,q_maxdiff=0.00e+00 k_maxdiff=0.00e+00 cases=5,ragged[0]|ragged[1]|uniform|permuted-requests|strided-qkv,0.04121600091457367,0.051711998879909515,0.03155200183391571,0.00685651229191103,0.02904006978496909,0.037369958590716124,18816,18432,37248,0.9037266880210445,0.16345596956026748,0.24769883151445654
graph_eager,mha96,32,32,96,1,2048,fp16,ragged,strided,permuted,1234,pass,q_maxdiff=0.00e+00 k_maxdiff=0.00e+00 cases=5,ragged[0]|ragged[1]|uniform|permuted-requests|strided-qkv,0.03167999908328056,0.033440001308918,0.030559999868273735,0.0008761515414781139,0.03083334071561694,0.03574753645807505,18816,18432,37248,1.1757576097802984,0.21265787834078662,0.3222586982847058
graph_compile,mha96,32,32,96,1,2048,fp16,ragged,strided,permuted,1234,pass,q_maxdiff=0.00e+00 k_maxdiff=0.00e+00 cases=5,ragged[0]|ragged[1]|uniform|permuted-requests|strided-qkv,0.011231999844312668,0.013248000293970108,0.00723200011998415,0.0013623462018730458,0.005938149988651276,0.010985531844198704,18816,18432,37248,3.3162393622058812,0.5998042632007153,0.9089347763308671
eager,mha96,32,32,96,1,2048,fp32,uniform,packed,identity,1234,pass,q_maxdiff=0.00e+00 k_maxdiff=0.00e+00 cases=4,uniform[0]|uniform[1]|permuted-requests|strided-qkv,0.07544000074267387,0.08259200304746628,0.07372800260782242,0.002833307793716079,0.064484269823879,0.07361802272498608,37248,36864,74112,0.9823965969034957,0.1776849022697323,0.2692611520299686
compile,mha96,32,32,96,1,2048,fp32,uniform,packed,identity,1234,pass,q_maxdiff=2.38e-07 k_maxdiff=2.38e-07 cases=4,uniform[0]|uniform[1]|permuted-requests|strided-qkv,0.03073599934577942,0.0363520011305809,0.029343999922275543,0.0027000370987171193,0.022692539496347308,0.02813799073919654,37248,36864,74112,2.4112441949988805,0.4361188653210723,0.6608882724323518
graph_eager,mha96,32,32,96,1,2048,fp32,uniform,packed,identity,1234,pass,q_maxdiff=0.00e+00 k_maxdiff=0.00e+00 cases=4,uniform[0]|uniform[1]|permuted-requests|strided-qkv,0.025679999962449074,0.027648000046610832,0.0244159996509552,0.0010461540130314246,0.024812230840325356,0.03018148709088564,37248,36864,74112,2.88598131263128,0.5219840022893895,0.7910070692685788
graph_compile,mha96,32,32,96,1,2048,fp32,uniform,packed,identity,1234,pass,q_maxdiff=2.38e-07 k_maxdiff=2.38e-07 cases=4,uniform[0]|uniform[1]|permuted-requests|strided-qkv,0.011008000001311302,0.01708799973130226,0.0071680000983178616,0.002218207507242032,0.006253150058910251,0.010540010407567024,37248,36864,74112,6.732558138732884,1.2177097708569906,1.8452999188494101
eager,mha96,32,32,96,1,2048,fp32,uniform,packed,permuted,1234,pass,q_maxdiff=0.00e+00 k_maxdiff=0.00e+00 cases=4,uniform[0]|uniform[1]|permuted-requests|strided-qkv,0.0753600001335144,0.0830719992518425,0.07411199808120728,0.00346060354868765,0.06383555009961128,0.07298198761418462,37248,36864,74112,0.983439488703512,0.1778735288673283,0.2695469940701386
compile,mha96,32,32,96,1,2048,fp32,uniform,packed,permuted,1234,pass,q_maxdiff=2.38e-07 k_maxdiff=2.38e-07 cases=4,uniform[0]|uniform[1]|permuted-requests|strided-qkv,0.03041600063443184,0.03500799834728241,0.028224000707268715,0.002829609384321547,0.023074360797181726,0.029170012567192316,37248,36864,74112,2.436612258486836,0.4407071567461825,0.6678413034394485
graph_eager,mha96,32,32,96,1,2048,fp32,uniform,packed,permuted,1234,pass,q_maxdiff=0.00e+00 k_maxdiff=0.00e+00 cases=4,uniform[0]|uniform[1]|permuted-requests|strided-qkv,0.025776000693440437,0.027488000690937042,0.024480000138282776,0.001004567755311625,0.024685879470780492,0.030527415219694376,37248,36864,74112,2.8752326973229896,0.5200399130421257,0.7880610243110129
graph_compile,mha96,32,32,96,1,2048,fp32,uniform,packed,permuted,1234,pass,q_maxdiff=2.38e-07 k_maxdiff=2.38e-07 cases=4,uniform[0]|uniform[1]|permuted-requests|strided-qkv,0.010879999957978725,0.015552000142633915,0.00684799998998642,0.0017336362967781706,0.0059829396195709705,0.012078031431883574,37248,36864,74112,6.8117647321910875,1.2320357730663833,1.867009337092662
eager,mha96,32,32,96,1,2048,fp32,uniform,strided,identity,1234,pass,q_maxdiff=0.00e+00 k_maxdiff=0.00e+00 cases=4,uniform[0]|uniform[1]|permuted-requests|strided-qkv,0.07523199915885925,0.08246400207281113,0.0737600028514862,0.003215955413134607,0.06423400016501546,0.0729620223864913,37248,36864,74112,0.9851127290065192,0.1781761658478011,0.27000560580905425
compile,mha96,32,32,96,1,2048,fp32,uniform,strided,identity,1234,pass,q_maxdiff=2.38e-07 k_maxdiff=2.38e-07 cases=4,uniform[0]|uniform[1]|permuted-requests|strided-qkv,0.030511999502778053,0.03545600175857544,0.02908799983561039,0.0026239497544730994,0.023097599623724818,0.02839352237060666,37248,36864,74112,2.4289460280455324,0.4393205747781323,0.6657400970154248
graph_eager,mha96,32,32,96,1,2048,fp32,uniform,strided,identity,1234,pass,q_maxdiff=0.00e+00 k_maxdiff=0.00e+00 cases=4,uniform[0]|uniform[1]|permuted-requests|strided-qkv,0.025567999109625816,0.02735999971628189,0.024671999737620354,0.0008077200108690214,0.024686490651220083,0.03006652696058154,37248,36864,74112,2.8986233800398713,0.5242705579625903,0.7944720829353679
graph_compile,mha96,32,32,96,1,2048,fp32,uniform,strided,identity,1234,pass,q_maxdiff=2.38e-07 k_maxdiff=2.38e-07 cases=4,uniform[0]|uniform[1]|permuted-requests|strided-qkv,0.011103999800980091,0.013439999893307686,0.006912000011652708,0.0016146379787623068,0.006050970405340195,0.01175247598439455,37248,36864,74112,6.674351704640569,1.2071820424571145,1.8293463502512965
eager,mha96,32,32,96,1,2048,fp32,uniform,strided,permuted,1234,pass,q_maxdiff=0.00e+00 k_maxdiff=0.00e+00 cases=4,uniform[0]|uniform[1]|permuted-requests|strided-qkv,0.07547200098633766,0.0833280012011528,0.07407999783754349,0.00331229585833928,0.0640367204323411,0.07356848800554872,37248,36864,74112,0.9819800592462911,0.17760956359984545,0.2691469848903466
compile,mha96,32,32,96,1,2048,fp32,uniform,strided,permuted,1234,pass,q_maxdiff=2.38e-07 k_maxdiff=2.38e-07 cases=4,uniform[0]|uniform[1]|permuted-requests|strided-qkv,0.03057599999010563,0.03779200091958046,0.029055999591946602,0.0028443512784753775,0.022998320637270808,0.02843851689249277,37248,36864,74112,2.423861853217641,0.4384010061331843,0.6643465958819775
graph_eager,mha96,32,32,96,1,2048,fp32,uniform,strided,permuted,1234,pass,q_maxdiff=0.00e+00 k_maxdiff=0.00e+00 cases=4,uniform[0]|uniform[1]|permuted-requests|strided-qkv,0.025567999109625816,0.027103999629616737,0.024447999894618988,0.0008988080543161608,0.02478376030921936,0.030677008908241987,37248,36864,74112,2.8986233800398713,0.5242705579625903,0.7944720829353679
graph_compile,mha96,32,32,96,1,2048,fp32,uniform,strided,permuted,1234,pass,q_maxdiff=2.38e-07 k_maxdiff=2.38e-07 cases=4,uniform[0]|uniform[1]|permuted-requests|strided-qkv,0.010816000401973724,0.015168000012636185,0.007872000336647034,0.0015212268286690597,0.005935559747740626,0.011732045095413923,37248,36864,74112,6.852070751261797,1.2393258747239366,1.8780566525688445
eager,mha96,32,32,96,1,2048,fp32,ragged,packed,identity,1234,pass,q_maxdiff=0.00e+00 k_maxdiff=0.00e+00 cases=5,ragged[0]|ragged[1]|uniform|permuted-requests|strided-qkv,0.07599999755620956,0.08320000022649765,0.07478400319814682,0.002998779276493103,0.06495233974419534,0.07414951687678695,37248,36864,74112,0.9751579260931791,0.17637565250283777,0.26727713371425466
compile,mha96,32,32,96,1,2048,fp32,ragged,packed,identity,1234,pass,q_maxdiff=2.38e-07 k_maxdiff=2.38e-07 cases=5,ragged[0]|ragged[1]|uniform|permuted-requests|strided-qkv,0.04249599948525429,0.05321599915623665,0.032287999987602234,0.007301589633005659,0.0290161301381886,0.03743550041690469,37248,36864,74112,1.743975924738896,0.31543084811646305,0.47799938241627876
graph_eager,mha96,32,32,96,1,2048,fp32,ragged,packed,identity,1234,pass,q_maxdiff=0.00e+00 k_maxdiff=0.00e+00 cases=5,ragged[0]|ragged[1]|uniform|permuted-requests|strided-qkv,0.025728000327944756,0.027456000447273254,0.024447999894618988,0.0010615417747782696,0.02476033056154847,0.03064749762415886,37248,36864,74112,2.88059697820753,0.5210101441358829,0.7895312985926385
graph_compile,mha96,32,32,96,1,2048,fp32,ragged,packed,identity,1234,pass,q_maxdiff=2.38e-07 k_maxdiff=2.38e-07 cases=5,ragged[0]|ragged[1]|uniform|permuted-requests|strided-qkv,0.011136000044643879,0.014560000039637089,0.0060800001956522465,0.001557568843680722,0.006025729235261679,0.010469986591488123,37248,36864,74112,6.6551723871127235,1.2037131021418928,1.824089567859161
eager,mha96,32,32,96,1,2048,fp32,ragged,packed,permuted,1234,pass,q_maxdiff=0.00e+00 k_maxdiff=0.00e+00 cases=5,ragged[0]|ragged[1]|uniform|permuted-requests|strided-qkv,0.07574400305747986,0.0833280012011528,0.07407999783754349,0.0031534253839185923,0.06531892926432192,0.07333297980949283,37248,36864,74112,0.9784536994137822,0.17697175509747257,0.2681804590351407
compile,mha96,32,32,96,1,2048,fp32,ragged,packed,permuted,1234,pass,q_maxdiff=2.38e-07 k_maxdiff=2.38e-07 cases=5,ragged[0]|ragged[1]|uniform|permuted-requests|strided-qkv,0.04327999986708164,0.05100800096988678,0.03174399957060814,0.007054791473838629,0.02955112955532968,0.037600984796881676,37248,36864,74112,1.7123844784567313,0.30971694085853985,0.4693406093229675
graph_eager,mha96,32,32,96,1,2048,fp32,ragged,packed,permuted,1234,pass,q_maxdiff=0.00e+00 k_maxdiff=0.00e+00 cases=5,ragged[0]|ragged[1]|uniform|permuted-requests|strided-qkv,0.025599999353289604,0.026623999699950218,0.0244159996509552,0.0007554092798947224,0.024575380375608802,0.029666000045835972,37248,36864,74112,2.8950000731338528,0.5236152147585131,0.7934789852447326
graph_compile,mha96,32,32,96,1,2048,fp32,ragged,packed,permuted,1234,pass,q_maxdiff=2.38e-07 k_maxdiff=2.38e-07 cases=5,ragged[0]|ragged[1]|uniform|permuted-requests|strided-qkv,0.010944000445306301,0.014527999795973301,0.006047999951988459,0.00208328005104387,0.0059781305026263,0.011241005267947912,37248,36864,74112,6.77192954901472,1.2248308309361888,1.8560910711426353
eager,mha96,32,32,96,1,2048,fp32,ragged,strided,identity,1234,pass,q_maxdiff=0.00e+00 k_maxdiff=0.00e+00 cases=5,ragged[0]|ragged[1]|uniform|permuted-requests|strided-qkv,0.07558400183916092,0.08265600353479385,0.07414399832487106,0.0025768190907008125,0.06457574083469808,0.07525092223659158,37248,36864,74112,0.9805249549727035,0.17734638062317432,0.26874816118282885
compile,mha96,32,32,96,1,2048,fp32,ragged,strided,identity,1234,pass,q_maxdiff=2.38e-07 k_maxdiff=2.38e-07 cases=5,ragged[0]|ragged[1]|uniform|permuted-requests|strided-qkv,0.04343999922275543,0.05158400163054466,0.03187200054526329,0.0072621466737479625,0.029419780476018786,0.03767100861296058,37248,36864,74112,1.7060773785920669,0.3085761832189158,0.46761192155991893
graph_eager,mha96,32,32,96,1,2048,fp32,ragged,strided,identity,1234,pass,q_maxdiff=0.00e+00 k_maxdiff=0.00e+00 cases=5,ragged[0]|ragged[1]|uniform|permuted-requests|strided-qkv,0.02580800000578165,0.027327999472618103,0.02457600086927414,0.0009692356494921954,0.024658431066200137,0.03062299219891429,37248,36864,74112,2.871667699294677,0.519395116095303,0.787083908267336
graph_compile,mha96,32,32,96,1,2048,fp32,ragged,strided,identity,1234,pass,q_maxdiff=2.38e-07 k_maxdiff=2.38e-07 cases=5,ragged[0]|ragged[1]|uniform|permuted-requests|strided-qkv,0.010975999757647514,0.016095999628305435,0.00684799998998642,0.0026919503491529065,0.0060432590544223785,0.010554504115134478,37248,36864,74112,6.752186738011046,1.2212599722272166,1.850679843078618
eager,mha96,32,32,96,1,2048,fp32,ragged,strided,permuted,1234,pass,q_maxdiff=0.00e+00 k_maxdiff=0.00e+00 cases=5,ragged[0]|ragged[1]|uniform|permuted-requests|strided-qkv,0.07531199976801872,0.08339200168848038,0.0735040009021759,0.0033148194117899495,0.06413110997527838,0.0742439879104495,37248,36864,74112,0.9840662872886785,0.17798689718079674,0.2697187907861132
compile,mha96,32,32,96,1,2048,fp32,ragged,strided,permuted,1234,pass,q_maxdiff=2.38e-07 k_maxdiff=2.38e-07 cases=5,ragged[0]|ragged[1]|uniform|permuted-requests|strided-qkv,0.04419200122356415,0.05315199866890907,0.03200000151991844,0.007679867630348457,0.02945704967714846,0.037941557820886374,37248,36864,74112,1.677045572683453,0.30332523506636166,0.4596547100537886
graph_eager,mha96,32,32,96,1,2048,fp32,ragged,strided,permuted,1234,pass,q_maxdiff=0.00e+00 k_maxdiff=0.00e+00 cases=5,ragged[0]|ragged[1]|uniform|permuted-requests|strided-qkv,0.02571200020611286,0.028351999819278717,0.024351999163627625,0.0011490137196762825,0.02470221952535212,0.029439979698508978,37248,36864,74112,2.8823895226315512,0.5213343595106106,0.7900226099206685
graph_compile,mha96,32,32,96,1,2048,fp32,ragged,strided,permuted,1234,pass,q_maxdiff=2.38e-07 k_maxdiff=2.38e-07 cases=5,ragged[0]|ragged[1]|uniform|permuted-requests|strided-qkv,0.010688000358641148,0.014783999882638454,0.006399999838322401,0.0014092900119023373,0.0059813400730490685,0.012018019333481789,37248,36864,74112,6.93413150384872,1.2541681052951206,1.900548355866318
eager,mha96,32,32,96,8,128,bf16,uniform,packed,identity,1234,pass,q_maxdiff=0.00e+00 k_maxdiff=0.00e+00 cases=4,uniform[0]|uniform[1]|permuted-requests|strided-qkv,0.09136000275611877,0.10028800368309021,0.0896959975361824,0.0034248502945244995,0.07844520034268498,0.08918798994272947,150528,147456,297984,3.261646136279727,0.5899300514578676,0.8939715375001928
compile,mha96,32,32,96,8,128,bf16,uniform,packed,identity,1234,pass,q_maxdiff=0.00e+00 k_maxdiff=9.77e-04 cases=4,uniform[0]|uniform[1]|permuted-requests|strided-qkv,0.026544000022113323,0.03248000144958496,0.022911999374628067,0.002771130757612016,0.0192906497977674,0.02511194907128811,150528,147456,297984,11.2260397736496,2.0304404416142363,3.0769003187865
graph_eager,mha96,32,32,96,8,128,bf16,uniform,packed,identity,1234,pass,q_maxdiff=0.00e+00 k_maxdiff=0.00e+00 cases=4,uniform[0]|uniform[1]|permuted-requests|strided-qkv,0.03179199993610382,0.03347200155258179,0.03046399913728237,0.0010508212857193412,0.030708410777151585,0.03579247277230024,150528,147456,297984,9.37292402487714,1.695269603530112,2.568987238741124
graph_compile,mha96,32,32,96,8,128,bf16,uniform,packed,identity,1234,pass,q_maxdiff=0.00e+00 k_maxdiff=9.77e-04 cases=4,uniform[0]|uniform[1]|permuted-requests|strided-qkv,0.010607999749481678,0.011648000217974186,0.009855999611318111,0.0009582574721292351,0.005967209581285715,0.010980467777699232,150528,147456,297984,28.09049840094122,5.080694984909054,7.699212298143202
eager,mha96,32,32,96,8,128,bf16,ragged,packed,identity,1234,pass,q_maxdiff=0.00e+00 k_maxdiff=0.00e+00 cases=5,ragged[0]|ragged[1]|uniform|permuted-requests|strided-qkv,0.0918239988386631,0.10060799866914749,0.08975999802350998,0.004820868840553903,0.07877552066929638,0.09036454139277339,150528,147456,297984,3.2451647038762146,0.5869490744114141,0.8894542076457717
compile,mha96,32,32,96,8,128,bf16,ragged,packed,identity,1234,pass,q_maxdiff=0.00e+00 k_maxdiff=3.91e-03 cases=5,ragged[0]|ragged[1]|uniform|permuted-requests|strided-qkv,0.026448000222444534,0.032287999987602234,0.025151999667286873,0.0025852857673088264,0.019326719921082258,0.024716078769415617,150528,147456,297984,11.266787564041316,2.03781044592439,3.0880687175962396
graph_eager,mha96,32,32,96,8,128,bf16,ragged,packed,identity,1234,pass,q_maxdiff=0.00e+00 k_maxdiff=0.00e+00 cases=5,ragged[0]|ragged[1]|uniform|permuted-requests|strided-qkv,0.03171199932694435,0.033504001796245575,0.030559999868273735,0.0007908788750805994,0.030791159952059388,0.03576744347810745,150528,147456,297984,9.396569321531725,1.6995463001701978,2.575468083480786
graph_compile,mha96,32,32,96,8,128,bf16,ragged,packed,identity,1234,pass,q_maxdiff=0.00e+00 k_maxdiff=3.91e-03 cases=5,ragged[0]|ragged[1]|uniform|permuted-requests|strided-qkv,0.010751999914646149,0.013055999763309956,0.009983999654650688,0.000919012151300819,0.0059134094044566154,0.009903509635478258,150528,147456,297984,27.714285934293255,5.0126498842035945,7.596097728633328
eager,mha96,32,32,96,8,128,fp16,uniform,packed,identity,1234,pass,q_maxdiff=0.00e+00 k_maxdiff=0.00e+00 cases=4,uniform[0]|uniform[1]|permuted-requests|strided-qkv,0.09065599739551544,0.09923200309276581,0.08921600133180618,0.003938416540503376,0.07875417941249907,0.09122205665335059,150528,147456,297984,3.28697503266056,0.5945112587749677,0.9009138333516317
compile,mha96,32,32,96,8,128,fp16,uniform,packed,identity,1234,pass,q_maxdiff=2.44e-04 k_maxdiff=2.44e-04 cases=4,uniform[0]|uniform[1]|permuted-requests|strided-qkv,0.026496000587940216,0.03379200026392937,0.023296000435948372,0.0025576024973159263,0.01921531045809388,0.024636508896946907,150528,147456,297984,11.246376562039663,2.0341187323055503,3.0824743477354586
graph_eager,mha96,32,32,96,8,128,fp16,uniform,packed,identity,1234,pass,q_maxdiff=0.00e+00 k_maxdiff=0.00e+00 cases=4,uniform[0]|uniform[1]|permuted-requests|strided-qkv,0.03171199932694435,0.03359999880194664,0.030848000198602676,0.0008614993352228321,0.030801680404692885,0.03584701335057616,150528,147456,297984,9.396569321531725,1.6995463001701978,2.575468083480786
graph_compile,mha96,32,32,96,8,128,fp16,uniform,packed,identity,1234,pass,q_maxdiff=2.44e-04 k_maxdiff=2.44e-04 cases=4,uniform[0]|uniform[1]|permuted-requests|strided-qkv,0.010751999914646149,0.011264000087976456,0.006719999946653843,0.0009904323096119657,0.005877350922673941,0.011180993169546127,150528,147456,297984,27.714285934293255,5.0126498842035945,7.596097728633328
eager,mha96,32,32,96,8,128,fp16,ragged,packed,identity,1234,pass,q_maxdiff=0.00e+00 k_maxdiff=0.00e+00 cases=5,ragged[0]|ragged[1]|uniform|permuted-requests|strided-qkv,0.09147199988365173,0.09964799880981445,0.08860799670219421,0.0037663865004799427,0.07863666047342122,0.08921796688809991,150528,147456,297984,3.2576526191514588,0.5892077487718795,0.8928769703711958
compile,mha96,32,32,96,8,128,fp16,ragged,packed,identity,1234,pass,q_maxdiff=2.44e-04 k_maxdiff=9.77e-04 cases=5,ragged[0]|ragged[1]|uniform|permuted-requests|strided-qkv,0.026815999299287796,0.031647998839616776,0.02550400048494339,0.002332876782348539,0.019535509636625648,0.025012006517499685,150528,147456,297984,11.112172128074084,2.0098453361959736,3.045690791470095
graph_eager,mha96,32,32,96,8,128,fp16,ragged,packed,identity,1234,pass,q_maxdiff=0.00e+00 k_maxdiff=0.00e+00 cases=5,ragged[0]|ragged[1]|uniform|permuted-requests|strided-qkv,0.03171199932694435,0.03244800120592117,0.030559999868273735,0.0010058115139836195,0.03085136995650828,0.03589701373130083,150528,147456,297984,9.396569321531725,1.6995463001701978,2.575468083480786
graph_compile,mha96,32,32,96,8,128,fp16,ragged,packed,identity,1234,pass,q_maxdiff=2.44e-04 k_maxdiff=9.77e-04 cases=5,ragged[0]|ragged[1]|uniform|permuted-requests|strided-qkv,0.01080000028014183,0.011680000461637974,0.009920000098645687,0.0016045493404031298,0.005931250052526593,0.010941002983599901,150528,147456,297984,27.591110395423687,4.990371271212623,7.562337038090964
eager,mha96,32,32,96,8,128,fp32,uniform,packed,identity,1234,pass,q_maxdiff=0.00e+00 k_maxdiff=0.00e+00 cases=4,uniform[0]|uniform[1]|permuted-requests|strided-qkv,0.07489599660038948,0.08224000036716461,0.07331199944019318,0.003412391565437794,0.06412810063920915,0.07440947229042649,297984,294912,592896,7.9162575693253645,1.4318040768679303,2.169735359020075
compile,mha96,32,32,96,8,128,fp32,uniform,packed,identity,1234,pass,q_maxdiff=4.77e-07 k_maxdiff=2.38e-07 cases=4,uniform[0]|uniform[1]|permuted-requests|strided-qkv,0.02683199942111969,0.03126399964094162,0.025151999667286873,0.002201381740418382,0.01972927013412118,0.024826964363455772,297984,294912,592896,22.096601550062893,3.9965860013069934,6.056369095811911
graph_eager,mha96,32,32,96,8,128,fp32,uniform,packed,identity,1234,pass,q_maxdiff=0.00e+00 k_maxdiff=0.00e+00 cases=4,uniform[0]|uniform[1]|permuted-requests|strided-qkv,0.02558399923145771,0.027648000046610832,0.0244159996509552,0.0010610135088156075,0.024670560378581285,0.029509945306926966,297984,294912,592896,23.174484748693388,4.191541451489258,6.3518017884045
graph_compile,mha96,32,32,96,8,128,fp32,uniform,packed,identity,1234,pass,q_maxdiff=4.77e-07 k_maxdiff=2.38e-07 cases=4,uniform[0]|uniform[1]|permuted-requests|strided-qkv,0.01071999967098236,0.011744000017642975,0.009759999811649323,0.0007378905543414136,0.005911410553380847,0.011140946298837662,297984,294912,592896,55.30746438406076,10.003395201941956,15.159001591463742
eager,mha96,32,32,96,8,128,fp32,ragged,packed,identity,1234,pass,q_maxdiff=0.00e+00 k_maxdiff=0.00e+00 cases=5,ragged[0]|ragged[1]|uniform|permuted-requests|strided-qkv,0.07609599828720093,0.08476799726486206,0.07423999905586243,0.0033933220949098654,0.06397151038981974,0.07426954107359052,297984,294912,592896,7.791421537861905,1.4092251325594485,2.1355195507073734
compile,mha96,32,32,96,8,128,fp32,ragged,packed,identity,1234,pass,q_maxdiff=4.77e-07 k_maxdiff=2.38e-07 cases=5,ragged[0]|ragged[1]|uniform|permuted-requests|strided-qkv,0.026496000587940216,0.030400000512599945,0.023231999948620796,0.0027768433554143475,0.019576679915189743,0.024706008844077587,297984,294912,592896,22.376811097666547,4.047267168401765,6.133170609411788
graph_eager,mha96,32,32,96,8,128,fp32,ragged,packed,identity,1234,pass,q_maxdiff=0.00e+00 k_maxdiff=0.00e+00 cases=5,ragged[0]|ragged[1]|uniform|permuted-requests|strided-qkv,0.025839999318122864,0.027424000203609467,0.0244159996509552,0.0013548363232816117,0.024740089429542422,0.029214017558842897,297984,294912,592896,22.94489224634665,4.15001532907604,6.288873698186981
graph_compile,mha96,32,32,96,8,128,fp32,ragged,packed,identity,1234,pass,q_maxdiff=4.77e-07 k_maxdiff=2.38e-07 cases=5,ragged[0]|ragged[1]|uniform|permuted-requests|strided-qkv,0.010847999714314938,0.012032000347971916,0.010111999697983265,0.0009133503905585103,0.005951389903202653,0.010860967449843884,297984,294912,592896,54.65486869598816,9.885360997199879,14.980134250784753
eager,mha96,32,32,96,8,2048,bf16,uniform,packed,identity,1234,pass,q_maxdiff=0.00e+00 k_maxdiff=0.00e+00 cases=4,uniform[0]|uniform[1]|permuted-requests|strided-qkv,0.09137600287795067,0.09967999905347824,0.0891840010881424,0.004108402167076583,0.07813813048414886,0.08813553722575307,150528,147456,297984,3.261075015483135,0.5898267535196963,0.8938150012864851
compile,mha96,32,32,96,8,2048,bf16,uniform,packed,identity,1234,pass,q_maxdiff=2.44e-04 k_maxdiff=3.91e-03 cases=4,uniform[0]|uniform[1]|permuted-requests|strided-qkv,0.02635199949145317,0.031488001346588135,0.02236800082027912,0.0023950240941616762,0.019243460847064853,0.02479151589795947,150528,147456,297984,11.307832640807622,2.045234220066995,3.099318598438752
graph_eager,mha96,32,32,96,8,2048,bf16,uniform,packed,identity,1234,pass,q_maxdiff=0.00e+00 k_maxdiff=0.00e+00 cases=4,uniform[0]|uniform[1]|permuted-requests|strided-qkv,0.03171199932694435,0.03328000009059906,0.03049599938094616,0.0007380493692748292,0.030894549563527104,0.03585702506825328,150528,147456,297984,9.396569321531725,1.6995463001701978,2.575468083480786
graph_compile,mha96,32,32,96,8,2048,bf16,uniform,packed,identity,1234,pass,q_maxdiff=2.44e-04 k_maxdiff=3.91e-03 cases=4,uniform[0]|uniform[1]|permuted-requests|strided-qkv,0.010944000445306301,0.011872000060975552,0.009855999611318111,0.001003411972102238,0.005977530963718891,0.00965845538303256,150528,147456,297984,27.22806906754105,4.924708418686438,7.462832493298886
eager,mha96,32,32,96,8,2048,bf16,ragged,packed,identity,1234,pass,q_maxdiff=0.00e+00 k_maxdiff=0.00e+00 cases=5,ragged[0]|ragged[1]|uniform|permuted-requests|strided-qkv,0.09092799946665764,0.10035199671983719,0.08867199718952179,0.010951623894626776,0.07848878973163664,0.08886703290045261,150528,147456,297984,3.277142373612516,0.5927328374454249,0.898218839180093
compile,mha96,32,32,96,8,2048,bf16,ragged,packed,identity,1234,pass,q_maxdiff=3.91e-03 k_maxdiff=3.91e-03 cases=5,ragged[0]|ragged[1]|uniform|permuted-requests|strided-qkv,0.026815999299287796,0.03286400064826012,0.02502400055527687,0.002670324039730652,0.019104289822280407,0.024540990125387907,150528,147456,297984,11.112172128074084,2.0098453361959736,3.045690791470095
graph_eager,mha96,32,32,96,8,2048,bf16,ragged,packed,identity,1234,pass,q_maxdiff=0.00e+00 k_maxdiff=0.00e+00 cases=5,ragged[0]|ragged[1]|uniform|permuted-requests|strided-qkv,0.031968001276254654,0.03359999880194664,0.0306560005992651,0.0009692917474968575,0.03088442957960069,0.03580248448997736,150528,147456,297984,9.321320949187337,1.6859362166987026,2.554843558223172
graph_compile,mha96,32,32,96,8,2048,bf16,ragged,packed,identity,1234,pass,q_maxdiff=3.91e-03 k_maxdiff=3.91e-03 cases=5,ragged[0]|ragged[1]|uniform|permuted-requests|strided-qkv,0.010495999827980995,0.012927999719977379,0.009472000412642956,0.001024332869322471,0.005971529753878713,0.011150958016514778,150528,147456,297984,28.3902443677269,5.134909680869867,7.781368470698609
eager,mha96,32,32,96,8,2048,fp16,uniform,packed,identity,1234,pass,q_maxdiff=0.00e+00 k_maxdiff=0.00e+00 cases=4,uniform[0]|uniform[1]|permuted-requests|strided-qkv,0.09132800251245499,0.1024319976568222,0.08832000195980072,0.004696306166194282,0.07804034044966102,0.08894747588783503,150528,147456,297984,3.262788978214672,0.5901367559173094,0.8942847744728791
compile,mha96,32,32,96,8,2048,fp16,uniform,packed,identity,1234,pass,q_maxdiff=2.44e-04 k_maxdiff=6.10e-05 cases=4,uniform[0]|uniform[1]|permuted-requests|strided-qkv,0.026496000587940216,0.033535998314619064,0.025439999997615814,0.002888856087658534,0.018954320112243295,0.024481036234647036,150528,147456,297984,11.246376562039663,2.0341187323055503,3.0824743477354586
graph_eager,mha96,32,32,96,8,2048,fp16,uniform,packed,identity,1234,pass,q_maxdiff=0.00e+00 k_maxdiff=0.00e+00 cases=4,uniform[0]|uniform[1]|permuted-requests|strided-qkv,0.031727999448776245,0.033504001796245575,0.030527999624609947,0.000832943400455681,0.0309149909298867,0.035626988392323256,150528,147456,297984,9.391830722926128,1.6986892354849321,2.5741692999512296
graph_compile,mha96,32,32,96,8,2048,fp16,uniform,packed,identity,1234,pass,q_maxdiff=2.44e-04 k_maxdiff=6.10e-05 cases=4,uniform[0]|uniform[1]|permuted-requests|strided-qkv,0.010623999871313572,0.011327999643981457,0.009727999567985535,0.0009511181320687148,0.0059401593171060085,0.011170981451869011,150528,147456,297984,28.048193110826595,5.0730432774792815,7.687617010466991
eager,mha96,32,32,96,8,2048,fp16,ragged,packed,identity,1234,pass,q_maxdiff=0.00e+00 k_maxdiff=0.00e+00 cases=5,ragged[0]|ragged[1]|uniform|permuted-requests|strided-qkv,0.09171199798583984,0.09987200051546097,0.08832000195980072,0.004553494008568985,0.07831986993551254,0.08937797974795103,150528,147456,297984,3.249127775473915,0.5876658704505544,0.8905404300811278
compile,mha96,32,32,96,8,2048,fp16,ragged,packed,identity,1234,pass,q_maxdiff=2.44e-04 k_maxdiff=9.77e-04 cases=5,ragged[0]|ragged[1]|uniform|permuted-requests|strided-qkv,0.02687999978661537,0.03244800120592117,0.02191999927163124,0.0026767716918983117,0.019243060378357768,0.024776498321443796,150528,147456,297984,11.0857143737173,2.0050599536814375,3.038439091453331
graph_eager,mha96,32,32,96,8,2048,fp16,ragged,packed,identity,1234,pass,q_maxdiff=0.00e+00 k_maxdiff=0.00e+00 cases=5,ragged[0]|ragged[1]|uniform|permuted-requests|strided-qkv,0.03169599920511246,0.032607998698949814,0.030527999624609947,0.0007639625594517665,0.030922399600967765,0.0354469520971179,150528,147456,297984,9.401312704220922,1.7004042301469653,2.5767681782606724
graph_compile,mha96,32,32,96,8,2048,fp16,ragged,packed,identity,1234,pass,q_maxdiff=2.44e-04 k_maxdiff=9.77e-04 cases=5,ragged[0]|ragged[1]|uniform|permuted-requests|strided-qkv,0.010704000014811754,0.011487999930977821,0.009824000298976898,0.000735866680398608,0.0058867596089839935,0.009612995199859142,150528,147456,297984,27.838564983899666,5.035128087867058,7.6301608760176824
eager,mha96,32,32,96,8,2048,fp32,uniform,packed,identity,1234,pass,q_maxdiff=0.00e+00 k_maxdiff=0.00e+00 cases=4,uniform[0]|uniform[1]|permuted-requests|strided-qkv,0.07622399926185608,0.08425600081682205,0.07459200173616409,0.0031326338395005113,0.06458987016230822,0.07441948400810361,297984,294912,592896,7.778337606810619,1.406858657535533,2.131933428402945
compile,mha96,32,32,96,8,2048,fp32,uniform,packed,identity,1234,pass,q_maxdiff=2.38e-07 k_maxdiff=2.38e-07 cases=4,uniform[0]|uniform[1]|permuted-requests|strided-qkv,0.026367999613285065,0.03356799855828285,0.02457600086927414,0.007222772256976756,0.019254789222031832,0.0249165459536016,297984,294912,592896,22.485437222976884,4.066914246293265,6.162943509413483
graph_eager,mha96,32,32,96,8,2048,fp32,uniform,packed,identity,1234,pass,q_maxdiff=0.00e+00 k_maxdiff=0.00e+00 cases=4,uniform[0]|uniform[1]|permuted-requests|strided-qkv,0.025536000728607178,0.027295999228954315,0.024320000782608986,0.0008287309363521401,0.024718149797990918,0.030633003916591406,297984,294912,592896,23.218044450311957,4.199420042833518,6.3637408927101005
graph_compile,mha96,32,32,96,8,2048,fp32,uniform,packed,identity,1234,pass,q_maxdiff=2.38e-07 k_maxdiff=2.38e-07 cases=4,uniform[0]|uniform[1]|permuted-requests|strided-qkv,0.010832000058144331,0.011327999643981457,0.008960000239312649,0.0009231207086431045,0.005983849987387657,0.009753508493304253,297984,294912,592896,54.73559793366278,9.89996239825495,15.002261004488181
eager,mha96,32,32,96,8,2048,fp32,ragged,packed,identity,1234,pass,q_maxdiff=0.00e+00 k_maxdiff=0.00e+00 cases=5,ragged[0]|ragged[1]|uniform|permuted-requests|strided-qkv,0.07596799731254578,0.08403199911117554,0.07331199944019318,0.003241885850959044,0.06400928017683327,0.07357797585427761,297984,294912,592896,7.804549560003813,1.4115995822864043,2.1391177577623925
compile,mha96,32,32,96,8,2048,fp32,ragged,packed,identity,1234,pass,q_maxdiff=2.38e-07 k_maxdiff=2.38e-07 cases=5,ragged[0]|ragged[1]|uniform|permuted-requests|strided-qkv,0.026895999908447266,0.03209599852561951,0.025151999667286873,0.004056954731135759,0.01897635986097157,0.024395936634391546,297984,294912,592896,22.04402149086074,3.98707590863147,6.041957637792614
graph_eager,mha96,32,32,96,8,2048,fp32,ragged,packed,identity,1234,pass,q_maxdiff=0.00e+00 k_maxdiff=0.00e+00 cases=5,ragged[0]|ragged[1]|uniform|permuted-requests|strided-qkv,0.025567999109625816,0.027327999472618103,0.024607999250292778,0.0009348124333637526,0.02470532082952559,0.030642433557659388,297984,294912,592896,23.18898704031897,4.194164463700722,6.355776663482943
graph_compile,mha96,32,32,96,8,2048,fp32,ragged,packed,identity,1234,pass,q_maxdiff=2.38e-07 k_maxdiff=2.38e-07 cases=5,ragged[0]|ragged[1]|uniform|permuted-requests|strided-qkv,0.010688000358641148,0.011615999974310398,0.00684799998998642,0.0013652134986402512,0.0059800304006785154,0.011110969353467226,297984,294912,592896,55.47305203078976,10.033344842360965,15.204386846930545
eager,mha96,32,32,96,32,128,bf16,uniform,packed,identity,1234,pass,q_maxdiff=0.00e+00 k_maxdiff=0.00e+00 cases=4,uniform[0]|uniform[1]|permuted-requests|strided-qkv,0.09063999727368355,0.0995199978351593,0.08928000181913376,0.003715509310147362,0.08072919095866382,0.08954841177910566,602112,589824,1191936,13.150221048672373,2.378464816779347,3.604291464541885
compile,mha96,32,32,96,32,128,bf16,uniform,packed,identity,1234,pass,q_maxdiff=9.77e-04 k_maxdiff=1.95e-03 cases=4,uniform[0]|uniform[1]|permuted-requests|strided-qkv,0.026623999699950218,0.032127998769283295,0.022016000002622604,0.0033248704749352835,0.019015930593013763,0.024335517082363367,602112,589824,1191936,44.76923127377547,8.097357532228164,12.270619448671653
graph_eager,mha96,32,32,96,32,128,bf16,uniform,packed,identity,1234,pass,q_maxdiff=0.00e+00 k_maxdiff=0.00e+00 cases=4,uniform[0]|uniform[1]|permuted-requests|strided-qkv,0.03379200026392937,0.03516799956560135,0.03254399821162224,0.0009236069971308887,0.03306533093564212,0.03867747727781534,602112,589824,1191936,35.27272699723282,6.379736115785765,9.667760593277446
graph_compile,mha96,32,32,96,32,128,bf16,uniform,packed,identity,1234,pass,q_maxdiff=9.77e-04 k_maxdiff=1.95e-03 cases=4,uniform[0]|uniform[1]|permuted-requests|strided-qkv,0.010816000401973724,0.012959999963641167,0.009375999681651592,0.001168793357714159,0.0059667101595550776,0.01119094667956233,602112,589824,1191936,110.20117933635552,19.931956037010877,30.204600256858512
eager,mha96,32,32,96,32,128,bf16,uniform,packed,permuted,1234,pass,q_maxdiff=0.00e+00 k_maxdiff=0.00e+00 cases=4,uniform[0]|uniform[1]|permuted-requests|strided-qkv,0.09175999835133553,0.09964799880981445,0.09008000046014786,0.003359824394900429,0.0788941397331655,0.09055493865162134,602112,589824,1191936,12.989712526326041,2.349433831537275,3.560298325952209
compile,mha96,32,32,96,32,128,bf16,uniform,packed,permuted,1234,pass,q_maxdiff=9.77e-04 k_maxdiff=1.95e-03 cases=4,uniform[0]|uniform[1]|permuted-requests|strided-qkv,0.026784000918269157,0.03139200061559677,0.02521600015461445,0.002338002880022683,0.019326620968058705,0.02442602999508381,602112,589824,1191936,44.50179058898515,8.048985854140414,12.197317701583659
graph_eager,mha96,32,32,96,32,128,bf16,uniform,packed,permuted,1234,pass,q_maxdiff=0.00e+00 k_maxdiff=0.00e+00 cases=4,uniform[0]|uniform[1]|permuted-requests|strided-qkv,0.03376000002026558,0.03516799956560135,0.03276799991726875,0.000897770164195214,0.033074349630624056,0.037771009374409914,602112,589824,1191936,35.30616111624705,6.38578330506578,9.676924417166141
graph_compile,mha96,32,32,96,32,128,bf16,uniform,packed,permuted,1234,pass,q_maxdiff=9.77e-04 k_maxdiff=1.95e-03 cases=4,uniform[0]|uniform[1]|permuted-requests|strided-qkv,0.010591999627649784,0.011711999773979187,0.007872000336647034,0.0010800223089095862,0.0059430708643049,0.011196010746061802,602112,589824,1191936,112.53172601031083,20.353479237826157,30.84337046867192
eager,mha96,32,32,96,32,128,bf16,uniform,strided,identity,1234,pass,q_maxdiff=0.00e+00 k_maxdiff=0.00e+00 cases=4,uniform[0]|uniform[1]|permuted-requests|strided-qkv,0.0923520028591156,0.10118400305509567,0.08428800106048584,0.004150356994004618,0.07925091893412173,0.09136705193668604,602112,589824,1191936,12.906444506875685,2.334373244046575,3.5374757277112066
compile,mha96,32,32,96,32,128,bf16,uniform,strided,identity,1234,pass,q_maxdiff=9.77e-04 k_maxdiff=1.95e-03 cases=4,uniform[0]|uniform[1]|permuted-requests|strided-qkv,0.02675200067460537,0.031199999153614044,0.025151999667286873,0.0027761506744014503,0.018869859632104635,0.024425971787422895,602112,589824,1191936,44.555022799900655,8.0586139007195,12.21190790525638
graph_eager,mha96,32,32,96,32,128,bf16,uniform,strided,identity,1234,pass,q_maxdiff=0.00e+00 k_maxdiff=0.00e+00 cases=4,uniform[0]|uniform[1]|permuted-requests|strided-qkv,0.0358240008354187,0.03721600025892258,0.03347200155258179,0.000756996934742055,0.03458949038758874,0.03973994171246886,602112,589824,1191936,33.27199565107058,6.017866220438653,9.119388144850658
graph_compile,mha96,32,32,96,32,128,bf16,uniform,strided,identity,1234,pass,q_maxdiff=9.77e-04 k_maxdiff=1.95e-03 cases=4,uniform[0]|uniform[1]|permuted-requests|strided-qkv,0.010688000358641148,0.012480000033974648,0.008415999822318554,0.0010080974615324536,0.0059055001474916935,0.011216034181416035,602112,589824,1191936,111.52095434169134,20.170662170135,30.566332106782653
eager,mha96,32,32,96,32,128,bf16,uniform,strided,permuted,1234,pass,q_maxdiff=0.00e+00 k_maxdiff=0.00e+00 cases=4,uniform[0]|uniform[1]|permuted-requests|strided-qkv,0.09268799796700478,0.10143999755382538,0.0907839983701706,0.0038916900007672567,0.07955468026921153,0.09044993203133345,602112,589824,1191936,12.859658490242795,2.325911112948801,3.524652335633941
compile,mha96,32,32,96,32,128,bf16,uniform,strided,permuted,1234,pass,q_maxdiff=9.77e-04 k_maxdiff=1.95e-03 cases=4,uniform[0]|uniform[1]|permuted-requests|strided-qkv,0.0266720000654459,0.032127998769283295,0.025087999179959297,0.002470811313029615,0.01963539980351925,0.024330569431185722,602112,589824,1191936,44.68866215789256,8.082785092210825,12.248536582109361
graph_eager,mha96,32,32,96,32,128,bf16,uniform,strided,permuted,1234,pass,q_maxdiff=0.00e+00 k_maxdiff=0.00e+00 cases=4,uniform[0]|uniform[1]|permuted-requests|strided-qkv,0.03587200120091438,0.03753599897027016,0.03478400036692619,0.0009227265605426457,0.03473507007583976,0.038652506191283464,602112,589824,1191936,33.22747435595028,6.0098137068231665,9.107185481230136
graph_compile,mha96,32,32,96,32,128,bf16,uniform,strided,permuted,1234,pass,q_maxdiff=9.77e-04 k_maxdiff=1.95e-03 cases=4,uniform[0]|uniform[1]|permuted-requests|strided-qkv,0.010528000071644783,0.011136000044643879,0.006432000081986189,0.0010354883572364871,0.0059183198027312756,0.011216441635042429,602112,589824,1191936,113.21580470067234,20.477207735690275,31.03086685946407
eager,mha96,32,32,96,32,128,bf16,ragged,packed,identity,1234,pass,q_maxdiff=0.00e+00 k_maxdiff=0.00e+00 cases=5,ragged[0]|ragged[1]|uniform|permuted-requests|strided-qkv,0.09220800176262856,0.10025600343942642,0.09062399715185165,0.0035544370702793207,0.07963654003106058,0.09183248039335012,602112,589824,1191936,12.926600481684938,2.3380188312009103,3.543000198189355
compile,mha96,32,32,96,32,128,bf16,ragged,packed,identity,1234,pass,q_maxdiff=9.77e-04 k_maxdiff=3.91e-03 cases=5,ragged[0]|ragged[1]|uniform|permuted-requests|strided-qkv,0.026607999578118324,0.03232000023126602,0.025472000241279602,0.0022631808183039247,0.019243559800088406,0.024355947971343994,602112,589824,1191936,44.79615224363634,8.102226695979152,12.277998109572302
graph_eager,mha96,32,32,96,32,128,bf16,ragged,packed,identity,1234,pass,q_maxdiff=0.00e+00 k_maxdiff=0.00e+00 cases=5,ragged[0]|ragged[1]|uniform|permuted-requests|strided-qkv,0.03380800038576126,0.03532800078392029,0.032735999673604965,0.001071818412903981,0.032901118975132704,0.038002035580575466,602112,589824,1191936,35.25603367249136,6.376716814024549,9.663185186700037
graph_compile,mha96,32,32,96,32,128,bf16,ragged,packed,identity,1234,pass,q_maxdiff=9.77e-04 k_maxdiff=3.91e-03 cases=5,ragged[0]|ragged[1]|uniform|permuted-requests|strided-qkv,0.010784000158309937,0.012896000407636166,0.006783999968320131,0.0016189081384447867,0.005952980136498809,0.01078099012374878,602112,589824,1191936,110.52818828841706,19.99110175664338,30.294228831951035
eager,mha96,32,32,96,32,128,bf16,ragged,packed,permuted,1234,pass,q_maxdiff=0.00e+00 k_maxdiff=0.00e+00 cases=5,ragged[0]|ragged[1]|uniform|permuted-requests|strided-qkv,0.09132800251245499,0.0992640033364296,0.08915200084447861,0.0033261658330807128,0.07863666978664696,0.09003950981423259,602112,589824,1191936,13.051155912858688,2.3605470236692376,3.5771390978915165
compile,mha96,32,32,96,32,128,bf16,ragged,packed,permuted,1234,pass,q_maxdiff=9.77e-04 k_maxdiff=3.91e-03 cases=5,ragged[0]|ragged[1]|uniform|permuted-requests|strided-qkv,0.026639999821782112,0.04249599948525429,0.024288000538945198,0.006172609506679147,0.01901893992908299,0.024335517082363367,602112,589824,1191936,44.742342641662376,8.092494217367097,12.263249651094887
graph_eager,mha96,32,32,96,32,128,bf16,ragged,packed,permuted,1234,pass,q_maxdiff=0.00e+00 k_maxdiff=0.00e+00 cases=5,ragged[0]|ragged[1]|uniform|permuted-requests|strided-qkv,0.033743999898433685,0.0350399985909462,0.03292800113558769,0.0008384194844257113,0.03299840958788991,0.038832484278827906,602112,589824,1191936,35.32290195553631,6.388811200726657,9.681512846815819
graph_compile,mha96,32,32,96,32,128,bf16,ragged,packed,permuted,1234,pass,q_maxdiff=9.77e-04 k_maxdiff=3.91e-03 cases=5,ragged[0]|ragged[1]|uniform|permuted-requests|strided-qkv,0.01065600011497736,0.011872000060975552,0.00979200005531311,0.0011697781671487861,0.005922429263591766,0.011115509551018476,602112,589824,1191936,111.85585464894044,20.231235189780246,30.658123591840027
eager,mha96,32,32,96,32,128,bf16,ragged,strided,identity,1234,pass,q_maxdiff=0.00e+00 k_maxdiff=0.00e+00 cases=5,ragged[0]|ragged[1]|uniform|permuted-requests|strided-qkv,0.09243200346827507,0.10067199915647507,0.09011200070381165,0.0033106695950377535,0.0811241299379617,0.09021448204293847,602112,589824,1191936,12.895273879994408,2.332352826068798,3.5344140152903476
compile,mha96,32,32,96,32,128,bf16,ragged,strided,identity,1234,pass,q_maxdiff=9.77e-04 k_maxdiff=3.91e-03 cases=5,ragged[0]|ragged[1]|uniform|permuted-requests|strided-qkv,0.02675200067460537,0.0326399989426136,0.025248000398278236,0.0022929325044569603,0.019205589778721333,0.024245993699878454,602112,589824,1191936,44.555022799900655,8.0586139007195,12.21190790525638
graph_eager,mha96,32,32,96,32,128,bf16,ragged,strided,identity,1234,pass,q_maxdiff=0.00e+00 k_maxdiff=0.00e+00 cases=5,ragged[0]|ragged[1]|uniform|permuted-requests|strided-qkv,0.035840000957250595,0.03791999816894531,0.033535998314619064,0.000994438382238192,0.034278209786862135,0.03861804725602269,602112,589824,1191936,33.25714196887782,6.015179652633872,9.1153169585378
graph_compile,mha96,32,32,96,32,128,bf16,ragged,strided,identity,1234,pass,q_maxdiff=9.77e-04 k_maxdiff=3.91e-03 cases=5,ragged[0]|ragged[1]|uniform|permuted-requests|strided-qkv,0.01104000024497509,0.022304000332951546,0.010015999898314476,0.005513524470917599,0.0058501900639384985,0.01036451430991292,602112,589824,1191936,107.96521499558077,19.527539830133282,29.5917537382604
eager,mha96,32,32,96,32,128,bf16,ragged,strided,permuted,1234,pass,q_maxdiff=0.00e+00 k_maxdiff=0.00e+00 cases=5,ragged[0]|ragged[1]|uniform|permuted-requests|strided-qkv,0.09249600023031235,0.10761599987745285,0.09062399715185165,0.010455847319524737,0.07941592019051313,0.092829461209476,602112,589824,1191936,12.886351810155187,2.3307391019247783,3.531968600871188
compile,mha96,32,32,96,32,128,bf16,ragged,strided,permuted,1234,pass,q_maxdiff=9.77e-04 k_maxdiff=3.91e-03 cases=5,ragged[0]|ragged[1]|uniform|permuted-requests|strided-qkv,0.026399999856948853,0.03215999901294708,0.02489599958062172,0.005410931336594343,0.019347750348970294,0.024846987798810005,602112,589824,1191936,45.14909115373596,8.16606233623473,12.374733723100654
graph_eager,mha96,32,32,96,32,128,bf16,ragged,strided,permuted,1234,pass,q_maxdiff=0.00e+00 k_maxdiff=0.00e+00 cases=5,ragged[0]|ragged[1]|uniform|permuted-requests|strided-qkv,0.03588799946010113,0.03791999816894531,0.03488000109791756,0.0010811029056796073,0.03429794916883111,0.039815029595047235,602112,589824,1191936,33.212662113561045,6.007134634186288,9.1031256529872
graph_compile,mha96,32,32,96,32,128,bf16,ragged,strided,permuted,1234,pass,q_maxdiff=9.77e-04 k_maxdiff=3.91e-03 cases=5,ragged[0]|ragged[1]|uniform|permuted-requests|strided-qkv,0.010495999827980995,0.01190400030463934,0.007584000006318092,0.0013671359012061572,0.005897580413147807,0.01120101660490036,602112,589824,1191936,113.5609774709076,20.539638723479467,31.125473882794434
eager,mha96,32,32,96,32,128,fp16,uniform,packed,identity,1234,pass,q_maxdiff=0.00e+00 k_maxdiff=0.00e+00 cases=4,uniform[0]|uniform[1]|permuted-requests|strided-qkv,0.09116800129413605,0.10825599730014801,0.08825600147247314,0.013521690162254102,0.07908871048130095,0.08948799222707748,602112,589824,1191936,13.074060888473879,2.3646898193247843,3.5834170310000024
compile,mha96,32,32,96,32,128,fp16,uniform,packed,identity,1234,pass,q_maxdiff=2.44e-04 k_maxdiff=9.77e-04 cases=4,uniform[0]|uniform[1]|permuted-requests|strided-qkv,0.026815999299287796,0.03142400085926056,0.02348800003528595,0.0020259827679048772,0.018910240614786744,0.024456006940454245,602112,589824,1191936,44.448688512296336,8.039381344783894,12.18276316588038
graph_eager,mha96,32,32,96,32,128,fp16,uniform,packed,identity,1234,pass,q_maxdiff=0.00e+00 k_maxdiff=0.00e+00 cases=4,uniform[0]|uniform[1]|permuted-requests|strided-qkv,0.0339680016040802,0.03561599925160408,0.032607998698949814,0.0010817654142414163,0.03303217003121972,0.037875957787036896,602112,589824,1191936,35.08996537072778,6.346680238101984,9.617668190418225
graph_compile,mha96,32,32,96,32,128,fp16,uniform,packed,identity,1234,pass,q_maxdiff=2.44e-04 k_maxdiff=9.77e-04 cases=4,uniform[0]|uniform[1]|permuted-requests|strided-qkv,0.0104479999281466,0.014112000353634357,0.00854399986565113,0.0013122198897374305,0.005979030393064022,0.01120101660490036,602112,589824,1191936,114.08269603725397,20.63400133911327,31.268469636904978
eager,mha96,32,32,96,32,128,fp16,uniform,packed,permuted,1234,pass,q_maxdiff=0.00e+00 k_maxdiff=0.00e+00 cases=4,uniform[0]|uniform[1]|permuted-requests|strided-qkv,0.09167999774217606,0.11132799834012985,0.08924800157546997,0.0107384247236732,0.07933296961709857,0.09037996642291546,602112,589824,1191936,13.001047440598562,2.3514839639798106,3.5634050672467126
compile,mha96,32,32,96,32,128,fp16,uniform,packed,permuted,1234,pass,q_maxdiff=2.44e-04 k_maxdiff=9.77e-04 cases=4,uniform[0]|uniform[1]|permuted-requests|strided-qkv,0.026575999334454536,0.03299200162291527,0.024992000311613083,0.002559153787335114,0.019098279299214482,0.025848043151199818,602112,589824,1191936,44.85009143022934,8.11198261240689,12.292782085379393
graph_eager,mha96,32,32,96,32,128,fp16,uniform,packed,permuted,1234,pass,q_maxdiff=0.00e+00 k_maxdiff=0.00e+00 cases=4,uniform[0]|uniform[1]|permuted-requests|strided-qkv,0.03385600075125694,0.035551998764276505,0.03251200169324875,0.0008745138913672093,0.033005119767040014,0.03852247027680278,602112,589824,1191936,35.206048368124165,6.3676760315652015,9.649484914650131
graph_compile,mha96,32,32,96,32,128,fp16,uniform,packed,permuted,1234,pass,q_maxdiff=2.44e-04 k_maxdiff=9.77e-04 cases=4,uniform[0]|uniform[1]|permuted-requests|strided-qkv,0.010768000036478043,0.014240000396966934,0.00684799998998642,0.0015262615751385669,0.0059414689894765615,0.011210970114916563,602112,589824,1191936,110.6924216160993,20.02080644298964,30.339242887529828
eager,mha96,32,32,96,32,128,fp16,uniform,strided,identity,1234,pass,q_maxdiff=0.00e+00 k_maxdiff=0.00e+00 cases=4,uniform[0]|uniform[1]|permuted-requests|strided-qkv,0.09212800115346909,0.10294400155544281,0.09014400094747543,0.00450306426209824,0.07950820028781891,0.0903939944691956,602112,589824,1191936,12.937825471915362,2.340049081812891,3.5460768108430387
compile,mha96,32,32,96,32,128,fp16,uniform,strided,identity,1234,pass,q_maxdiff=2.44e-04 k_maxdiff=9.77e-04 cases=4,uniform[0]|uniform[1]|permuted-requests|strided-qkv,0.027295999228954315,0.034272000193595886,0.025599999353289604,0.003037905779258377,0.01929515041410923,0.024456006940454245,602112,589824,1191936,43.66705867780251,7.898008887681637,11.968529372359331
graph_eager,mha96,32,32,96,32,128,fp16,uniform,strided,identity,1234,pass,q_maxdiff=0.00e+00 k_maxdiff=0.00e+00 cases=4,uniform[0]|uniform[1]|permuted-requests|strided-qkv,0.035840000957250595,0.037567999213933945,0.03471999987959862,0.0008670061026090301,0.03464139997959137,0.03942905459553003,602112,589824,1191936,33.25714196887782,6.015179652633872,9.1153169585378
graph_compile,mha96,32,32,96,32,128,fp16,uniform,strided,identity,1234,pass,q_maxdiff=2.44e-04 k_maxdiff=9.77e-04 cases=4,uniform[0]|uniform[1]|permuted-requests|strided-qkv,0.010591999627649784,0.0144640002399683,0.0066559999249875546,0.0015628782725398498,0.005959499394521117,0.011195952538400888,602112,589824,1191936,112.53172601031083,20.353479237826157,30.84337046867192
eager,mha96,32,32,96,32,128,fp16,uniform,strided,permuted,1234,pass,q_maxdiff=0.00e+00 k_maxdiff=0.00e+00 cases=4,uniform[0]|uniform[1]|permuted-requests|strided-qkv,0.09251199662685394,0.10185600072145462,0.09068799763917923,0.003924953929338902,0.07911356049589813,0.08992402581498027,602112,589824,1191936,12.884123610558962,2.330336090117999,3.531357882560352
compile,mha96,32,32,96,32,128,fp16,uniform,strided,permuted,1234,pass,q_maxdiff=2.44e-04 k_maxdiff=9.77e-04 cases=4,uniform[0]|uniform[1]|permuted-requests|strided-qkv,0.026847999542951584,0.03651199862360954,0.02518399991095066,0.005086592311835748,0.019124330719932914,0.02456101356074214,602112,589824,1191936,44.395709933365204,8.0297991723197,12.168242479183306
graph_eager,mha96,32,32,96,32,128,fp16,uniform,strided,permuted,1234,pass,q_maxdiff=0.00e+00 k_maxdiff=0.00e+00 cases=4,uniform[0]|uniform[1]|permuted-requests|strided-qkv,0.0358240008354187,0.03798399865627289,0.0344959981739521,0.0009662502783451125,0.03428222029469907,0.03921845927834511,602112,589824,1191936,33.27199565107058,6.017866220438653,9.119388144850658
graph_compile,mha96,32,32,96,32,128,fp16,uniform,strided,permuted,1234,pass,q_maxdiff=2.44e-04 k_maxdiff=9.77e-04 cases=4,uniform[0]|uniform[1]|permuted-requests|strided-qkv,0.01071999967098236,0.012223999947309494,0.006144000217318535,0.0011792306517682798,0.005985550815239549,0.01120101660490036,602112,589824,1191936,111.18806311407033,20.110452530328907,30.475091282320893
eager,mha96,32,32,96,32,128,fp16,ragged,packed,identity,1234,pass,q_maxdiff=0.00e+00 k_maxdiff=0.00e+00 cases=5,ragged[0]|ragged[1]|uniform|permuted-requests|strided-qkv,0.09132800251245499,0.09932799637317657,0.08854400366544724,0.0036641349924228963,0.07873483933508396,0.08917751256376505,602112,589824,1191936,13.051155912858688,2.3605470236692376,3.5771390978915165
compile,mha96,32,32,96,32,128,fp16,ragged,packed,identity,1234,pass,q_maxdiff=9.77e-04 k_maxdiff=9.77e-04 cases=5,ragged[0]|ragged[1]|uniform|permuted-requests|strided-qkv,0.02750399988144636,0.03372799977660179,0.025248000398278236,0.002881512420136093,0.019552940502762794,0.025087501853704453,602112,589824,1191936,43.33682392152917,7.838279720683859,11.878016649498964
graph_eager,mha96,32,32,96,32,128,fp16,ragged,packed,identity,1234,pass,q_maxdiff=0.00e+00 k_maxdiff=0.00e+00 cases=5,ragged[0]|ragged[1]|uniform|permuted-requests|strided-qkv,0.033743999898433685,0.03558399900794029,0.0326399989426136,0.0009963296875628532,0.032829990377649665,0.03774598008021712,602112,589824,1191936,35.32290195553631,6.388811200726657,9.681512846815819
graph_compile,mha96,32,32,96,32,128,fp16,ragged,packed,identity,1234,pass,q_maxdiff=9.77e-04 k_maxdiff=9.77e-04 cases=5,ragged[0]|ragged[1]|uniform|permuted-requests|strided-qkv,0.010847999714314938,0.01190400030463934,0.007584000006318092,0.0012086846654577263,0.0058880599681288,0.010023533832281828,602112,589824,1191936,109.87610908830781,19.873160968464006,30.115503053391112
eager,mha96,32,32,96,32,128,fp16,ragged,packed,permuted,1234,pass,q_maxdiff=0.00e+00 k_maxdiff=0.00e+00 cases=5,ragged[0]|ragged[1]|uniform|permuted-requests|strided-qkv,0.09179199859499931,0.09939199686050415,0.08777599781751633,0.0034864014775621856,0.07929609972052276,0.08987396722659469,602112,589824,1191936,12.985184092777066,2.3486147791554566,3.559057145722014
compile,mha96,32,32,96,32,128,fp16,ragged,packed,permuted,1234,pass,q_maxdiff=9.77e-04 k_maxdiff=9.77e-04 cases=5,ragged[0]|ragged[1]|uniform|permuted-requests|strided-qkv,0.026623999699950218,0.03222399950027466,0.025119999423623085,0.0026239507703441434,0.01918104011565447,0.024640990886837244,602112,589824,1191936,44.76923127377547,8.097357532228164,12.270619448671653
graph_eager,mha96,32,32,96,32,128,fp16,ragged,packed,permuted,1234,pass,q_maxdiff=0.00e+00 k_maxdiff=0.00e+00 cases=5,ragged[0]|ragged[1]|uniform|permuted-requests|strided-qkv,0.0339680016040802,0.03590400144457817,0.033055998384952545,0.000997780737297063,0.03297585994005203,0.03883300814777613,602112,589824,1191936,35.08996537072778,6.346680238101984,9.617668190418225
graph_compile,mha96,32,32,96,32,128,fp16,ragged,packed,permuted,1234,pass,q_maxdiff=9.77e-04 k_maxdiff=9.77e-04 cases=5,ragged[0]|ragged[1]|uniform|permuted-requests|strided-qkv,0.010463999584317207,0.011359999887645245,0.009759999811649323,0.0007407161348203624,0.005883959820494056,0.011266034562140703,602112,589824,1191936,113.9082614057439,20.602451555095268,31.22065954678214
eager,mha96,32,32,96,32,128,fp16,ragged,strided,identity,1234,pass,q_maxdiff=0.00e+00 k_maxdiff=0.00e+00 cases=5,ragged[0]|ragged[1]|uniform|permuted-requests|strided-qkv,0.09320000186562538,0.14073599874973297,0.09081599861383438,0.015477905613990305,0.0797434407286346,0.0904445187188685,602112,589824,1191936,12.789012619533192,2.3131334784655766,3.505289291631767
compile,mha96,32,32,96,32,128,fp16,ragged,strided,identity,1234,pass,q_maxdiff=9.77e-04 k_maxdiff=9.77e-04 cases=5,ragged[0]|ragged[1]|uniform|permuted-requests|strided-qkv,0.026768000796437263,0.03340800106525421,0.02486399933695793,0.0026214465512075812,0.019291049102321267,0.024726439733058214,602112,589824,1191936,44.528390785113956,8.053796999928581,12.204608442895712
graph_eager,mha96,32,32,96,32,128,fp16,ragged,strided,identity,1234,pass,q_maxdiff=0.00e+00 k_maxdiff=0.00e+00 cases=5,ragged[0]|ragged[1]|uniform|permuted-requests|strided-qkv,0.035840000957250595,0.037696000188589096,0.0344959981739521,0.0009469047005998102,0.03437418956309557,0.03902346361428499,602112,589824,1191936,33.25714196887782,6.015179652633872,9.1153169585378
graph_compile,mha96,32,32,96,32,128,fp16,ragged,strided,identity,1234,pass,q_maxdiff=9.77e-04 k_maxdiff=9.77e-04 cases=5,ragged[0]|ragged[1]|uniform|permuted-requests|strided-qkv,0.010688000358641148,0.011359999887645245,0.0098879998549819,0.0009215308466452794,0.005930040497332811,0.009768002200871706,602112,589824,1191936,111.52095434169134,20.170662170135,30.566332106782653
eager,mha96,32,32,96,32,128,fp16,ragged,strided,permuted,1234,pass,q_maxdiff=0.00e+00 k_maxdiff=0.00e+00 cases=5,ragged[0]|ragged[1]|uniform|permuted-requests|strided-qkv,0.09249599650502205,0.10153599828481674,0.0907839983701706,0.0036217580567384023,0.07982429000549018,0.09141204645857215,602112,589824,1191936,12.88635232915496,2.3307391957956494,3.5319687431217592
compile,mha96,32,32,96,32,128,fp16,ragged,strided,permuted,1234,pass,q_maxdiff=9.77e-04 k_maxdiff=9.77e-04 cases=5,ragged[0]|ragged[1]|uniform|permuted-requests|strided-qkv,0.0272000003606081,0.030719999223947525,0.025536000728607178,0.0020503875519152534,0.01936288899742067,0.024801469407975674,602112,589824,1191936,43.82117588962239,7.9258838842019985,12.010770742222654
graph_eager,mha96,32,32,96,32,128,fp16,ragged,strided,permuted,1234,pass,q_maxdiff=0.00e+00 k_maxdiff=0.00e+00 cases=5,ragged[0]|ragged[1]|uniform|permuted-requests|strided-qkv,0.03574400022625923,0.036768000572919846,0.03308799862861633,0.001157281442846001,0.034174120519310236,0.039924983866512775,602112,589824,1191936,33.34646353108367,6.031335137191893,9.139798748088449
graph_compile,mha96,32,32,96,32,128,fp16,ragged,strided,permuted,1234,pass,q_maxdiff=9.77e-04 k_maxdiff=9.77e-04 cases=5,ragged[0]|ragged[1]|uniform|permuted-requests|strided-qkv,0.01071999967098236,0.01235199999064207,0.006207999773323536,0.0016743169601126674,0.005872040055692196,0.011230935342609882,602112,589824,1191936,111.18806311407033,20.110452530328907,30.475091282320893
eager,mha96,32,32,96,32,128,fp32,uniform,packed,identity,1234,pass,q_maxdiff=0.00e+00 k_maxdiff=0.00e+00 cases=4,uniform[0]|uniform[1]|permuted-requests|strided-qkv,0.07579200342297554,0.08364800363779068,0.07372800260782242,0.003197975120510755,0.0643016304820776,0.07475551683455706,1191936,1179648,2371584,31.29068889714927,5.659509627951951,8.576339705180608
compile,mha96,32,32,96,32,128,fp32,uniform,packed,identity,1234,pass,q_maxdiff=4.77e-07 k_maxdiff=4.77e-07 cases=4,uniform[0]|uniform[1]|permuted-requests|strided-qkv,0.027055999264121056,0.03388800099492073,0.025536000728607178,0.0028863163288147995,0.02023823093622923,0.024395936634391546,1191936,1179648,2371584,87.65464460759932,15.853991157625499,24.024910776577308
graph_eager,mha96,32,32,96,32,128,fp32,uniform,packed,identity,1234,pass,q_maxdiff=0.00e+00 k_maxdiff=0.00e+00 cases=4,uniform[0]|uniform[1]|permuted-requests|strided-qkv,0.027712000533938408,0.02937600016593933,0.026528000831604004,0.0009431849198013778,0.02683421946130693,0.032005016691982746,1191936,1179648,2371584,85.57967502546639,15.478693880969546,23.45619066712935
graph_compile,mha96,32,32,96,32,128,fp32,uniform,packed,identity,1234,pass,q_maxdiff=4.77e-07 k_maxdiff=4.77e-07 cases=4,uniform[0]|uniform[1]|permuted-requests|strided-qkv,0.01104000024497509,0.013439999893307686,0.007872000336647034,0.0014032674025307049,0.005972919752821326,0.011351017747074366,1191936,1179648,2371584,214.81738653759885,38.85376481665695,58.87843785035317
eager,mha96,32,32,96,32,128,fp32,uniform,packed,permuted,1234,pass,q_maxdiff=0.00e+00 k_maxdiff=0.00e+00 cases=4,uniform[0]|uniform[1]|permuted-requests|strided-qkv,0.07550400123000145,0.0822720006108284,0.07152000069618225,0.0033146637046737194,0.06427327054552734,0.07406400982290506,1191936,1179648,2371584,31.410043989266796,5.6810972412897245,8.609053264760828
compile,mha96,32,32,96,32,128,fp32,uniform,packed,permuted,1234,pass,q_maxdiff=4.77e-07 k_maxdiff=4.77e-07 cases=4,uniform[0]|uniform[1]|permuted-requests|strided-qkv,0.02691200003027916,0.033504001796245575,0.025119999423623085,0.00239313740493101,0.0194672797806561,0.024685985408723354,1191936,1179648,2371584,88.12366220762817,15.938821812257842,24.15346193372113
graph_eager,mha96,32,32,96,32,128,fp32,uniform,packed,permuted,1234,pass,q_maxdiff=0.00e+00 k_maxdiff=0.00e+00 cases=4,uniform[0]|uniform[1]|permuted-requests|strided-qkv,0.02777600008994341,0.02937600016593933,0.026464000344276428,0.0008048846496649494,0.026849349960684776,0.031353498343378305,1191936,1179648,2371584,85.38248820277967,15.443028935235406,23.402144519973398
graph_compile,mha96,32,32,96,32,128,fp32,uniform,packed,permuted,1234,pass,q_maxdiff=4.77e-07 k_maxdiff=4.77e-07 cases=4,uniform[0]|uniform[1]|permuted-requests|strided-qkv,0.010879999957978725,0.015168000012636185,0.00863999966531992,0.0015227991195277848,0.006197239272296429,0.0120375188998878,1191936,1179648,2371584,217.9764714301148,39.42514473812427,59.74429878696518
eager,mha96,32,32,96,32,128,fp32,uniform,strided,identity,1234,pass,q_maxdiff=0.00e+00 k_maxdiff=0.00e+00 cases=4,uniform[0]|uniform[1]|permuted-requests|strided-qkv,0.0751039981842041,0.08316799998283386,0.07344000041484833,0.00308703889601942,0.0637555995490402,0.07329246727749705,1191936,1179648,2371584,31.57733352868013,5.7113547010112855,8.654904985183085
compile,mha96,32,32,96,32,128,fp32,uniform,strided,identity,1234,pass,q_maxdiff=4.77e-07 k_maxdiff=4.77e-07 cases=4,uniform[0]|uniform[1]|permuted-requests|strided-qkv,0.026704000309109688,0.03177599981427193,0.02534399926662445,0.00261464492155758,0.01927121076732874,0.024551525712013245,1191936,1179648,2371584,88.81006487971646,16.0629706459286,24.34159529536499
graph_eager,mha96,32,32,96,32,128,fp32,uniform,strided,identity,1234,pass,q_maxdiff=0.00e+00 k_maxdiff=0.00e+00 cases=4,uniform[0]|uniform[1]|permuted-requests|strided-qkv,0.02759999968111515,0.028672000393271446,0.02643200010061264,0.0009563377244716536,0.026859870413318276,0.03153452416881919,1191936,1179648,2371584,85.92695751452192,15.5415064510887,23.55137593484879
graph_compile,mha96,32,32,96,32,128,fp32,uniform,strided,identity,1234,pass,q_maxdiff=4.77e-07 k_maxdiff=4.77e-07 cases=4,uniform[0]|uniform[1]|permuted-requests|strided-qkv,0.01104000024497509,0.014655999839305878,0.006463999859988689,0.0017719651049653473,0.005967210745438933,0.011206022463738918,1191936,1179648,2371584,214.81738653759885,38.85376481665695,58.87843785035317
eager,mha96,32,32,96,32,128,fp32,uniform,strided,permuted,1234,pass,q_maxdiff=0.00e+00 k_maxdiff=0.00e+00 cases=4,uniform[0]|uniform[1]|permuted-requests|strided-qkv,0.07635200023651123,0.08406399935483932,0.07507199794054031,0.003112909529414581,0.06501636933535337,0.07425452349707484,1191936,1179648,2371584,31.061190180397105,5.618000468427508,8.51343732028141
compile,mha96,32,32,96,32,128,fp32,uniform,strided,permuted,1234,pass,q_maxdiff=4.77e-07 k_maxdiff=4.77e-07 cases=4,uniform[0]|uniform[1]|permuted-requests|strided-qkv,0.026928000152111053,0.03296000137925148,0.02566399984061718,0.002923733171536909,0.019565169932320714,0.02495700027793646,1191936,1179648,2371584,88.07130075027412,15.929351257838189,24.139110391407606
graph_eager,mha96,32,32,96,32,128,fp32,uniform,strided,permuted,1234,pass,q_maxdiff=0.00e+00 k_maxdiff=0.00e+00 cases=4,uniform[0]|uniform[1]|permuted-requests|strided-qkv,0.02763199992477894,0.02937600016593933,0.02672000043094158,0.0011158995642133358,0.026836830656975508,0.031694071367383,1191936,1179648,2371584,85.82744667255471,15.52350804363752,23.524101406382364
graph_compile,mha96,32,32,96,32,128,fp32,uniform,strided,permuted,1234,pass,q_maxdiff=4.77e-07 k_maxdiff=4.77e-07 cases=4,uniform[0]|uniform[1]|permuted-requests|strided-qkv,0.010672000236809254,0.014175999909639359,0.008128000423312187,0.0013591912542018653,0.005880049429833889,0.011215975973755121,1191936,1179648,2371584,222.22488262510225,40.19354981033477,60.90872881071017
eager,mha96,32,32,96,32,128,fp32,ragged,packed,identity,1234,pass,q_maxdiff=0.00e+00 k_maxdiff=0.00e+00 cases=5,ragged[0]|ragged[1]|uniform|permuted-requests|strided-qkv,0.07550400123000145,0.08425600081682205,0.07417599856853485,0.003427070981384692,0.06435813033021986,0.07375853601843119,1191936,1179648,2371584,31.410043989266796,5.6810972412897245,8.609053264760828
compile,mha96,32,32,96,32,128,fp32,ragged,packed,identity,1234,pass,q_maxdiff=4.77e-07 k_maxdiff=4.77e-07 cases=5,ragged[0]|ragged[1]|uniform|permuted-requests|strided-qkv,0.026335999369621277,0.032127998769283295,0.025280000641942024,0.003142255636209374,0.019330730428919196,0.024406006559729576,1191936,1179648,2371584,90.05103496226673,16.28742342653943,24.681727819353195
graph_eager,mha96,32,32,96,32,128,fp32,ragged,packed,identity,1234,pass,q_maxdiff=0.00e+00 k_maxdiff=0.00e+00 cases=5,ragged[0]|ragged[1]|uniform|permuted-requests|strided-qkv,0.027855999767780304,0.02937600016593933,0.026464000344276428,0.0010112506916880478,0.026819000486284494,0.03172451397404075,1191936,1179648,2371584,85.1372781365075,15.39867808263834,23.334935874155708
graph_compile,mha96,32,32,96,32,128,fp32,ragged,packed,identity,1234,pass,q_maxdiff=4.77e-07 k_maxdiff=4.77e-07 cases=5,ragged[0]|ragged[1]|uniform|permuted-requests|strided-qkv,0.010879999957978725,0.014976000413298607,0.006399999838322401,0.0017316014452995094,0.005955189699307084,0.010374467819929123,1191936,1179648,2371584,217.9764714301148,39.42514473812427,59.74429878696518
eager,mha96,32,32,96,32,128,fp32,ragged,packed,permuted,1234,pass,q_maxdiff=0.00e+00 k_maxdiff=0.00e+00 cases=5,ragged[0]|ragged[1]|uniform|permuted-requests|strided-qkv,0.07606399804353714,0.08336000144481659,0.07433599978685379,0.003275462660151745,0.0640604691579938,0.07451942656189203,1191936,1179648,2371584,31.178797604650814,5.639271983160541,8.545671868570404
compile,mha96,32,32,96,32,128,fp32,ragged,packed,permuted,1234,pass,q_maxdiff=4.77e-07 k_maxdiff=4.77e-07 cases=5,ragged[0]|ragged[1]|uniform|permuted-requests|strided-qkv,0.026751999743282795,0.03280000016093254,0.025599999353289604,0.002810173248140428,0.01950314035639167,0.02458097878843546,1191936,1179648,2371584,88.65071855405819,16.03414986581711,24.297920698614828
graph_eager,mha96,32,32,96,32,128,fp32,ragged,packed,permuted,1234,pass,q_maxdiff=0.00e+00 k_maxdiff=0.00e+00 cases=5,ragged[0]|ragged[1]|uniform|permuted-requests|strided-qkv,0.02779199928045273,0.029440000653266907,0.026367999613285065,0.0008747231941974413,0.026789939729496837,0.032726500649005175,1191936,1179648,2371584,85.33333554265144,15.434138752147728,23.38867246405099
graph_compile,mha96,32,32,96,32,128,fp32,ragged,packed,permuted,1234,pass,q_maxdiff=4.77e-07 k_maxdiff=4.77e-07 cases=5,ragged[0]|ragged[1]|uniform|permuted-requests|strided-qkv,0.010960000101476908,0.014751999638974667,0.0063680000603199005,0.0018990164952473782,0.006054680561646819,0.011271040420979261,1191936,1179648,2371584,216.38539945637584,39.13736944548888,59.30820823660915
eager,mha96,32,32,96,32,128,fp32,ragged,strided,identity,1234,pass,q_maxdiff=0.00e+00 k_maxdiff=0.00e+00 cases=5,ragged[0]|ragged[1]|uniform|permuted-requests|strided-qkv,0.07539200037717819,0.08191999793052673,0.0740479975938797,0.002814997965860449,0.0636515999212861,0.07424951763823628,1191936,1179648,2371584,31.45670612445905,5.689536966098896,8.621842702669761
compile,mha96,32,32,96,32,128,fp32,ragged,strided,identity,1234,pass,q_maxdiff=4.77e-07 k_maxdiff=4.77e-07 cases=5,ragged[0]|ragged[1]|uniform|permuted-requests|strided-qkv,0.02659199945628643,0.03379200026392937,0.022175999358296394,0.0026270640431391074,0.01954542938619852,0.024936511181294918,1191936,1179648,2371584,89.18411734696957,16.130625070116462,24.444117839284306
graph_eager,mha96,32,32,96,32,128,fp32,ragged,strided,identity,1234,pass,q_maxdiff=0.00e+00 k_maxdiff=0.00e+00 cases=5,ragged[0]|ragged[1]|uniform|permuted-requests|strided-qkv,0.027648000046610832,0.02937600016593933,0.026464000344276428,0.0009750162526508223,0.02685636980459094,0.031795003451406956,1191936,1179648,2371584,85.7777776331679,15.514524463648447,23.51048781813535
graph_compile,mha96,32,32,96,32,128,fp32,ragged,strided,identity,1234,pass,q_maxdiff=4.77e-07 k_maxdiff=4.77e-07 cases=5,ragged[0]|ragged[1]|uniform|permuted-requests|strided-qkv,0.01104000024497509,0.012319999746978283,0.006175999995321035,0.0019173905423630526,0.005887659499421716,0.011100550182163715,1191936,1179648,2371584,214.81738653759885,38.85376481665695,58.87843785035317
eager,mha96,32,32,96,32,128,fp32,ragged,strided,permuted,1234,pass,q_maxdiff=0.00e+00 k_maxdiff=0.00e+00 cases=5,ragged[0]|ragged[1]|uniform|permuted-requests|strided-qkv,0.07587199658155441,0.0867839977145195,0.07318399846553802,0.003866018194708117,0.06441793986596167,0.07664895383641124,1191936,1179648,2371584,31.257698582517158,5.653542709041878,8.567297521859054
compile,mha96,32,32,96,32,128,fp32,ragged,strided,permuted,1234,pass,q_maxdiff=4.77e-07 k_maxdiff=4.77e-07 cases=5,ragged[0]|ragged[1]|uniform|permuted-requests|strided-qkv,0.02696000039577484,0.030848000198602676,0.025439999997615814,0.002366397251804231,0.019520879723131657,0.024595996364951134,1191936,1179648,2371584,87.96676428727625,15.91044387229762,24.110458410583707
graph_eager,mha96,32,32,96,32,128,fp32,ragged,strided,permuted,1234,pass,q_maxdiff=0.00e+00 k_maxdiff=0.00e+00 cases=5,ragged[0]|ragged[1]|uniform|permuted-requests|strided-qkv,0.027615999802947044,0.029664000496268272,0.026399999856948853,0.0009439043552520521,0.02676449017599225,0.032476556953042746,1191936,1179648,2371584,85.87717326630761,15.53250203341623,23.537730769475267
graph_compile,mha96,32,32,96,32,128,fp32,ragged,strided,permuted,1234,pass,q_maxdiff=4.77e-07 k_maxdiff=4.77e-07 cases=5,ragged[0]|ragged[1]|uniform|permuted-requests|strided-qkv,0.010623999871313572,0.015200000256299973,0.006976000033318996,0.0019499340566844897,0.005949169863015413,0.011191004887223244,1191936,1179648,2371584,223.22891836657868,40.37514855890727,61.18392094928368
eager,mha96,32,32,96,32,2048,bf16,uniform,packed,identity,1234,pass,q_maxdiff=0.00e+00 k_maxdiff=0.00e+00 cases=4,uniform[0]|uniform[1]|permuted-requests|strided-qkv,0.09217600151896477,0.10131199657917023,0.08975999802350998,0.004210181570369176,0.079362130491063,0.09248900460079312,602112,589824,1191936,12.931088139625636,2.338830508547031,3.544230202396248
compile,mha96,32,32,96,32,2048,bf16,uniform,packed,identity,1234,pass,q_maxdiff=3.91e-03 k_maxdiff=3.91e-03 cases=4,uniform[0]|uniform[1]|permuted-requests|strided-qkv,0.02638399973511696,0.03001599945127964,0.025248000398278236,0.0023060183603367066,0.019256690284237266,0.02419052179902792,602112,589824,1191936,45.17647104178597,8.171014503971932,12.38223816705133
graph_eager,mha96,32,32,96,32,2048,bf16,uniform,packed,identity,1234,pass,q_maxdiff=0.00e+00 k_maxdiff=0.00e+00 cases=4,uniform[0]|uniform[1]|permuted-requests|strided-qkv,0.03376000002026558,0.035232000052928925,0.03270399942994118,0.0008833273254536667,0.032944310223683715,0.03841746365651488,602112,589824,1191936,35.30616111624705,6.38578330506578,9.676924417166141
graph_compile,mha96,32,32,96,32,2048,bf16,uniform,packed,identity,1234,pass,q_maxdiff=3.91e-03 k_maxdiff=3.91e-03 cases=4,uniform[0]|uniform[1]|permuted-requests|strided-qkv,0.010847999714314938,0.014688000082969666,0.009216000325977802,0.0012311947644798493,0.006001369329169393,0.011146010365337133,602112,589824,1191936,109.87610908830781,19.873160968464006,30.115503053391112
eager,mha96,32,32,96,32,2048,bf16,uniform,packed,permuted,1234,pass,q_maxdiff=0.00e+00 k_maxdiff=0.00e+00 cases=4,uniform[0]|uniform[1]|permuted-requests|strided-qkv,0.09195199981331825,0.10038399696350098,0.08956799656152725,0.0041905037807195055,0.0788001692853868,0.09183294605463743,602112,589824,1191936,12.962589203278654,2.344528068406482,3.5528642028764166
compile,mha96,32,32,96,32,2048,bf16,uniform,packed,permuted,1234,pass,q_maxdiff=3.91e-03 k_maxdiff=3.91e-03 cases=4,uniform[0]|uniform[1]|permuted-requests|strided-qkv,0.026944000273942947,0.03359999880194664,0.025407999753952026,0.002644467912833331,0.019586409907788038,0.024787033908069134,602112,589824,1191936,44.23752924144302,8.001189218993575,12.1248873663194
graph_eager,mha96,32,32,96,32,2048,bf16,uniform,packed,permuted,1234,pass,q_maxdiff=0.00e+00 k_maxdiff=0.00e+00 cases=4,uniform[0]|uniform[1]|permuted-requests|strided-qkv,0.03380800038576126,0.03548799827694893,0.03296000137925148,0.0007827149690488188,0.032981669064611197,0.038181955460458994,602112,589824,1191936,35.25603367249136,6.376716814024549,9.663185186700037
graph_compile,mha96,32,32,96,32,2048,bf16,uniform,packed,permuted,1234,pass,q_maxdiff=3.91e-03 k_maxdiff=3.91e-03 cases=4,uniform[0]|uniform[1]|permuted-requests|strided-qkv,0.010463999584317207,0.011680000461637974,0.007903999648988247,0.001127530147086091,0.005912809865549207,0.011235999409109354,602112,589824,1191936,113.9082614057439,20.602451555095268,31.22065954678214
eager,mha96,32,32,96,32,2048,bf16,uniform,strided,identity,1234,pass,q_maxdiff=0.00e+00 k_maxdiff=0.00e+00 cases=4,uniform[0]|uniform[1]|permuted-requests|strided-qkv,0.09355199709534645,0.10127999633550644,0.09187199920415878,0.0034026004804784127,0.07912778994068503,0.09032950038090348,602112,589824,1191936,12.740893161106985,2.3044301693390157,3.4921004218293494
compile,mha96,32,32,96,32,2048,bf16,uniform,strided,identity,1234,pass,q_maxdiff=3.91e-03 k_maxdiff=3.91e-03 cases=4,uniform[0]|uniform[1]|permuted-requests|strided-qkv,0.026783999986946583,0.03311999887228012,0.025599999353289604,0.0026199676267113802,0.01937550026923418,0.02481148112565279,602112,589824,1191936,44.501792136383685,8.048986134016543,12.197318125703932
graph_eager,mha96,32,32,96,32,2048,bf16,uniform,strided,identity,1234,pass,q_maxdiff=0.00e+00 k_maxdiff=0.00e+00 cases=4,uniform[0]|uniform[1]|permuted-requests|strided-qkv,0.03574400022625923,0.03763199970126152,0.03276799991726875,0.0014338554738336357,0.03403285052627325,0.03921397728845477,602112,589824,1191936,33.34646353108367,6.031335137191893,9.139798748088449
graph_compile,mha96,32,32,96,32,2048,bf16,uniform,strided,identity,1234,pass,q_maxdiff=3.91e-03 k_maxdiff=3.91e-03 cases=4,uniform[0]|uniform[1]|permuted-requests|strided-qkv,0.01071999967098236,0.011744000017642975,0.004863999783992767,0.001000880247015381,0.005963209550827742,0.011175987310707569,602112,589824,1191936,111.18806311407033,20.110452530328907,30.475091282320893
eager,mha96,32,32,96,32,2048,bf16,uniform,strided,permuted,1234,pass,q_maxdiff=0.00e+00 k_maxdiff=0.00e+00 cases=4,uniform[0]|uniform[1]|permuted-requests|strided-qkv,0.09267199784517288,0.10076799988746643,0.09081599861383438,0.003544505250413037,0.08018135908059776,0.08986401371657848,602112,589824,1191936,12.861878752105545,2.3263126890671826,3.525260878323173
compile,mha96,32,32,96,32,2048,bf16,uniform,strided,permuted,1234,pass,q_maxdiff=3.91e-03 k_maxdiff=3.91e-03 cases=4,uniform[0]|uniform[1]|permuted-requests|strided-qkv,0.026480000466108322,0.03315199911594391,0.02518399991095066,0.0025883426009144267,0.018913740059360862,0.02464646240696311,602112,589824,1191936,45.012688029426414,8.14139126562168,12.33734753659732
graph_eager,mha96,32,32,96,32,2048,bf16,uniform,strided,permuted,1234,pass,q_maxdiff=0.00e+00 k_maxdiff=0.00e+00 cases=4,uniform[0]|uniform[1]|permuted-requests|strided-qkv,0.03574400022625923,0.037087999284267426,0.03283200040459633,0.0013011536712457345,0.03430565935559571,0.03886298509314656,602112,589824,1191936,33.34646353108367,6.031335137191893,9.139798748088449
graph_compile,mha96,32,32,96,32,2048,bf16,uniform,strided,permuted,1234,pass,q_maxdiff=3.91e-03 k_maxdiff=3.91e-03 cases=4,uniform[0]|uniform[1]|permuted-requests|strided-qkv,0.01056000031530857,0.011487999930977821,0.0098879998549819,0.0009508867569462552,0.0059776403941214085,0.011196010746061802,602112,589824,1191936,112.872723902487,20.415155120393834,30.936833216381505
eager,mha96,32,32,96,32,2048,bf16,ragged,packed,identity,1234,pass,q_maxdiff=0.00e+00 k_maxdiff=0.00e+00 cases=5,ragged[0]|ragged[1]|uniform|permuted-requests|strided-qkv,0.09214400127530098,0.1005759984254837,0.08902399986982346,0.004019707161011994,0.07892841007560492,0.09054504334926605,602112,589824,1191936,12.935578914560292,2.339642749660136,3.545461060927542
compile,mha96,32,32,96,32,2048,bf16,ragged,packed,identity,1234,pass,q_maxdiff=3.91e-03 k_maxdiff=3.91e-03 cases=5,ragged[0]|ragged[1]|uniform|permuted-requests|strided-qkv,0.02687999978661537,0.03283200040459633,0.02550400048494339,0.0026416555325423203,0.0192609999794513,0.02484151627868414,602112,589824,1191936,44.3428574948692,8.02023981472575,12.153756365813324
graph_eager,mha96,32,32,96,32,2048,bf16,ragged,packed,identity,1234,pass,q_maxdiff=0.00e+00 k_maxdiff=0.00e+00 cases=5,ragged[0]|ragged[1]|uniform|permuted-requests|strided-qkv,0.03376000002026558,0.03551999852061272,0.032896000891923904,0.0009822951804557404,0.033002509735524654,0.038071011658757925,602112,589824,1191936,35.30616111624705,6.38578330506578,9.676924417166141
graph_compile,mha96,32,32,96,32,2048,bf16,ragged,packed,identity,1234,pass,q_maxdiff=3.91e-03 k_maxdiff=3.91e-03 cases=5,ragged[0]|ragged[1]|uniform|permuted-requests|strided-qkv,0.01080000028014183,0.01152000017464161,0.005311999935656786,0.0017876430415657873,0.0059204199351370335,0.010118936188519001,602112,589824,1191936,110.36444158169475,19.96148508485049,30.249348152363854
eager,mha96,32,32,96,32,2048,bf16,ragged,packed,permuted,1234,pass,q_maxdiff=0.00e+00 k_maxdiff=0.00e+00 cases=5,ragged[0]|ragged[1]|uniform|permuted-requests|strided-qkv,0.09243200346827507,0.10233599692583084,0.08899199962615967,0.0039013707622971355,0.07935100933536887,0.09077548747882247,602112,589824,1191936,12.895273879994408,2.332352826068798,3.5344140152903476
compile,mha96,32,32,96,32,2048,bf16,ragged,packed,permuted,1234,pass,q_maxdiff=3.91e-03 k_maxdiff=3.91e-03 cases=5,ragged[0]|ragged[1]|uniform|permuted-requests|strided-qkv,0.026768000796437263,0.03215999901294708,0.024224000051617622,0.0023953149383928447,0.019028550013899803,0.024380511604249477,602112,589824,1191936,44.528390785113956,8.053796999928581,12.204608442895712
graph_eager,mha96,32,32,96,32,2048,bf16,ragged,packed,permuted,1234,pass,q_maxdiff=0.00e+00 k_maxdiff=0.00e+00 cases=5,ragged[0]|ragged[1]|uniform|permuted-requests|strided-qkv,0.033824000507593155,0.03606399893760681,0.03280000016093254,0.0011492710909493616,0.03295191912911832,0.0388229382224381,602112,589824,1191936,35.23935614098699,6.373700368767313,9.658614108827784
graph_compile,mha96,32,32,96,32,2048,bf16,ragged,packed,permuted,1234,pass,q_maxdiff=3.91e-03 k_maxdiff=3.91e-03 cases=5,ragged[0]|ragged[1]|uniform|permuted-requests|strided-qkv,0.010751999914646149,0.01414399966597557,0.006047999951988459,0.0017792083644900172,0.005991460056975484,0.011231517419219017,602112,589824,1191936,110.85714373717302,20.050599536814378,30.384390914533313
eager,mha96,32,32,96,32,2048,bf16,ragged,strided,identity,1234,pass,q_maxdiff=0.00e+00 k_maxdiff=0.00e+00 cases=5,ragged[0]|ragged[1]|uniform|permuted-requests|strided-qkv,0.09385599941015244,0.10147199779748917,0.09107200056314468,0.003689234086506631,0.07968312944285572,0.09031005902215838,602112,589824,1191936,12.699625037193606,2.2969660529246094,3.4807894068868537
compile,mha96,32,32,96,32,2048,bf16,ragged,strided,identity,1234,pass,q_maxdiff=3.91e-03 k_maxdiff=3.05e-05 cases=5,ragged[0]|ragged[1]|uniform|permuted-requests|strided-qkv,0.026623999699950218,0.03340800106525421,0.025087999179959297,0.0025061255145635802,0.01975693041458726,0.02488150494173169,602112,589824,1191936,44.76923127377547,8.097357532228164,12.270619448671653
graph_eager,mha96,32,32,96,32,2048,bf16,ragged,strided,identity,1234,pass,q_maxdiff=0.00e+00 k_maxdiff=0.00e+00 cases=5,ragged[0]|ragged[1]|uniform|permuted-requests|strided-qkv,0.03574400022625923,0.037567999213933945,0.033215999603271484,0.001292656600799248,0.03430585958994925,0.039329053834080696,602112,589824,1191936,33.34646353108367,6.031335137191893,9.139798748088449
graph_compile,mha96,32,32,96,32,2048,bf16,ragged,strided,identity,1234,pass,q_maxdiff=3.91e-03 k_maxdiff=3.05e-05 cases=5,ragged[0]|ragged[1]|uniform|permuted-requests|strided-qkv,0.010847999714314938,0.01206399966031313,0.007679999805986881,0.0011321946416827705,0.006150860572233796,0.010710034985095263,602112,589824,1191936,109.87610908830781,19.873160968464006,30.115503053391112
eager,mha96,32,32,96,32,2048,bf16,ragged,strided,permuted,1234,pass,q_maxdiff=0.00e+00 k_maxdiff=0.00e+00 cases=5,ragged[0]|ragged[1]|uniform|permuted-requests|strided-qkv,0.09371199831366539,0.10143999755382538,0.09123200178146362,0.0038593377052614916,0.07990524987690151,0.09129149839282036,602112,589824,1191936,12.71913972008628,2.300495650373887,3.486138108229818
compile,mha96,32,32,96,32,2048,bf16,ragged,strided,permuted,1234,pass,q_maxdiff=3.91e-03 k_maxdiff=3.05e-05 cases=5,ragged[0]|ragged[1]|uniform|permuted-requests|strided-qkv,0.026655999943614006,0.03171199932694435,0.02454400062561035,0.002543266078671738,0.01935016014613211,0.024801527615636587,602112,589824,1191936,44.71548628906539,8.08763674086366,12.255888700881522
graph_eager,mha96,32,32,96,32,2048,bf16,ragged,strided,permuted,1234,pass,q_maxdiff=0.00e+00 k_maxdiff=0.00e+00 cases=5,ragged[0]|ragged[1]|uniform|permuted-requests|strided-qkv,0.0355679988861084,0.036928001791238785,0.03267199918627739,0.001535789157626175,0.03395450999960303,0.039514037780463696,602112,589824,1191936,33.51147203464202,6.06118002867549,9.18502526852114
graph_compile,mha96,32,32,96,32,2048,bf16,ragged,strided,permuted,1234,pass,q_maxdiff=3.91e-03 k_maxdiff=3.05e-05 cases=5,ragged[0]|ragged[1]|uniform|permuted-requests|strided-qkv,0.010528000071644783,0.011648000217974186,0.009727999567985535,0.001192845558645008,0.005842579994350672,0.011195952538400888,602112,589824,1191936,113.21580470067234,20.477207735690275,31.03086685946407
eager,mha96,32,32,96,32,2048,fp16,uniform,packed,identity,1234,pass,q_maxdiff=0.00e+00 k_maxdiff=0.00e+00 cases=4,uniform[0]|uniform[1]|permuted-requests|strided-qkv,0.09267199784517288,0.10268799960613251,0.09059199690818787,0.004160835165149032,0.07928407983854413,0.0915669952519238,602112,589824,1191936,12.861878752105545,2.3263126890671826,3.525260878323173
compile,mha96,32,32,96,32,2048,fp16,uniform,packed,identity,1234,pass,q_maxdiff=9.77e-04 k_maxdiff=4.88e-04 cases=4,uniform[0]|uniform[1]|permuted-requests|strided-qkv,0.027343999594449997,0.034015998244285583,0.025696000084280968,0.002677393689208052,0.019390740199014544,0.024987035430967808,602112,589824,1191936,43.59040439138709,7.8841445182068135,11.947519505739978
graph_eager,mha96,32,32,96,32,2048,fp16,uniform,packed,identity,1234,pass,q_maxdiff=0.00e+00 k_maxdiff=0.00e+00 cases=4,uniform[0]|uniform[1]|permuted-requests|strided-qkv,0.033952001482248306,0.03590400144457817,0.03270399942994118,0.001095536254838012,0.032964940182864666,0.03774598008021712,602112,589824,1191936,35.106501766124154,6.349671156239485,9.622200584859415
graph_compile,mha96,32,32,96,32,2048,fp16,uniform,packed,identity,1234,pass,q_maxdiff=9.77e-04 k_maxdiff=4.88e-04 cases=4,uniform[0]|uniform[1]|permuted-requests|strided-qkv,0.010704000014811754,0.012032000347971916,0.008767999708652496,0.0011007539275560139,0.0060374499298632145,0.011215975973755121,602112,589824,1191936,111.35425993559866,20.14051235146823,30.52064350407073
eager,mha96,32,32,96,32,2048,fp16,uniform,packed,permuted,1234,pass,q_maxdiff=0.00e+00 k_maxdiff=0.00e+00 cases=4,uniform[0]|uniform[1]|permuted-requests|strided-qkv,0.09240000322461128,0.10044799745082855,0.09055999666452408,0.003579462293546319,0.07862444035708904,0.0892974785529077,602112,589824,1191936,12.899739809560103,2.333160573429615,3.5356380640538854
compile,mha96,32,32,96,32,2048,fp16,uniform,packed,permuted,1234,pass,q_maxdiff=9.77e-04 k_maxdiff=4.88e-04 cases=4,uniform[0]|uniform[1]|permuted-requests|strided-qkv,0.026800000108778477,0.03174399957060814,0.025599999353289604,0.0025332375741251257,0.01918926020152867,0.024530920200049877,602112,589824,1191936,44.4752237000766,8.044180732589497,12.19003608931432
graph_eager,mha96,32,32,96,32,2048,fp16,uniform,packed,permuted,1234,pass,q_maxdiff=0.00e+00 k_maxdiff=0.00e+00 cases=4,uniform[0]|uniform[1]|permuted-requests|strided-qkv,0.03377600014209747,0.03551999852061272,0.03283200040459633,0.0010591214298076642,0.03295411937870085,0.038072001188993454,602112,589824,1191936,35.28943613765575,6.382758278110448,9.672340334711699
graph_compile,mha96,32,32,96,32,2048,fp16,uniform,packed,permuted,1234,pass,q_maxdiff=9.77e-04 k_maxdiff=4.88e-04 cases=4,uniform[0]|uniform[1]|permuted-requests|strided-qkv,0.010912000201642513,0.012703999876976013,0.00559999980032444,0.0016969371636042854,0.005971419159322977,0.011211028322577477,602112,589824,1191936,109.23166953576352,19.756601954239496,29.938871195261008
eager,mha96,32,32,96,32,2048,fp16,uniform,strided,identity,1234,pass,q_maxdiff=0.00e+00 k_maxdiff=0.00e+00 cases=4,uniform[0]|uniform[1]|permuted-requests|strided-qkv,0.09284799918532372,0.10143999755382538,0.0907519981265068,0.003465157600766092,0.07990555022843182,0.09011401562020183,602112,589824,1191936,12.837497958581823,2.321902963984486,3.518578444189856
compile,mha96,32,32,96,32,2048,fp16,uniform,strided,identity,1234,pass,q_maxdiff=9.77e-04 k_maxdiff=4.88e-04 cases=4,uniform[0]|uniform[1]|permuted-requests|strided-qkv,0.02691200003027916,0.033952001482248306,0.02505600079894066,0.002632042791259447,0.019162310054525733,0.024550536181777716,602112,589824,1191936,44.29013074683903,8.010703190616637,12.139304702440153
graph_eager,mha96,32,32,96,32,2048,fp16,uniform,strided,identity,1234,pass,q_maxdiff=0.00e+00 k_maxdiff=0.00e+00 cases=4,uniform[0]|uniform[1]|permuted-requests|strided-qkv,0.03572800010442734,0.037567999213933945,0.03308799862861633,0.001280663257122442,0.034008610527962446,0.03910850500687957,602112,589824,1191936,33.36139712595606,6.034036158707846,9.143891837347882
graph_compile,mha96,32,32,96,32,2048,fp16,uniform,strided,identity,1234,pass,q_maxdiff=9.77e-04 k_maxdiff=4.88e-04 cases=4,uniform[0]|uniform[1]|permuted-requests|strided-qkv,0.010367999784648418,0.015231999568641186,0.007071999832987785,0.0018312110476117179,0.006259670481085777,0.01123105175793171,602112,589824,1191936,114.96296535083492,20.793214601300537,31.509739130527542
eager,mha96,32,32,96,32,2048,fp16,uniform,strided,permuted,1234,pass,q_maxdiff=0.00e+00 k_maxdiff=0.00e+00 cases=4,uniform[0]|uniform[1]|permuted-requests|strided-qkv,0.09334400296211243,0.10169599950313568,0.09043200314044952,0.003549840143031762,0.07962672039866447,0.09055499685928226,602112,589824,1191936,12.769283105244556,2.3095650247176147,3.499881708011166
compile,mha96,32,32,96,32,2048,fp16,uniform,strided,permuted,1234,pass,q_maxdiff=9.77e-04 k_maxdiff=4.88e-04 cases=4,uniform[0]|uniform[1]|permuted-requests|strided-qkv,0.02715199999511242,0.03280000016093254,0.025599999353289604,0.0026050573309210775,0.01935887965373695,0.024696986656636,602112,589824,1191936,43.89864467496163,7.939895571126959,12.032003851592693
graph_eager,mha96,32,32,96,32,2048,fp16,uniform,strided,permuted,1234,pass,q_maxdiff=0.00e+00 k_maxdiff=0.00e+00 cases=4,uniform[0]|uniform[1]|permuted-requests|strided-qkv,0.035440001636743546,0.03788800165057182,0.03283200040459633,0.0013664876722519945,0.033852210035547614,0.03905349876731634,602112,589824,1191936,33.632504090073816,6.083070952370349,9.218198460265535
graph_compile,mha96,32,32,96,32,2048,fp16,uniform,strided,permuted,1234,pass,q_maxdiff=9.77e-04 k_maxdiff=4.88e-04 cases=4,uniform[0]|uniform[1]|permuted-requests|strided-qkv,0.01071999967098236,0.016607999801635742,0.006144000217318535,0.0021627516779589256,0.005848889704793692,0.011205964256078005,602112,589824,1191936,111.18806311407033,20.110452530328907,30.475091282320893
eager,mha96,32,32,96,32,2048,fp16,ragged,packed,identity,1234,pass,q_maxdiff=0.00e+00 k_maxdiff=0.00e+00 cases=5,ragged[0]|ragged[1]|uniform|permuted-requests|strided-qkv,0.0923520028591156,0.09990400075912476,0.0888959988951683,0.0039077298230591065,0.07897659903392196,0.09016948752105236,602112,589824,1191936,12.906444506875685,2.334373244046575,3.5374757277112066
compile,mha96,32,32,96,32,2048,fp16,ragged,packed,identity,1234,pass,q_maxdiff=9.77e-04 k_maxdiff=9.77e-04 cases=5,ragged[0]|ragged[1]|uniform|permuted-requests|strided-qkv,0.02750399988144636,0.031647998839616776,0.026399999856948853,0.0023213008601534004,0.019789579091593623,0.02499698894098401,602112,589824,1191936,43.33682392152917,7.838279720683859,11.878016649498964
graph_eager,mha96,32,32,96,32,2048,fp16,ragged,packed,identity,1234,pass,q_maxdiff=0.00e+00 k_maxdiff=0.00e+00 cases=5,ragged[0]|ragged[1]|uniform|permuted-requests|strided-qkv,0.03376000002026558,0.03558399900794029,0.03254399821162224,0.0013101118394569092,0.03296504030004144,0.03879243740811944,602112,589824,1191936,35.30616111624705,6.38578330506578,9.676924417166141
graph_compile,mha96,32,32,96,32,2048,fp16,ragged,packed,identity,1234,pass,q_maxdiff=9.77e-04 k_maxdiff=9.77e-04 cases=5,ragged[0]|ragged[1]|uniform|permuted-requests|strided-qkv,0.010991999879479408,0.011807999573647976,0.006752000190317631,0.001124189468837545,0.005939459661021829,0.009919051080942154,602112,589824,1191936,108.43668241164967,19.61281358007462,29.720976355679316
eager,mha96,32,32,96,32,2048,fp16,ragged,packed,permuted,1234,pass,q_maxdiff=0.00e+00 k_maxdiff=0.00e+00 cases=5,ragged[0]|ragged[1]|uniform|permuted-requests|strided-qkv,0.09243200346827507,0.09984000027179718,0.08873599767684937,0.0035583111120687776,0.07899582968093455,0.08993397932499647,602112,589824,1191936,12.895273879994408,2.332352826068798,3.5344140152903476
compile,mha96,32,32,96,32,2048,fp16,ragged,packed,permuted,1234,pass,q_maxdiff=9.77e-04 k_maxdiff=9.77e-04 cases=5,ragged[0]|ragged[1]|uniform|permuted-requests|strided-qkv,0.02696000039577484,0.033440001308918,0.024992000311613083,0.0026113060911253003,0.019820249872282147,0.024716544430702925,602112,589824,1191936,44.21127531536682,7.9964407026573525,12.117691532780412
graph_eager,mha96,32,32,96,32,2048,fp16,ragged,packed,permuted,1234,pass,q_maxdiff=0.00e+00 k_maxdiff=0.00e+00 cases=5,ragged[0]|ragged[1]|uniform|permuted-requests|strided-qkv,0.03376000002026558,0.03551999852061272,0.03244800120592117,0.0009593508803009197,0.03300282056443393,0.038838014006614685,602112,589824,1191936,35.30616111624705,6.38578330506578,9.676924417166141
graph_compile,mha96,32,32,96,32,2048,fp16,ragged,packed,permuted,1234,pass,q_maxdiff=9.77e-04 k_maxdiff=9.77e-04 cases=5,ragged[0]|ragged[1]|uniform|permuted-requests|strided-qkv,0.010495999827980995,0.011615999974310398,0.007104000076651573,0.001221594702005134,0.005929339677095413,0.011170981451869011,602112,589824,1191936,113.5609774709076,20.539638723479467,31.125473882794434
eager,mha96,32,32,96,32,2048,fp16,ragged,strided,identity,1234,pass,q_maxdiff=0.00e+00 k_maxdiff=0.00e+00 cases=5,ragged[0]|ragged[1]|uniform|permuted-requests|strided-qkv,0.09366399794816971,0.10339199751615524,0.09081599861383438,0.004071308726618681,0.08028064970858395,0.09200745262205601,602112,589824,1191936,12.725657948741143,2.3016745946263018,3.487924663438107
compile,mha96,32,32,96,32,2048,fp16,ragged,strided,identity,1234,pass,q_maxdiff=9.77e-04 k_maxdiff=9.77e-04 cases=5,ragged[0]|ragged[1]|uniform|permuted-requests|strided-qkv,0.026688000187277794,0.03468799963593483,0.02505600079894066,0.003197846818544826,0.01948741963133216,0.02442050026729703,602112,589824,1191936,44.66187019019122,8.077939260926769,12.241193278894396
graph_eager,mha96,32,32,96,32,2048,fp16,ragged,strided,identity,1234,pass,q_maxdiff=0.00e+00 k_maxdiff=0.00e+00 cases=5,ragged[0]|ragged[1]|uniform|permuted-requests|strided-qkv,0.03577600046992302,0.03759999945759773,0.03276799991726875,0.001249824138984988,0.03406009986065328,0.039273465517908335,602112,589824,1191936,33.316636413901655,6.025940342036678,9.131623552897956
graph_compile,mha96,32,32,96,32,2048,fp16,ragged,strided,identity,1234,pass,q_maxdiff=9.77e-04 k_maxdiff=9.77e-04 cases=5,ragged[0]|ragged[1]|uniform|permuted-requests|strided-qkv,0.010863999836146832,0.011711999773979187,0.004767999984323978,0.001257537735831256,0.0060719100292772055,0.011001015082001686,602112,589824,1191936,109.71428736902004,19.84389246685539,30.07114998590672
eager,mha96,32,32,96,32,2048,fp16,ragged,strided,permuted,1234,pass,q_maxdiff=0.00e+00 k_maxdiff=0.00e+00 cases=5,ragged[0]|ragged[1]|uniform|permuted-requests|strided-qkv,0.09411200135946274,0.10204800218343735,0.09065599739551544,0.0036550038494360033,0.08026761934161186,0.09106151992455125,602112,589824,1191936,12.665079721845208,2.29071788288727,3.4713210196415534
compile,mha96,32,32,96,32,2048,fp16,ragged,strided,permuted,1234,pass,q_maxdiff=9.77e-04 k_maxdiff=9.77e-04 cases=5,ragged[0]|ragged[1]|uniform|permuted-requests|strided-qkv,0.02691200003027916,0.032255999743938446,0.025280000641942024,0.0024298912675595713,0.019406360806897283,0.02578296698629856,602112,589824,1191936,44.29013074683903,8.010703190616637,12.139304702440153
graph_eager,mha96,32,32,96,32,2048,fp16,ragged,strided,permuted,1234,pass,q_maxdiff=0.00e+00 k_maxdiff=0.00e+00 cases=5,ragged[0]|ragged[1]|uniform|permuted-requests|strided-qkv,0.03577600046992302,0.03750399872660637,0.032896000891923904,0.0013097367125774735,0.03435264923609793,0.039854494389146566,602112,589824,1191936,33.316636413901655,6.025940342036678,9.131623552897956
graph_compile,mha96,32,32,96,32,2048,fp16,ragged,strided,permuted,1234,pass,q_maxdiff=9.77e-04 k_maxdiff=9.77e-04 cases=5,ragged[0]|ragged[1]|uniform|permuted-requests|strided-qkv,0.01080000028014183,0.014271999709308147,0.008895999751985073,0.0012914896633085084,0.005948269972577691,0.011226453352719545,602112,589824,1191936,110.36444158169475,19.96148508485049,30.249348152363854
eager,mha96,32,32,96,32,2048,fp32,uniform,packed,identity,1234,pass,q_maxdiff=0.00e+00 k_maxdiff=0.00e+00 cases=4,uniform[0]|uniform[1]|permuted-requests|strided-qkv,0.07631999999284744,0.08374399691820145,0.07283200323581696,0.0033938533654078408,0.06573341088369489,0.07396400906145573,1191936,1179648,2371584,31.0742138393902,5.620356042116052,8.517006922858595
compile,mha96,32,32,96,32,2048,fp32,uniform,packed,identity,1234,pass,q_maxdiff=4.77e-07 k_maxdiff=2.38e-07 cases=4,uniform[0]|uniform[1]|permuted-requests|strided-qkv,0.02691200003027916,0.032127998769283295,0.02550400048494339,0.0024582977272279965,0.01913985935971141,0.024815963115543127,1191936,1179648,2371584,88.12366220762817,15.938821812257842,24.15346193372113
graph_eager,mha96,32,32,96,32,2048,fp32,uniform,packed,identity,1234,pass,q_maxdiff=0.00e+00 k_maxdiff=0.00e+00 cases=4,uniform[0]|uniform[1]|permuted-requests|strided-qkv,0.02768000029027462,0.028863999992609024,0.026496000587940216,0.0010661587576692147,0.026848349953070283,0.031253963243216276,1191936,1179648,2371584,85.67861181826855,15.49658846083204,23.483307856757275
graph_compile,mha96,32,32,96,32,2048,fp32,uniform,packed,identity,1234,pass,q_maxdiff=4.77e-07 k_maxdiff=2.38e-07 cases=4,uniform[0]|uniform[1]|permuted-requests|strided-qkv,0.011024000123143196,0.015647999942302704,0.006752000190317631,0.0017658455584788576,0.006008989876136184,0.011947995517402887,1191936,1179648,2371584,215.1291703109857,38.9101567763585,58.963893417148704
eager,mha96,32,32,96,32,2048,fp32,uniform,packed,permuted,1234,pass,q_maxdiff=0.00e+00 k_maxdiff=0.00e+00 cases=4,uniform[0]|uniform[1]|permuted-requests|strided-qkv,0.07518399879336357,0.08278399705886841,0.07369600236415863,0.0036210830363930632,0.06397812045179307,0.07426994852721691,1191936,1179648,2371584,31.543733215335944,5.705277452360779,8.645695609755546
compile,mha96,32,32,96,32,2048,fp32,uniform,packed,permuted,1234,pass,q_maxdiff=4.77e-07 k_maxdiff=2.38e-07 cases=4,uniform[0]|uniform[1]|permuted-requests|strided-qkv,0.026688000187277794,0.03081599995493889,0.02534399926662445,0.002630637598269553,0.018995599821209908,0.02458097878843546,1191936,1179648,2371584,88.86330872893718,16.072600797514088,24.356188688934218
graph_eager,mha96,32,32,96,32,2048,fp32,uniform,packed,permuted,1234,pass,q_maxdiff=0.00e+00 k_maxdiff=0.00e+00 cases=4,uniform[0]|uniform[1]|permuted-requests|strided-qkv,0.02763199992477894,0.02937600016593933,0.026367999613285065,0.0009670684208848828,0.026613810332491994,0.031393952667713165,1191936,1179648,2371584,85.82744667255471,15.52350804363752,23.524101406382364
graph_compile,mha96,32,32,96,32,2048,fp32,uniform,packed,permuted,1234,pass,q_maxdiff=4.77e-07 k_maxdiff=2.38e-07 cases=4,uniform[0]|uniform[1]|permuted-requests|strided-qkv,0.010751999914646149,0.0144640002399683,0.007840000092983246,0.0018027084531755005,0.005978739354759455,0.011671509128063917,1191936,1179648,2371584,220.5714303224164,39.89449186190902,60.455540685617834
eager,mha96,32,32,96,32,2048,fp32,uniform,strided,identity,1234,pass,q_maxdiff=0.00e+00 k_maxdiff=0.00e+00 cases=4,uniform[0]|uniform[1]|permuted-requests|strided-qkv,0.07667200267314911,0.08364800363779068,0.07478400319814682,0.003664948349352014,0.06491077016107738,0.07390399696305394,1191936,1179648,2371584,30.93155150922567,5.594552876395857,8.47790517566967
compile,mha96,32,32,96,32,2048,fp32,uniform,strided,identity,1234,pass,q_maxdiff=4.77e-07 k_maxdiff=2.38e-07 cases=4,uniform[0]|uniform[1]|permuted-requests|strided-qkv,0.026863999664783478,0.03094400092959404,0.025472000241279602,0.00269481229182929,0.01895252033136785,0.02459157258272171,1191936,1179648,2371584,88.28112081571211,15.967301163140275,24.19661913351534
graph_eager,mha96,32,32,96,32,2048,fp32,uniform,strided,identity,1234,pass,q_maxdiff=0.00e+00 k_maxdiff=0.00e+00 cases=4,uniform[0]|uniform[1]|permuted-requests|strided-qkv,0.02769599948078394,0.02940800040960312,0.026559999212622643,0.000966928251999095,0.026905459817498922,0.03157899482175708,1191936,1179648,2371584,85.62911772313738,15.487636522802095,23.469742218281223
graph_compile,mha96,32,32,96,32,2048,fp32,uniform,strided,identity,1234,pass,q_maxdiff=4.77e-07 k_maxdiff=2.38e-07 cases=4,uniform[0]|uniform[1]|permuted-requests|strided-qkv,0.010816000401973724,0.013088000006973743,0.006111999973654747,0.0014189132283384204,0.005939260590821505,0.011997530236840248,1191936,1179648,2371584,219.2662640403775,39.65842799116597,60.09781288220302
eager,mha96,32,32,96,32,2048,fp32,uniform,strided,permuted,1234,pass,q_maxdiff=0.00e+00 k_maxdiff=0.00e+00 cases=4,uniform[0]|uniform[1]|permuted-requests|strided-qkv,0.07609599828720093,0.08550400286912918,0.07187200337648392,0.005235037552142269,0.06416335934773088,0.07385399658232927,1191936,1179648,2371584,31.16568615144762,5.636900530237794,8.542078202829494
compile,mha96,32,32,96,32,2048,fp32,uniform,strided,permuted,1234,pass,q_maxdiff=4.77e-07 k_maxdiff=2.38e-07 cases=4,uniform[0]|uniform[1]|permuted-requests|strided-qkv,0.026464000344276428,0.0326399989426136,0.022048000246286392,0.0031875092806705383,0.01988296047784388,0.02474198117852211,1191936,1179648,2371584,89.615476464159,16.20864447981571,24.562347333563043
graph_eager,mha96,32,32,96,32,2048,fp32,uniform,strided,permuted,1234,pass,q_maxdiff=0.00e+00 k_maxdiff=0.00e+00 cases=4,uniform[0]|uniform[1]|permuted-requests|strided-qkv,0.027696000412106514,0.028736000880599022,0.026623999699950218,0.0009837423898541391,0.026788030518218875,0.031474512070417404,1191936,1179648,2371584,85.62911484372053,15.487636002005397,23.469741429073377
graph_compile,mha96,32,32,96,32,2048,fp32,uniform,strided,permuted,1234,pass,q_maxdiff=4.77e-07 k_maxdiff=2.38e-07 cases=4,uniform[0]|uniform[1]|permuted-requests|strided-qkv,0.010735999792814255,0.012384000234305859,0.008224000222980976,0.0010448252068990843,0.006134930299594998,0.011776923201978207,1191936,1179648,2371584,220.9001532942775,39.95394759426096,60.54563904953828
eager,mha96,32,32,96,32,2048,fp32,ragged,packed,identity,1234,pass,q_maxdiff=0.00e+00 k_maxdiff=0.00e+00 cases=5,ragged[0]|ragged[1]|uniform|permuted-requests|strided-qkv,0.07638400048017502,0.0833280012011528,0.07462400197982788,0.003298002047494398,0.06471159984357655,0.07405399810522795,1191936,1179648,2371584,31.04817743364371,5.615646868422758,8.509870708596335
compile,mha96,32,32,96,32,2048,fp32,ragged,packed,identity,1234,pass,q_maxdiff=4.77e-07 k_maxdiff=4.77e-07 cases=5,ragged[0]|ragged[1]|uniform|permuted-requests|strided-qkv,0.0266720000654459,0.03328000009059906,0.02518399991095066,0.0028771869732704225,0.019336339319124818,0.024431035853922367,1191936,1179648,2371584,88.91661645848725,16.082242503058655,24.370799591207287
graph_eager,mha96,32,32,96,32,2048,fp32,ragged,packed,identity,1234,pass,q_maxdiff=0.00e+00 k_maxdiff=0.00e+00 cases=5,ragged[0]|ragged[1]|uniform|permuted-requests|strided-qkv,0.027712000533938408,0.029472000896930695,0.026496000587940216,0.001085286114127809,0.026901549426838756,0.03185501554980874,1191936,1179648,2371584,85.57967502546639,15.478693880969546,23.45619066712935
graph_compile,mha96,32,32,96,32,2048,fp32,ragged,packed,identity,1234,pass,q_maxdiff=4.77e-07 k_maxdiff=4.77e-07 cases=5,ragged[0]|ragged[1]|uniform|permuted-requests|strided-qkv,0.010944000445306301,0.015168000012636185,0.004896000027656555,0.0018105444870582137,0.006294730119407177,0.01019396586343646,1191936,1179648,2371584,216.70174556847104,39.19458658995804,59.39491427656433
eager,mha96,32,32,96,32,2048,fp32,ragged,packed,permuted,1234,pass,q_maxdiff=0.00e+00 k_maxdiff=0.00e+00 cases=5,ragged[0]|ragged[1]|uniform|permuted-requests|strided-qkv,0.07678400352597237,0.08515200018882751,0.07398399710655212,0.004014298982523415,0.06482931086793542,0.07392402039840817,1191936,1179648,2371584,30.88643325556483,5.58639239160023,8.465538894071596
compile,mha96,32,32,96,32,2048,fp32,ragged,packed,permuted,1234,pass,q_maxdiff=4.77e-07 k_maxdiff=4.77e-07 cases=5,ragged[0]|ragged[1]|uniform|permuted-requests|strided-qkv,0.0266720000654459,0.03244800120592117,0.025472000241279602,0.0028584521059184364,0.019173630280420184,0.0247609568759799,1191936,1179648,2371584,88.91661645848725,16.082242503058655,24.370799591207287
graph_eager,mha96,32,32,96,32,2048,fp32,ragged,packed,permuted,1234,pass,q_maxdiff=0.00e+00 k_maxdiff=0.00e+00 cases=5,ragged[0]|ragged[1]|uniform|permuted-requests|strided-qkv,0.02774399984627962,0.02953599952161312,0.026528000831604004,0.001038843477545072,0.02689954941160977,0.03269099397584796,1191936,1179648,2371584,85.48096933175341,15.460841099724032,23.429136818526
graph_compile,mha96,32,32,96,32,2048,fp32,ragged,packed,permuted,1234,pass,q_maxdiff=4.77e-07 k_maxdiff=4.77e-07 cases=5,ragged[0]|ragged[1]|uniform|permuted-requests|strided-qkv,0.010879999957978725,0.01206399966031313,0.006432000081986189,0.001565035428045009,0.0059407600201666355,0.011301424819976091,1191936,1179648,2371584,217.9764714301148,39.42514473812427,59.74429878696518
eager,mha96,32,32,96,32,2048,fp32,ragged,strided,identity,1234,pass,q_maxdiff=0.00e+00 k_maxdiff=0.00e+00 cases=5,ragged[0]|ragged[1]|uniform|permuted-requests|strided-qkv,0.07710399851202965,0.08585599809885025,0.07420799881219864,0.004090467247071868,0.0648215098772198,0.07468042895197868,1191936,1179648,2371584,30.758249192874075,5.563207892871778,8.43040543727748
compile,mha96,32,32,96,32,2048,fp32,ragged,strided,identity,1234,pass,q_maxdiff=4.77e-07 k_maxdiff=4.77e-07 cases=5,ragged[0]|ragged[1]|uniform|permuted-requests|strided-qkv,0.02675200067460537,0.031936001032590866,0.02518399991095066,0.0023370786772687387,0.019643920240923762,0.024501001462340355,1191936,1179648,2371584,88.65071546784358,16.034149307617152,24.29791985272662
graph_eager,mha96,32,32,96,32,2048,fp32,ragged,strided,identity,1234,pass,q_maxdiff=0.00e+00 k_maxdiff=0.00e+00 cases=5,ragged[0]|ragged[1]|uniform|permuted-requests|strided-qkv,0.027696000412106514,0.02953599952161312,0.026559999212622643,0.0009723541834178446,0.026898840442299843,0.03246654523536563,1191936,1179648,2371584,85.62911484372053,15.487636002005397,23.469741429073377
graph_compile,mha96,32,32,96,32,2048,fp32,ragged,strided,identity,1234,pass,q_maxdiff=4.77e-07 k_maxdiff=4.77e-07 cases=5,ragged[0]|ragged[1]|uniform|permuted-requests|strided-qkv,0.011119999922811985,0.011872000060975552,0.006207999773323536,0.0007684321904333809,0.005915110232308507,0.01049495767802,1191936,1179648,2371584,213.27194392644225,38.57424245247899,58.45485366939422
eager,mha96,32,32,96,32,2048,fp32,ragged,strided,permuted,1234,pass,q_maxdiff=0.00e+00 k_maxdiff=0.00e+00 cases=5,ragged[0]|ragged[1]|uniform|permuted-requests|strided-qkv,0.0772159993648529,0.08374399691820145,0.07494399696588516,0.003057897619441782,0.064431979553774,0.07656845264136791,1191936,1179648,2371584,30.71363473253828,5.5551385285747426,8.418177238375861
compile,mha96,32,32,96,32,2048,fp32,ragged,strided,permuted,1234,pass,q_maxdiff=4.77e-07 k_maxdiff=4.77e-07 cases=5,ragged[0]|ragged[1]|uniform|permuted-requests|strided-qkv,0.027023999951779842,0.0331839993596077,0.025439999997615814,0.0028716340521855897,0.019309690687805414,0.024425971787422895,1191936,1179648,2371584,87.75843710152922,15.872763982366948,24.053358845896476
graph_eager,mha96,32,32,96,32,2048,fp32,ragged,strided,permuted,1234,pass,q_maxdiff=0.00e+00 k_maxdiff=0.00e+00 cases=5,ragged[0]|ragged[1]|uniform|permuted-requests|strided-qkv,0.027664000168442726,0.02937600016593933,0.026399999856948853,0.0010585075260415365,0.02676208969205618,0.03265595296397805,1191936,1179648,2371584,85.72816604828348,15.505551275386784,23.496889977362983
graph_compile,mha96,32,32,96,32,2048,fp32,ragged,strided,permuted,1234,pass,q_maxdiff=4.77e-07 k_maxdiff=4.77e-07 cases=5,ragged[0]|ragged[1]|uniform|permuted-requests|strided-qkv,0.01071999967098236,0.014655999839305878,0.006335999816656113,0.0015761803839195586,0.005912110209465027,0.011982512660324574,1191936,1179648,2371584,221.22985753624303,40.01358080776782,60.63600636585497
eager,mha96,32,32,96,128,128,bf16,uniform,packed,identity,1234,pass,q_maxdiff=0.00e+00 k_maxdiff=0.00e+00 cases=4,uniform[0]|uniform[1]|permuted-requests|strided-qkv,0.09536000341176987,0.10412800312042236,0.08454400300979614,0.00520591981346733,0.08040588931180537,0.0979395117610693,2408448,2359296,4767744,49.997313647448316,9.042954563561757,13.703563625473405
compile,mha96,32,32,96,128,128,bf16,uniform,packed,identity,1234,pass,q_maxdiff=1.95e-03 k_maxdiff=7.81e-03 cases=4,uniform[0]|uniform[1]|permuted-requests|strided-qkv,0.026496000587940216,0.03388800099492073,0.020767999812960625,0.0028577312226863195,0.01939414069056511,0.0246714917011559,2408448,2359296,4767744,179.9420249926346,32.545899716888805,49.31958956376734
graph_eager,mha96,32,32,96,128,128,bf16,uniform,packed,identity,1234,pass,q_maxdiff=0.00e+00 k_maxdiff=0.00e+00 cases=4,uniform[0]|uniform[1]|permuted-requests|strided-qkv,0.052191998809576035,0.054048001766204834,0.05110400170087814,0.0008295010930230352,0.051221350440755486,0.055443961173295975,2408448,2359296,4767744,91.35009405168113,16.52238269662725,25.03778172678044
graph_compile,mha96,32,32,96,128,128,bf16,uniform,packed,identity,1234,pass,q_maxdiff=1.95e-03 k_maxdiff=7.81e-03 cases=4,uniform[0]|uniform[1]|permuted-requests|strided-qkv,0.010944000445306301,0.012543999589979649,0.010143999941647053,0.0008807578006303318,0.006419559940695763,0.013190030585974455,2408448,2359296,4767744,435.6491050806568,78.79533469898301,119.40531989278217
eager,mha96,32,32,96,128,128,bf16,ragged,packed,identity,1234,pass,q_maxdiff=0.00e+00 k_maxdiff=0.00e+00 cases=5,ragged[0]|ragged[1]|uniform|permuted-requests|strided-qkv,0.09529599919915199,0.10304000228643417,0.08294399827718735,0.005424388415988327,0.0803588901180774,0.09486352792009711,2408448,2359296,4767744,50.03089363737346,9.04902813633967,13.712767430536347
compile,mha96,32,32,96,128,128,bf16,ragged,packed,identity,1234,pass,q_maxdiff=3.91e-03 k_maxdiff=7.81e-03 cases=5,ragged[0]|ragged[1]|uniform|permuted-requests|strided-qkv,0.026800000108778477,0.03177599981427193,0.02566399984061718,0.002307629958399249,0.019479499896988273,0.025101937353610992,2408448,2359296,4767744,177.9008948003064,32.17672293035799,48.76014435725728
graph_eager,mha96,32,32,96,128,128,bf16,ragged,packed,identity,1234,pass,q_maxdiff=0.00e+00 k_maxdiff=0.00e+00 cases=5,ragged[0]|ragged[1]|uniform|permuted-requests|strided-qkv,0.052191998809576035,0.05411199852824211,0.05100800096988678,0.000942227545915031,0.05131372017785907,0.055660028010606766,2408448,2359296,4767744,91.35009405168113,16.52238269662725,25.03778172678044
graph_compile,mha96,32,32,96,128,128,bf16,ragged,packed,identity,1234,pass,q_maxdiff=3.91e-03 k_maxdiff=7.81e-03 cases=5,ragged[0]|ragged[1]|uniform|permuted-requests|strided-qkv,0.011168000288307667,0.013439999893307686,0.01017600018531084,0.0009807518833026775,0.0063695700373500586,0.011691940017044544,2408448,2359296,4767744,426.91116376416886,77.21491366153988,117.01037252359974
eager,mha96,32,32,96,128,128,fp16,uniform,packed,identity,1234,pass,q_maxdiff=0.00e+00 k_maxdiff=0.00e+00 cases=4,uniform[0]|uniform[1]|permuted-requests|strided-qkv,0.09441599994897842,0.10208000242710114,0.0854400023818016,0.004498268975399562,0.0792390899732709,0.09600049816071987,2408448,2359296,4767744,50.49720389104015,9.13336911646043,13.840576541949645
compile,mha96,32,32,96,128,128,fp16,uniform,packed,identity,1234,pass,q_maxdiff=9.77e-04 k_maxdiff=1.95e-03 cases=4,uniform[0]|uniform[1]|permuted-requests|strided-qkv,0.02659199945628643,0.03433600068092346,0.024992000311613083,0.0027487670426794655,0.019097389886155725,0.02446601865813136,2408448,2359296,4767744,179.29242243846733,32.42840687671082,49.141542599182955
graph_eager,mha96,32,32,96,128,128,fp16,uniform,packed,identity,1234,pass,q_maxdiff=0.00e+00 k_maxdiff=0.00e+00 cases=4,uniform[0]|uniform[1]|permuted-requests|strided-qkv,0.05215999856591225,0.053279999643564224,0.05145600065588951,0.0008238522420153998,0.051409800071269274,0.05627103382721543,2408448,2359296,4767744,91.40613748244675,16.532519205191957,25.05314244645235
graph_compile,mha96,32,32,96,128,128,fp16,uniform,packed,identity,1234,pass,q_maxdiff=9.77e-04 k_maxdiff=1.95e-03 cases=4,uniform[0]|uniform[1]|permuted-requests|strided-qkv,0.011071999557316303,0.012000000104308128,0.010143999941647053,0.0009903248363295287,0.006351429037749767,0.011671974789351225,2408448,2359296,4767744,430.61273397988055,77.88441225721539,118.02492109160568
eager,mha96,32,32,96,128,128,fp16,ragged,packed,identity,1234,pass,q_maxdiff=0.00e+00 k_maxdiff=0.00e+00 cases=5,ragged[0]|ragged[1]|uniform|permuted-requests|strided-qkv,0.09544000029563904,0.10374400019645691,0.08249600231647491,0.005533426925359665,0.08108797017484903,0.09675702312961221,2408448,2359296,4767744,49.955406383395136,9.035374846631598,13.692077431167613
compile,mha96,32,32,96,128,128,fp16,ragged,packed,identity,1234,pass,q_maxdiff=1.95e-03 k_maxdiff=1.95e-03 cases=5,ragged[0]|ragged[1]|uniform|permuted-requests|strided-qkv,0.026895999908447266,0.03286400064826012,0.025248000398278236,0.002600109466269468,0.019436819711700082,0.024601002223789692,2408448,2359296,4767744,177.26591375034127,32.06187466422819,48.58610494224941
graph_eager,mha96,32,32,96,128,128,fp16,ragged,packed,identity,1234,pass,q_maxdiff=0.00e+00 k_maxdiff=0.00e+00 cases=5,ragged[0]|ragged[1]|uniform|permuted-requests|strided-qkv,0.05220799893140793,0.0541439987719059,0.05110400170087814,0.0010868543794507962,0.05133285070769489,0.056200078688561916,2408448,2359296,4767744,91.32209809964125,16.517319102130045,25.030108428316062
graph_compile,mha96,32,32,96,128,128,fp16,ragged,packed,identity,1234,pass,q_maxdiff=1.95e-03 k_maxdiff=1.95e-03 cases=5,ragged[0]|ragged[1]|uniform|permuted-requests|strided-qkv,0.010784000158309937,0.011935999616980553,0.0098879998549819,0.0009028414546573995,0.006369970506057143,0.013069016858935356,2408448,2359296,4767744,442.1127531536682,79.96440702657353,121.17691532780414
eager,mha96,32,32,96,128,128,fp32,uniform,packed,identity,1234,pass,q_maxdiff=0.00e+00 k_maxdiff=0.00e+00 cases=4,uniform[0]|uniform[1]|permuted-requests|strided-qkv,0.07918399944901466,0.08828800171613693,0.0666240006685257,0.006317055346135956,0.06683618994429708,0.08050649194046855,4767744,4718592,9486336,119.80117278754153,21.668295417196678,32.83582404600242
compile,mha96,32,32,96,128,128,fp32,uniform,packed,identity,1234,pass,q_maxdiff=4.77e-07 k_maxdiff=4.77e-07 cases=4,uniform[0]|uniform[1]|permuted-requests|strided-qkv,0.02691200003027916,0.0326399989426136,0.024191999807953835,0.0028650508565257545,0.01941497903317213,0.026549503672868013,4767744,4718592,9486336,352.4946488305127,63.75528724903137,96.61384773488452
graph_eager,mha96,32,32,96,128,128,fp32,uniform,packed,identity,1234,pass,q_maxdiff=0.00e+00 k_maxdiff=0.00e+00 cases=4,uniform[0]|uniform[1]|permuted-requests|strided-qkv,0.04399999976158142,0.0451200008392334,0.04291199892759323,0.0007871288689292716,0.043202879605814815,0.04795496352016926,4767744,4718592,9486336,215.5985466227886,38.99505231076213,59.09254289216724
graph_compile,mha96,32,32,96,128,128,fp32,uniform,packed,identity,1234,pass,q_maxdiff=4.77e-07 k_maxdiff=4.77e-07 cases=4,uniform[0]|uniform[1]|permuted-requests|strided-qkv,0.0122079998254776,0.014655999839305878,0.009664000011980534,0.0011657340889850076,0.008294779108837247,0.0152384745888412,4767744,4718592,9486336,777.0589888281619,140.5457336914128,212.98098872350522
eager,mha96,32,32,96,128,128,fp32,ragged,packed,identity,1234,pass,q_maxdiff=0.00e+00 k_maxdiff=0.00e+00 cases=5,ragged[0]|ragged[1]|uniform|permuted-requests|strided-qkv,0.07939200103282928,0.08915200084447861,0.06803199648857117,0.005791719244277694,0.06706421030685306,0.08076650556176901,4767744,4718592,9486336,119.48730195221201,21.611525973087616,32.74979644475073
compile,mha96,32,32,96,128,128,fp32,ragged,packed,identity,1234,pass,q_maxdiff=4.77e-07 k_maxdiff=4.77e-07 cases=5,ragged[0]|ragged[1]|uniform|permuted-requests|strided-qkv,0.026944000273942947,0.034143999218940735,0.025439999997615814,0.0026860363969390105,0.019570779986679554,0.02611399395391345,4767744,4718592,9486336,352.07600592158775,63.67956780477362,96.49910357524308
graph_eager,mha96,32,32,96,128,128,fp32,ragged,packed,identity,1234,pass,q_maxdiff=0.00e+00 k_maxdiff=0.00e+00 cases=5,ragged[0]|ragged[1]|uniform|permuted-requests|strided-qkv,0.044224001467227936,0.04614400118589401,0.04281599819660187,0.0008904598127651934,0.0430348701775074,0.04802999319508672,4767744,4718592,9486336,214.5065051842905,38.79753607660003,58.79322962426576
graph_compile,mha96,32,32,96,128,128,fp32,ragged,packed,identity,1234,pass,q_maxdiff=4.77e-07 k_maxdiff=4.77e-07 cases=5,ragged[0]|ragged[1]|uniform|permuted-requests|strided-qkv,0.010975999757647514,0.014720000326633453,0.0080960001796484,0.0014006961279111802,0.008256009314209223,0.014192017260938883,4767744,4718592,9486336,864.2799024654139,156.32127644508373,236.8870199140631
eager,mha96,32,32,96,128,2048,bf16,uniform,packed,identity,1234,pass,q_maxdiff=0.00e+00 k_maxdiff=0.00e+00 cases=4,uniform[0]|uniform[1]|permuted-requests|strided-qkv,0.09638400003314018,0.10547199845314026,0.08502399921417236,0.006105307207810515,0.08043454959988594,0.09790348121896386,2408448,2359296,4767744,49.46613544115914,8.946880994119644,13.557975116505183
compile,mha96,32,32,96,128,2048,bf16,uniform,packed,identity,1234,pass,q_maxdiff=3.91e-03 k_maxdiff=3.91e-03 cases=4,uniform[0]|uniform[1]|permuted-requests|strided-qkv,0.027327999472618103,0.03315199911594391,0.025599999353289604,0.0025972143551326776,0.019760229624807835,0.02451101318001747,2408448,2359296,4767744,174.46370360103185,31.5550422524622,47.818058375912166
graph_eager,mha96,32,32,96,128,2048,bf16,uniform,packed,identity,1234,pass,q_maxdiff=0.00e+00 k_maxdiff=0.00e+00 cases=4,uniform[0]|uniform[1]|permuted-requests|strided-qkv,0.05236800014972687,0.05407999828457832,0.051072001457214355,0.0009172719223603434,0.05137684987857938,0.05642598262056708,2408448,2359296,4767744,91.04307948305082,16.466853337309022,24.953633332231902
graph_compile,mha96,32,32,96,128,2048,bf16,uniform,packed,identity,1234,pass,q_maxdiff=3.91e-03 k_maxdiff=3.91e-03 cases=4,uniform[0]|uniform[1]|permuted-requests|strided-qkv,0.010944000445306301,0.01321600005030632,0.008991999551653862,0.0011484768489672878,0.006329489406198263,0.012939970474690199,2408448,2359296,4767744,435.6491050806568,78.79533469898301,119.40531989278217
eager,mha96,32,32,96,128,2048,bf16,ragged,packed,identity,1234,pass,q_maxdiff=0.00e+00 k_maxdiff=0.00e+00 cases=5,ragged[0]|ragged[1]|uniform|permuted-requests|strided-qkv,0.09481599926948547,0.10675200074911118,0.08463999629020691,0.005663334920695049,0.08053392986766994,0.09820406557992101,2408448,2359296,4767744,50.284171835273774,9.094838262293711,13.78218743826609
compile,mha96,32,32,96,128,2048,bf16,ragged,packed,identity,1234,pass,q_maxdiff=7.81e-03 k_maxdiff=7.81e-03 cases=5,ragged[0]|ragged[1]|uniform|permuted-requests|strided-qkv,0.027023999951779842,0.032735999673604965,0.02521600015461445,0.00257086610751744,0.019293150398880243,0.025012006517499685,2408448,2359296,4767744,176.42628805903283,31.910012565587436,48.35597529641363
graph_eager,mha96,32,32,96,128,2048,bf16,ragged,packed,identity,1234,pass,q_maxdiff=0.00e+00 k_maxdiff=0.00e+00 cases=5,ragged[0]|ragged[1]|uniform|permuted-requests|strided-qkv,0.052271999418735504,0.054016001522541046,0.05142400041222572,0.0009332527995905046,0.05141361034475267,0.05553994560614228,2408448,2359296,4767744,91.21028567908824,16.49709572281346,24.99946220940177
graph_compile,mha96,32,32,96,128,2048,bf16,ragged,packed,identity,1234,pass,q_maxdiff=7.81e-03 k_maxdiff=7.81e-03 cases=5,ragged[0]|ragged[1]|uniform|permuted-requests|strided-qkv,0.010975999757647514,0.012160000391304493,0.006432000081986189,0.0010665370360005315,0.006341609405353665,0.013009470421820879,2408448,2359296,4767744,434.3790183375396,78.56561562265865,119.05720689981409
eager,mha96,32,32,96,128,2048,fp16,uniform,packed,identity,1234,pass,q_maxdiff=0.00e+00 k_maxdiff=0.00e+00 cases=4,uniform[0]|uniform[1]|permuted-requests|strided-qkv,0.09569599851965904,0.10316800326108932,0.08326400071382523,0.0044564275478105675,0.07993520004674792,0.0960909528657794,2408448,2359296,4767744,49.82176970566383,9.011204139915813,13.655449488936537
compile,mha96,32,32,96,128,2048,fp16,uniform,packed,identity,1234,pass,q_maxdiff=9.77e-04 k_maxdiff=1.95e-03 cases=4,uniform[0]|uniform[1]|permuted-requests|strided-qkv,0.026736000552773476,0.03302399814128876,0.023584000766277313,0.003018906785275084,0.019447440281510353,0.024696520995348692,2408448,2359296,4767744,178.326746761883,32.253746267381565,48.87686441729185
graph_eager,mha96,32,32,96,128,2048,fp16,uniform,packed,identity,1234,pass,q_maxdiff=0.00e+00 k_maxdiff=0.00e+00 cases=4,uniform[0]|uniform[1]|permuted-requests|strided-qkv,0.05215999856591225,0.05392000079154968,0.051072001457214355,0.0007988040212603685,0.051313230069354177,0.055799493566155434,2408448,2359296,4767744,91.40613748244675,16.532519205191957,25.05314244645235
graph_compile,mha96,32,32,96,128,2048,fp16,uniform,packed,identity,1234,pass,q_maxdiff=9.77e-04 k_maxdiff=1.95e-03 cases=4,uniform[0]|uniform[1]|permuted-requests|strided-qkv,0.010912000201642513,0.01244799979031086,0.006943999789655209,0.0010894249210056585,0.006341119296848774,0.013255048543214798,2408448,2359296,4767744,436.92667814305406,79.02640781695798,119.75548478104403
eager,mha96,32,32,96,128,2048,fp16,ragged,packed,identity,1234,pass,q_maxdiff=0.00e+00 k_maxdiff=0.00e+00 cases=5,ragged[0]|ragged[1]|uniform|permuted-requests|strided-qkv,0.09670399874448776,0.10496000200510025,0.08579199761152267,0.006983046801880369,0.07994513027369976,0.09663152741268277,2408448,2359296,4767744,49.30244934955978,8.917275285711836,13.51311105067449
compile,mha96,32,32,96,128,2048,fp16,ragged,packed,identity,1234,pass,q_maxdiff=1.95e-03 k_maxdiff=9.77e-04 cases=5,ragged[0]|ragged[1]|uniform|permuted-requests|strided-qkv,0.027327999472618103,0.03308799862861633,0.025312000885605812,0.003002026404055631,0.019199070520699024,0.024806067813187838,2408448,2359296,4767744,174.46370360103185,31.5550422524622,47.818058375912166
graph_eager,mha96,32,32,96,128,2048,fp16,ragged,packed,identity,1234,pass,q_maxdiff=0.00e+00 k_maxdiff=0.00e+00 cases=5,ragged[0]|ragged[1]|uniform|permuted-requests|strided-qkv,0.052271999418735504,0.05395200103521347,0.05145600065588951,0.0008221040153841806,0.051355300238355994,0.056235468946397305,2408448,2359296,4767744,91.21028567908824,16.49709572281346,24.99946220940177
graph_compile,mha96,32,32,96,128,2048,fp16,ragged,packed,identity,1234,pass,q_maxdiff=1.95e-03 k_maxdiff=9.77e-04 cases=5,ragged[0]|ragged[1]|uniform|permuted-requests|strided-qkv,0.01104000024497509,0.011935999616980553,0.01017600018531084,0.0010074524577287837,0.006391319911926985,0.012162956409156322,2408448,2359296,4767744,431.86085998232306,78.11015932053313,118.3670149530416
skipped,mha96,32,32,96,128,2048,fp32,uniform,packed,identity,1234,not-run,peak cache 12.9GB > budget,,,,,,,,,,,,,
skipped,mha96,32,32,96,128,2048,fp32,ragged,packed,identity,1234,not-run,peak cache 12.9GB > budget,,,,,,,,,,,,,
